RunId,iteration,Step,data_type,prob_new_patient,isolation_factor,cleaningDay,hcw_wash_rate,isolation_time,height,width,prob_transmission,HCW_related_infecs
11,0,1477440,A,0.003,0.75,180,0.9,14,11,32,0.07,"[0, 0, 0, 0, 0, 0, 0, 0, 6, 3, 2, 7, 1, 1, 7, 8, 7, 9, 1]"
44,1,1477440,A,0.003,0.75,180,0.9,14,11,32,0.085,"[0, 0, 0, 0, 0, 0, 0, 0, 0, 0, 0, 0, 0, 0, 0, 0, 0, 0, 0]"
4,0,1477440,A,0.003,0.75,180,0.9,14,11,32,0.03,"[0, 0, 0, 0, 0, 0, 0, 0, 0, 0, 0, 0, 0, 0, 0, 0, 0, 0, 0]"
14,0,1477440,A,0.003,0.75,180,0.9,14,11,32,0.085,"[0, 0, 0, 0, 0, 0, 0, 0, 0, 0, 0, 0, 0, 0, 0, 0, 0, 0, 0]"
20,0,1477440,A,0.003,0.75,180,0.9,14,11,32,0.115,"[0, 0, 0, 0, 0, 0, 0, 0, 0, 0, 0, 0, 0, 0, 0, 0, 0, 0, 0]"
5,0,1477440,A,0.003,0.75,180,0.9,14,11,32,0.035,"[0, 0, 0, 0, 1, 0, 0, 0, 0, 0, 0, 0, 0, 0, 0, 0, 0, 0, 0]"
3,0,1477440,A,0.003,0.75,180,0.9,14,11,32,0.025,"[0, 0, 0, 0, 0, 0, 0, 0, 0, 0, 0, 0, 0, 0, 0, 0, 0, 0, 0]"
18,0,1477440,A,0.003,0.75,180,0.9,14,11,32,0.105,"[0, 0, 0, 0, 0, 0, 0, 0, 4, 9, 15, 16, 0, 0, 0, 0, 0, 0, 0]"
16,0,1477440,A,0.003,0.75,180,0.9,14,11,32,0.095,"[0, 0, 0, 0, 0, 0, 0, 0, 0, 0, 0, 0, 0, 0, 0, 0, 9, 19, 2]"
31,1,1477440,A,0.003,0.75,180,0.9,14,11,32,0.015,"[0, 0, 0, 0, 0, 0, 0, 0, 0, 0, 0, 0, 0, 0, 0, 0, 0, 0, 0]"
42,1,1477440,A,0.003,0.75,180,0.9,14,11,32,0.075,"[0, 0, 0, 0, 0, 0, 0, 0, 0, 0, 0, 0, 0, 0, 0, 0, 0, 0, 0]"
13,0,1477440,A,0.003,0.75,180,0.9,14,11,32,0.08,"[0, 0, 0, 0, 0, 0, 0, 0, 0, 0, 0, 0, 0, 0, 0, 0, 0, 0, 0]"
17,0,1477440,A,0.003,0.75,180,0.9,14,11,32,0.1,"[0, 0, 0, 0, 0, 0, 0, 0, 0, 0, 0, 0, 0, 0, 0, 0, 0, 0, 0]"
45,1,1477440,A,0.003,0.75,180,0.9,14,11,32,0.09,"[0, 0, 0, 0, 0, 0, 0, 0, 0, 0, 5, 8, 0, 0, 0, 0, 0, 0, 0]"
40,1,1477440,A,0.003,0.75,180,0.9,14,11,32,0.065,"[0, 0, 0, 0, 0, 0, 0, 0, 0, 0, 0, 0, 0, 0, 0, 0, 0, 0, 0]"
30,1,1477440,A,0.003,0.75,180,0.9,14,11,32,0.01,"[0, 0, 0, 0, 0, 0, 0, 0, 0, 0, 0, 0, 0, 0, 0, 0, 0, 0, 0]"
34,1,1477440,A,0.003,0.75,180,0.9,14,11,32,0.03,"[0, 0, 0, 0, 0, 0, 0, 0, 0, 0, 0, 0, 0, 0, 0, 0, 0, 0, 0]"
33,1,1477440,A,0.003,0.75,180,0.9,14,11,32,0.025,"[0, 0, 0, 0, 0, 0, 0, 0, 0, 0, 0, 0, 0, 0, 0, 0, 0, 0, 0]"
47,1,1477440,A,0.003,0.75,180,0.9,14,11,32,0.1,"[0, 0, 0, 0, 0, 0, 0, 0, 1, 4, 4, 1, 0, 0, 0, 0, 0, 0, 0]"
36,1,1477440,A,0.003,0.75,180,0.9,14,11,32,0.045,"[0, 0, 0, 0, 0, 0, 0, 0, 0, 0, 0, 0, 0, 0, 0, 0, 0, 0, 0]"
39,1,1477440,A,0.003,0.75,180,0.9,14,11,32,0.06,"[0, 0, 0, 0, 0, 0, 0, 0, 0, 0, 0, 0, 0, 0, 0, 0, 0, 0, 0]"
7,0,1477440,A,0.003,0.75,180,0.9,14,11,32,0.05,"[0, 0, 0, 0, 0, 0, 0, 0, 0, 0, 0, 0, 0, 0, 0, 0, 0, 0, 0]"
46,1,1477440,A,0.003,0.75,180,0.9,14,11,32,0.095,"[0, 0, 0, 0, 0, 0, 0, 0, 0, 0, 0, 0, 0, 0, 0, 0, 0, 0, 0]"
26,0,1477440,A,0.003,0.75,180,0.9,14,11,32,0.145,"[0, 0, 0, 0, 0, 0, 0, 0, 0, 0, 0, 0, 0, 0, 0, 0, 0, 0, 0]"
9,0,1477440,A,0.003,0.75,180,0.9,14,11,32,0.06,"[0, 0, 0, 0, 0, 0, 0, 0, 0, 0, 0, 0, 0, 0, 0, 0, 0, 0, 0]"
0,0,1477440,A,0.003,0.75,180,0.9,14,11,32,0.01,"[0, 0, 0, 0, 0, 0, 0, 0, 0, 0, 0, 0, 0, 0, 0, 0, 0, 0, 0]"
38,1,1477440,A,0.003,0.75,180,0.9,14,11,32,0.055,"[0, 0, 0, 0, 0, 0, 0, 0, 0, 2, 0, 3, 0, 0, 0, 0, 0, 0, 0]"
32,1,1477440,A,0.003,0.75,180,0.9,14,11,32,0.02,"[0, 0, 0, 0, 0, 0, 0, 0, 0, 0, 0, 0, 0, 0, 0, 0, 0, 0, 0]"
29,0,1477440,A,0.003,0.75,180,0.9,14,11,32,0.16,"[0, 0, 0, 0, 0, 0, 0, 0, 2, 0, 14, 63, 52, 71, 74, 71, 68, 70, 47]"
35,1,1477440,A,0.003,0.75,180,0.9,14,11,32,0.035,"[0, 0, 0, 0, 0, 0, 0, 0, 0, 0, 1, 0, 0, 0, 0, 0, 0, 0, 0]"
15,0,1477440,A,0.003,0.75,180,0.9,14,11,32,0.09,"[0, 0, 0, 0, 2, 3, 8, 10, 16, 13, 25, 27, 5, 3, 12, 7, 13, 20, 8]"
41,1,1477440,A,0.003,0.75,180,0.9,14,11,32,0.07,"[0, 0, 0, 0, 0, 0, 0, 0, 0, 0, 0, 0, 0, 0, 0, 0, 0, 0, 0]"
37,1,1477440,A,0.003,0.75,180,0.9,14,11,32,0.05,"[0, 0, 0, 0, 0, 0, 0, 0, 0, 0, 0, 0, 0, 0, 0, 0, 0, 0, 0]"
1,0,1477440,A,0.003,0.75,180,0.9,14,11,32,0.015,"[0, 0, 0, 0, 0, 0, 0, 0, 0, 0, 0, 0, 0, 0, 0, 0, 0, 0, 0]"
8,0,1477440,A,0.003,0.75,180,0.9,14,11,32,0.055,"[0, 0, 0, 0, 0, 0, 0, 0, 0, 0, 0, 0, 0, 0, 0, 0, 0, 0, 0]"
2,0,1477440,A,0.003,0.75,180,0.9,14,11,32,0.02,"[0, 0, 0, 0, 0, 0, 0, 0, 0, 0, 0, 0, 0, 0, 0, 0, 0, 0, 0]"
49,1,1477440,A,0.003,0.75,180,0.9,14,11,32,0.11,"[0, 0, 0, 0, 0, 0, 0, 0, 2, 9, 14, 12, 0, 0, 0, 0, 0, 0, 0]"
27,0,1477440,A,0.003,0.75,180,0.9,14,11,32,0.15,"[0, 0, 0, 0, 1, 0, 0, 0, 0, 0, 7, 51, 27, 54, 69, 69, 57, 64, 51]"
43,1,1477440,A,0.003,0.75,180,0.9,14,11,32,0.08,"[0, 0, 0, 0, 0, 0, 0, 0, 0, 0, 6, 6, 0, 0, 0, 0, 0, 0, 0]"
19,0,1477440,A,0.003,0.75,180,0.9,14,11,32,0.11,"[0, 0, 0, 0, 0, 0, 0, 0, 0, 0, 0, 0, 0, 0, 0, 0, 0, 0, 0]"
21,0,1477440,A,0.003,0.75,180,0.9,14,11,32,0.12,"[0, 0, 0, 0, 0, 0, 0, 0, 0, 0, 0, 0, 0, 0, 0, 0, 0, 0, 0]"
6,0,1477440,A,0.003,0.75,180,0.9,14,11,32,0.045,"[0, 0, 0, 0, 0, 0, 0, 0, 0, 0, 0, 0, 0, 0, 0, 0, 0, 0, 0]"
10,0,1477440,A,0.003,0.75,180,0.9,14,11,32,0.065,"[0, 0, 0, 0, 0, 0, 0, 0, 1, 3, 5, 4, 0, 0, 4, 3, 1, 6, 0]"
12,0,1477440,A,0.003,0.75,180,0.9,14,11,32,0.075,"[0, 0, 3, 4, 7, 6, 4, 3, 9, 5, 7, 12, 0, 0, 0, 0, 0, 0, 0]"
23,0,1477440,A,0.003,0.75,180,0.9,14,11,32,0.13,"[0, 0, 0, 0, 9, 10, 1, 10, 42, 56, 38, 56, 26, 43, 50, 60, 65, 63, 52]"
48,1,1477440,A,0.003,0.75,180,0.9,14,11,32,0.105,"[0, 0, 2, 6, 11, 22, 8, 25, 39, 49, 29, 50, 20, 42, 36, 51, 45, 46, 22]"
22,0,1477440,A,0.003,0.75,180,0.9,14,11,32,0.125,"[0, 0, 0, 0, 5, 13, 5, 18, 37, 42, 55, 60, 21, 23, 50, 41, 50, 57, 10]"
24,0,1477440,A,0.003,0.75,180,0.9,14,11,32,0.135,"[0, 0, 8, 47, 49, 59, 38, 54, 51, 56, 52, 60, 32, 59, 54, 58, 62, 67, 30]"
28,0,1477440,A,0.003,0.75,180,0.9,14,11,32,0.155,"[0, 0, 9, 13, 42, 66, 61, 62, 57, 64, 60, 66, 50, 55, 68, 73, 63, 65, 49]"
25,0,1477440,A,0.003,0.75,180,0.9,14,11,32,0.14,"[0, 0, 17, 56, 53, 55, 42, 67, 58, 70, 57, 66, 43, 52, 53, 54, 56, 61, 29]"
66,2,1477440,A,0.003,0.75,180,0.9,14,11,32,0.045,"[0, 0, 0, 0, 0, 0, 0, 0, 0, 0, 0, 0, 0, 0, 0, 0, 0, 0, 0]"
65,2,1477440,A,0.003,0.75,180,0.9,14,11,32,0.035,"[0, 0, 0, 0, 0, 0, 0, 0, 0, 0, 0, 0, 0, 0, 0, 0, 0, 0, 0]"
59,1,1477440,A,0.003,0.75,180,0.9,14,11,32,0.16,"[0, 0, 0, 0, 0, 0, 0, 0, 0, 0, 0, 0, 0, 0, 0, 0, 18, 51, 54]"
50,1,1477440,A,0.003,0.75,180,0.9,14,11,32,0.115,"[0, 0, 0, 0, 0, 0, 0, 0, 0, 0, 0, 0, 0, 0, 0, 0, 0, 0, 0]"
71,2,1477440,A,0.003,0.75,180,0.9,14,11,32,0.07,"[0, 0, 0, 0, 0, 0, 0, 0, 0, 0, 0, 0, 0, 0, 0, 0, 0, 0, 0]"
60,2,1477440,A,0.003,0.75,180,0.9,14,11,32,0.01,"[0, 0, 0, 0, 0, 0, 0, 0, 0, 0, 0, 0, 0, 0, 0, 0, 0, 0, 0]"
57,1,1477440,A,0.003,0.75,180,0.9,14,11,32,0.15,"[0, 0, 0, 0, 0, 0, 0, 0, 0, 0, 0, 0, 0, 0, 0, 0, 0, 0, 0]"
61,2,1477440,A,0.003,0.75,180,0.9,14,11,32,0.015,"[0, 0, 0, 0, 0, 0, 0, 0, 0, 0, 0, 0, 0, 0, 0, 0, 0, 0, 0]"
62,2,1477440,A,0.003,0.75,180,0.9,14,11,32,0.02,"[0, 0, 0, 0, 0, 0, 0, 0, 0, 0, 0, 0, 0, 0, 0, 0, 0, 0, 0]"
53,1,1477440,A,0.003,0.75,180,0.9,14,11,32,0.13,"[0, 0, 0, 0, 0, 0, 0, 0, 4, 20, 18, 35, 29, 49, 60, 66, 51, 65, 31]"
80,2,1477440,A,0.003,0.75,180,0.9,14,11,32,0.115,"[0, 0, 0, 0, 6, 9, 0, 0, 0, 0, 12, 9, 1, 0, 0, 0, 0, 0, 0]"
51,1,1477440,A,0.003,0.75,180,0.9,14,11,32,0.12,"[0, 0, 0, 0, 0, 0, 0, 0, 0, 0, 0, 0, 0, 0, 0, 0, 2, 7, 0]"
74,2,1477440,A,0.003,0.75,180,0.9,14,11,32,0.085,"[0, 0, 0, 0, 1, 0, 0, 0, 0, 0, 0, 0, 0, 0, 0, 0, 0, 0, 0]"
54,1,1477440,A,0.003,0.75,180,0.9,14,11,32,0.135,"[0, 0, 0, 0, 3, 33, 4, 0, 0, 0, 24, 49, 22, 36, 45, 55, 52, 63, 49]"
76,2,1477440,A,0.003,0.75,180,0.9,14,11,32,0.095,"[0, 0, 0, 0, 0, 0, 0, 0, 0, 0, 0, 0, 0, 0, 0, 0, 0, 0, 0]"
63,2,1477440,A,0.003,0.75,180,0.9,14,11,32,0.025,"[0, 0, 0, 0, 0, 0, 0, 0, 0, 0, 0, 0, 0, 0, 0, 0, 0, 0, 0]"
67,2,1477440,A,0.003,0.75,180,0.9,14,11,32,0.05,"[0, 0, 0, 0, 0, 0, 0, 0, 0, 0, 1, 0, 0, 0, 0, 0, 0, 0, 0]"
73,2,1477440,A,0.003,0.75,180,0.9,14,11,32,0.08,"[0, 0, 0, 0, 0, 0, 0, 0, 0, 0, 0, 0, 0, 0, 0, 0, 0, 0, 0]"
56,1,1477440,A,0.003,0.75,180,0.9,14,11,32,0.145,"[0, 0, 0, 0, 0, 0, 0, 0, 0, 0, 11, 7, 9, 27, 44, 60, 56, 62, 30]"
70,2,1477440,A,0.003,0.75,180,0.9,14,11,32,0.065,"[0, 0, 0, 0, 0, 0, 0, 0, 0, 0, 3, 3, 0, 0, 0, 0, 0, 0, 0]"
85,2,1477440,A,0.003,0.75,180,0.9,14,11,32,0.14,"[0, 0, 0, 0, 0, 0, 0, 0, 0, 0, 0, 0, 0, 0, 0, 0, 0, 0, 0]"
92,3,1477440,A,0.003,0.75,180,0.9,14,11,32,0.02,"[0, 0, 0, 0, 0, 0, 0, 0, 0, 0, 0, 0, 0, 0, 0, 0, 0, 0, 0]"
86,2,1477440,A,0.003,0.75,180,0.9,14,11,32,0.145,"[0, 0, 0, 0, 0, 0, 0, 0, 1, 0, 0, 0, 0, 0, 0, 0, 0, 0, 0]"
82,2,1477440,A,0.003,0.75,180,0.9,14,11,32,0.125,"[0, 0, 0, 0, 0, 0, 0, 0, 0, 0, 0, 0, 0, 0, 0, 0, 0, 0, 0]"
64,2,1477440,A,0.003,0.75,180,0.9,14,11,32,0.03,"[0, 0, 0, 0, 0, 0, 0, 0, 0, 0, 0, 0, 0, 0, 0, 0, 0, 0, 0]"
88,2,1477440,A,0.003,0.75,180,0.9,14,11,32,0.155,"[0, 0, 0, 0, 0, 0, 0, 0, 0, 0, 0, 0, 0, 0, 0, 0, 29, 64, 57]"
93,3,1477440,A,0.003,0.75,180,0.9,14,11,32,0.025,"[0, 0, 0, 0, 0, 0, 0, 0, 0, 0, 0, 0, 0, 0, 0, 0, 0, 0, 0]"
77,2,1477440,A,0.003,0.75,180,0.9,14,11,32,0.1,"[0, 0, 0, 0, 0, 0, 0, 0, 0, 0, 0, 0, 0, 0, 0, 0, 0, 0, 0]"
94,3,1477440,A,0.003,0.75,180,0.9,14,11,32,0.03,"[0, 0, 0, 0, 0, 0, 0, 0, 0, 0, 0, 0, 0, 0, 0, 0, 0, 0, 0]"
68,2,1477440,A,0.003,0.75,180,0.9,14,11,32,0.055,"[0, 0, 0, 0, 0, 0, 0, 0, 1, 1, 2, 2, 1, 1, 2, 3, 6, 3, 0]"
95,3,1477440,A,0.003,0.75,180,0.9,14,11,32,0.035,"[0, 0, 0, 0, 0, 0, 0, 0, 0, 0, 0, 0, 0, 0, 0, 0, 0, 0, 0]"
91,3,1477440,A,0.003,0.75,180,0.9,14,11,32,0.015,"[0, 0, 0, 0, 0, 0, 0, 0, 0, 0, 0, 0, 0, 0, 0, 0, 0, 0, 0]"
72,2,1477440,A,0.003,0.75,180,0.9,14,11,32,0.075,"[0, 0, 1, 0, 0, 0, 0, 0, 0, 0, 0, 0, 0, 0, 0, 0, 0, 0, 0]"
69,2,1477440,A,0.003,0.75,180,0.9,14,11,32,0.06,"[0, 0, 0, 0, 0, 0, 0, 0, 1, 6, 9, 7, 0, 0, 0, 0, 0, 0, 0]"
52,1,1477440,A,0.003,0.75,180,0.9,14,11,32,0.125,"[0, 0, 13, 23, 32, 30, 20, 37, 48, 58, 51, 52, 41, 48, 47, 62, 52, 57, 31]"
90,3,1477440,A,0.003,0.75,180,0.9,14,11,32,0.01,"[0, 0, 0, 0, 0, 0, 0, 0, 0, 0, 0, 0, 0, 0, 0, 0, 0, 0, 0]"
75,2,1477440,A,0.003,0.75,180,0.9,14,11,32,0.09,"[0, 0, 0, 0, 0, 0, 0, 0, 8, 12, 13, 19, 2, 20, 34, 35, 24, 32, 15]"
96,3,1477440,A,0.003,0.75,180,0.9,14,11,32,0.045,"[0, 0, 0, 0, 0, 0, 0, 0, 0, 0, 0, 0, 0, 0, 0, 0, 0, 0, 0]"
98,3,1477440,A,0.003,0.75,180,0.9,14,11,32,0.055,"[0, 0, 0, 0, 0, 0, 0, 0, 0, 0, 0, 0, 0, 0, 0, 0, 0, 0, 0]"
97,3,1477440,A,0.003,0.75,180,0.9,14,11,32,0.05,"[0, 0, 0, 0, 0, 0, 0, 0, 0, 0, 1, 0, 0, 0, 0, 0, 0, 0, 0]"
58,1,1477440,A,0.003,0.75,180,0.9,14,11,32,0.155,"[0, 0, 11, 16, 46, 54, 37, 66, 57, 76, 62, 58, 46, 64, 55, 64, 69, 67, 56]"
78,2,1477440,A,0.003,0.75,180,0.9,14,11,32,0.105,"[0, 0, 0, 0, 0, 0, 0, 0, 7, 8, 15, 14, 2, 9, 15, 33, 36, 52, 5]"
84,2,1477440,A,0.003,0.75,180,0.9,14,11,32,0.135,"[0, 0, 0, 0, 5, 32, 21, 44, 65, 62, 52, 61, 19, 45, 45, 62, 61, 56, 15]"
55,1,1477440,A,0.003,0.75,180,0.9,14,11,32,0.14,"[0, 0, 6, 17, 49, 58, 29, 57, 56, 56, 57, 67, 26, 54, 59, 65, 63, 65, 25]"
87,2,1477440,A,0.003,0.75,180,0.9,14,11,32,0.15,"[0, 0, 0, 0, 0, 0, 0, 0, 14, 33, 58, 69, 58, 59, 59, 64, 67, 59, 31]"
79,2,1477440,A,0.003,0.75,180,0.9,14,11,32,0.11,"[0, 0, 0, 0, 0, 0, 0, 0, 12, 29, 39, 60, 28, 40, 53, 36, 46, 59, 13]"
89,2,1477440,A,0.003,0.75,180,0.9,14,11,32,0.16,"[0, 0, 62, 64, 70, 63, 50, 54, 63, 56, 62, 71, 53, 69, 58, 69, 65, 61, 48]"
81,2,1477440,A,0.003,0.75,180,0.9,14,11,32,0.12,"[0, 0, 0, 0, 0, 0, 0, 0, 10, 30, 49, 51, 26, 49, 42, 47, 57, 47, 7]"
83,2,1477440,A,0.003,0.75,180,0.9,14,11,32,0.13,"[0, 0, 0, 0, 3, 12, 43, 56, 58, 58, 63, 56, 38, 66, 51, 47, 63, 58, 31]"
99,3,1477440,A,0.003,0.75,180,0.9,14,11,32,0.06,"[0, 0, 0, 0, 0, 0, 0, 0, 0, 0, 0, 0, 0, 0, 0, 0, 0, 0, 0]"
100,3,1477440,A,0.003,0.75,180,0.9,14,11,32,0.065,"[0, 0, 0, 1, 3, 6, 0, 0, 0, 0, 0, 0, 0, 0, 0, 0, 0, 0, 0]"
109,3,1477440,A,0.003,0.75,180,0.9,14,11,32,0.11,"[0, 0, 0, 0, 0, 0, 0, 0, 0, 0, 5, 11, 8, 12, 18, 41, 42, 43, 3]"
102,3,1477440,A,0.003,0.75,180,0.9,14,11,32,0.075,"[0, 0, 0, 0, 0, 0, 0, 0, 0, 0, 0, 0, 0, 0, 0, 0, 0, 0, 0]"
101,3,1477440,A,0.003,0.75,180,0.9,14,11,32,0.07,"[0, 0, 0, 0, 0, 0, 0, 0, 0, 0, 0, 0, 0, 0, 0, 0, 0, 0, 0]"
110,3,1477440,A,0.003,0.75,180,0.9,14,11,32,0.115,"[0, 0, 0, 0, 0, 0, 0, 0, 0, 0, 1, 0, 0, 0, 0, 0, 0, 0, 0]"
103,3,1477440,A,0.003,0.75,180,0.9,14,11,32,0.08,"[0, 0, 0, 0, 0, 0, 0, 0, 0, 0, 0, 0, 0, 0, 0, 0, 0, 0, 0]"
108,3,1477440,A,0.003,0.75,180,0.9,14,11,32,0.105,"[0, 0, 0, 0, 0, 0, 0, 0, 0, 0, 5, 12, 1, 6, 9, 19, 29, 27, 6]"
107,3,1477440,A,0.003,0.75,180,0.9,14,11,32,0.1,"[0, 0, 0, 0, 0, 0, 0, 0, 0, 0, 0, 0, 0, 0, 0, 0, 0, 0, 0]"
105,3,1477440,A,0.003,0.75,180,0.9,14,11,32,0.09,"[0, 0, 0, 0, 0, 0, 0, 0, 0, 0, 0, 0, 0, 0, 0, 0, 0, 0, 0]"
115,3,1477440,A,0.003,0.75,180,0.9,14,11,32,0.14,"[0, 0, 0, 0, 2, 2, 0, 0, 0, 0, 4, 13, 0, 0, 0, 0, 0, 0, 0]"
130,4,1477440,A,0.003,0.75,180,0.9,14,11,32,0.065,"[0, 0, 0, 0, 0, 0, 0, 0, 0, 0, 0, 0, 0, 0, 0, 0, 0, 0, 0]"
124,4,1477440,A,0.003,0.75,180,0.9,14,11,32,0.03,"[0, 0, 0, 0, 0, 0, 0, 0, 0, 0, 0, 0, 0, 0, 0, 0, 0, 0, 0]"
116,3,1477440,A,0.003,0.75,180,0.9,14,11,32,0.145,"[0, 0, 0, 0, 0, 0, 0, 0, 0, 0, 0, 0, 0, 0, 0, 0, 0, 0, 0]"
106,3,1477440,A,0.003,0.75,180,0.9,14,11,32,0.095,"[0, 0, 0, 0, 0, 0, 0, 0, 0, 0, 0, 0, 0, 0, 0, 0, 0, 0, 0]"
104,3,1477440,A,0.003,0.75,180,0.9,14,11,32,0.085,"[0, 0, 0, 0, 0, 0, 0, 0, 5, 9, 13, 24, 3, 5, 6, 8, 21, 19, 11]"
111,3,1477440,A,0.003,0.75,180,0.9,14,11,32,0.12,"[0, 0, 0, 0, 0, 0, 0, 0, 0, 0, 0, 0, 0, 0, 0, 0, 0, 0, 0]"
114,3,1477440,A,0.003,0.75,180,0.9,14,11,32,0.135,"[0, 0, 0, 0, 0, 0, 0, 0, 19, 43, 59, 55, 12, 37, 46, 55, 60, 57, 31]"
121,4,1477440,A,0.003,0.75,180,0.9,14,11,32,0.015,"[0, 0, 0, 0, 0, 0, 0, 0, 0, 0, 0, 0, 0, 0, 0, 0, 0, 0, 0]"
123,4,1477440,A,0.003,0.75,180,0.9,14,11,32,0.025,"[0, 0, 0, 0, 0, 0, 0, 0, 0, 0, 0, 0, 0, 0, 0, 0, 0, 0, 0]"
125,4,1477440,A,0.003,0.75,180,0.9,14,11,32,0.035,"[0, 0, 0, 0, 0, 0, 0, 0, 0, 0, 0, 0, 0, 0, 0, 0, 0, 0, 0]"
122,4,1477440,A,0.003,0.75,180,0.9,14,11,32,0.02,"[0, 0, 0, 0, 0, 0, 0, 0, 0, 0, 0, 0, 0, 0, 0, 0, 0, 0, 0]"
113,3,1477440,A,0.003,0.75,180,0.9,14,11,32,0.13,"[0, 0, 0, 0, 0, 0, 0, 0, 1, 0, 0, 0, 0, 0, 0, 0, 0, 0, 0]"
127,4,1477440,A,0.003,0.75,180,0.9,14,11,32,0.05,"[0, 0, 0, 0, 0, 0, 0, 0, 0, 0, 0, 3, 0, 0, 0, 0, 0, 0, 0]"
117,3,1477440,A,0.003,0.75,180,0.9,14,11,32,0.15,"[0, 0, 0, 0, 0, 0, 0, 0, 9, 16, 60, 61, 0, 0, 0, 0, 0, 0, 0]"
131,4,1477440,A,0.003,0.75,180,0.9,14,11,32,0.07,"[0, 0, 0, 0, 0, 0, 0, 0, 0, 0, 0, 0, 0, 0, 0, 0, 0, 0, 0]"
134,4,1477440,A,0.003,0.75,180,0.9,14,11,32,0.085,"[0, 0, 0, 0, 0, 0, 0, 0, 0, 0, 0, 0, 0, 0, 0, 0, 0, 0, 0]"
129,4,1477440,A,0.003,0.75,180,0.9,14,11,32,0.06,"[0, 0, 0, 0, 0, 0, 0, 0, 0, 0, 0, 0, 0, 0, 0, 0, 0, 0, 0]"
119,3,1477440,A,0.003,0.75,180,0.9,14,11,32,0.16,"[0, 0, 0, 0, 0, 0, 0, 0, 0, 0, 0, 0, 0, 0, 0, 0, 0, 0, 0]"
120,4,1477440,A,0.003,0.75,180,0.9,14,11,32,0.01,"[0, 0, 0, 0, 0, 0, 0, 0, 0, 0, 0, 0, 0, 0, 0, 0, 0, 0, 0]"
128,4,1477440,A,0.003,0.75,180,0.9,14,11,32,0.055,"[0, 0, 0, 0, 1, 0, 0, 0, 0, 0, 0, 0, 0, 0, 0, 0, 0, 5, 0]"
133,4,1477440,A,0.003,0.75,180,0.9,14,11,32,0.08,"[0, 0, 0, 0, 0, 0, 0, 0, 0, 0, 0, 0, 0, 0, 0, 0, 0, 0, 0]"
126,4,1477440,A,0.003,0.75,180,0.9,14,11,32,0.045,"[0, 0, 0, 0, 0, 0, 0, 0, 0, 0, 0, 0, 0, 0, 0, 0, 0, 0, 0]"
132,4,1477440,A,0.003,0.75,180,0.9,14,11,32,0.075,"[0, 0, 0, 0, 0, 0, 0, 0, 0, 0, 0, 0, 0, 0, 0, 0, 0, 0, 0]"
137,4,1477440,A,0.003,0.75,180,0.9,14,11,32,0.1,"[0, 0, 0, 0, 0, 0, 0, 0, 11, 20, 22, 29, 16, 33, 36, 38, 39, 42, 25]"
138,4,1477440,A,0.003,0.75,180,0.9,14,11,32,0.105,"[0, 0, 0, 0, 0, 0, 0, 0, 0, 0, 0, 0, 0, 0, 0, 0, 0, 0, 0]"
143,4,1477440,A,0.003,0.75,180,0.9,14,11,32,0.13,"[0, 0, 0, 0, 0, 0, 0, 0, 0, 0, 0, 0, 0, 0, 0, 0, 0, 0, 0]"
135,4,1477440,A,0.003,0.75,180,0.9,14,11,32,0.09,"[0, 0, 2, 6, 8, 9, 2, 1, 8, 3, 6, 7, 7, 5, 9, 9, 22, 21, 4]"
145,4,1477440,A,0.003,0.75,180,0.9,14,11,32,0.14,"[0, 0, 0, 0, 0, 0, 0, 0, 0, 0, 0, 0, 0, 0, 0, 0, 0, 0, 0]"
112,3,1477440,A,0.003,0.75,180,0.9,14,11,32,0.125,"[0, 0, 11, 16, 27, 49, 19, 53, 54, 59, 55, 51, 24, 45, 54, 59, 66, 53, 29]"
118,3,1477440,A,0.003,0.75,180,0.9,14,11,32,0.155,"[0, 0, 0, 0, 0, 0, 0, 0, 16, 74, 63, 56, 54, 63, 66, 72, 57, 57, 51]"
136,4,1477440,A,0.003,0.75,180,0.9,14,11,32,0.095,"[0, 0, 2, 4, 4, 10, 0, 0, 0, 0, 0, 0, 0, 0, 0, 0, 3, 12, 0]"
147,4,1477440,A,0.003,0.75,180,0.9,14,11,32,0.15,"[0, 0, 0, 0, 0, 0, 0, 0, 0, 0, 39, 62, 40, 56, 60, 69, 61, 67, 32]"
140,4,1477440,A,0.003,0.75,180,0.9,14,11,32,0.115,"[0, 0, 0, 0, 0, 0, 0, 0, 0, 0, 18, 45, 29, 47, 49, 48, 52, 53, 17]"
139,4,1477440,A,0.003,0.75,180,0.9,14,11,32,0.11,"[0, 0, 4, 10, 17, 16, 4, 7, 8, 17, 26, 44, 33, 37, 35, 47, 43, 50, 4]"
141,4,1477440,A,0.003,0.75,180,0.9,14,11,32,0.12,"[0, 0, 0, 0, 0, 0, 0, 0, 0, 0, 2, 16, 1, 8, 22, 27, 33, 58, 34]"
146,4,1477440,A,0.003,0.75,180,0.9,14,11,32,0.145,"[0, 0, 0, 0, 0, 0, 0, 0, 0, 0, 10, 22, 0, 0, 0, 0, 0, 0, 0]"
144,4,1477440,A,0.003,0.75,180,0.9,14,11,32,0.135,"[0, 0, 0, 0, 0, 0, 0, 0, 0, 0, 0, 0, 0, 0, 0, 0, 0, 0, 0]"
148,4,1477440,A,0.003,0.75,180,0.9,14,11,32,0.155,"[0, 0, 0, 0, 0, 0, 0, 0, 5, 35, 60, 64, 62, 50, 51, 62, 62, 69, 39]"
142,4,1477440,A,0.003,0.75,180,0.9,14,11,32,0.125,"[0, 0, 0, 0, 10, 25, 18, 34, 41, 48, 56, 54, 40, 61, 52, 52, 59, 67, 30]"
149,4,1477440,A,0.003,0.75,180,0.9,14,11,32,0.16,"[0, 0, 22, 70, 63, 57, 54, 52, 72, 66, 58, 64, 49, 64, 61, 69, 70, 70, 53]"
150,5,1477440,A,0.003,0.75,180,0.9,14,11,32,0.01,"[0, 0, 0, 0, 0, 0, 0, 0, 0, 0, 0, 0, 0, 0, 0, 0, 0, 0, 0]"
151,5,1477440,A,0.003,0.75,180,0.9,14,11,32,0.015,"[0, 0, 0, 0, 0, 0, 0, 0, 0, 0, 0, 0, 0, 0, 0, 0, 0, 0, 0]"
152,5,1477440,A,0.003,0.75,180,0.9,14,11,32,0.02,"[0, 0, 0, 0, 0, 0, 0, 0, 0, 0, 0, 0, 0, 0, 0, 0, 0, 0, 0]"
153,5,1477440,A,0.003,0.75,180,0.9,14,11,32,0.025,"[0, 0, 0, 0, 0, 0, 0, 0, 0, 0, 0, 0, 0, 0, 0, 0, 0, 0, 0]"
156,5,1477440,A,0.003,0.75,180,0.9,14,11,32,0.045,"[0, 0, 0, 0, 0, 0, 0, 0, 0, 0, 0, 0, 0, 0, 0, 0, 0, 0, 0]"
157,5,1477440,A,0.003,0.75,180,0.9,14,11,32,0.05,"[0, 0, 0, 0, 0, 0, 0, 0, 0, 3, 3, 5, 0, 0, 0, 0, 0, 0, 0]"
160,5,1477440,A,0.003,0.75,180,0.9,14,11,32,0.065,"[0, 0, 0, 0, 0, 0, 0, 0, 2, 3, 2, 7, 0, 0, 0, 0, 0, 0, 0]"
154,5,1477440,A,0.003,0.75,180,0.9,14,11,32,0.03,"[0, 0, 0, 0, 0, 0, 0, 0, 0, 0, 0, 0, 0, 0, 0, 0, 0, 0, 0]"
155,5,1477440,A,0.003,0.75,180,0.9,14,11,32,0.035,"[0, 0, 0, 0, 0, 0, 0, 0, 0, 0, 0, 0, 0, 0, 0, 0, 0, 0, 0]"
158,5,1477440,A,0.003,0.75,180,0.9,14,11,32,0.055,"[0, 0, 0, 0, 0, 0, 0, 0, 0, 0, 0, 0, 0, 0, 0, 0, 0, 0, 0]"
166,5,1477440,A,0.003,0.75,180,0.9,14,11,32,0.095,"[0, 0, 0, 0, 0, 0, 0, 0, 0, 0, 5, 17, 0, 0, 0, 0, 0, 0, 0]"
161,5,1477440,A,0.003,0.75,180,0.9,14,11,32,0.07,"[0, 0, 0, 0, 0, 0, 0, 0, 0, 0, 0, 0, 0, 0, 0, 0, 0, 0, 0]"
162,5,1477440,A,0.003,0.75,180,0.9,14,11,32,0.075,"[0, 0, 0, 0, 0, 0, 0, 0, 0, 0, 0, 0, 0, 0, 0, 0, 1, 8, 1]"
159,5,1477440,A,0.003,0.75,180,0.9,14,11,32,0.06,"[0, 0, 0, 0, 0, 0, 0, 0, 0, 0, 0, 0, 0, 0, 0, 0, 0, 0, 0]"
163,5,1477440,A,0.003,0.75,180,0.9,14,11,32,0.08,"[0, 0, 0, 0, 0, 0, 0, 0, 0, 0, 0, 0, 0, 0, 0, 0, 0, 0, 0]"
167,5,1477440,A,0.003,0.75,180,0.9,14,11,32,0.1,"[0, 0, 0, 0, 0, 0, 0, 0, 0, 0, 0, 0, 0, 0, 0, 0, 0, 0, 0]"
165,5,1477440,A,0.003,0.75,180,0.9,14,11,32,0.09,"[0, 0, 13, 19, 19, 28, 0, 0, 4, 10, 18, 27, 16, 12, 18, 19, 27, 22, 3]"
170,5,1477440,A,0.003,0.75,180,0.9,14,11,32,0.115,"[0, 0, 0, 0, 0, 0, 0, 0, 0, 5, 10, 19, 0, 0, 0, 0, 0, 0, 0]"
174,5,1477440,A,0.003,0.75,180,0.9,14,11,32,0.135,"[0, 0, 0, 0, 0, 0, 0, 0, 0, 0, 0, 0, 0, 0, 0, 0, 0, 0, 0]"
164,5,1477440,A,0.003,0.75,180,0.9,14,11,32,0.085,"[0, 0, 0, 0, 0, 0, 0, 0, 0, 0, 0, 0, 0, 0, 0, 0, 0, 0, 0]"
172,5,1477440,A,0.003,0.75,180,0.9,14,11,32,0.125,"[0, 0, 0, 0, 0, 0, 0, 0, 0, 0, 1, 0, 0, 0, 0, 0, 0, 0, 0]"
169,5,1477440,A,0.003,0.75,180,0.9,14,11,32,0.11,"[0, 0, 0, 0, 0, 0, 0, 0, 0, 0, 0, 0, 0, 0, 0, 0, 0, 0, 0]"
180,6,1477440,A,0.003,0.75,180,0.9,14,11,32,0.01,"[0, 0, 0, 0, 0, 0, 0, 0, 0, 0, 0, 0, 0, 0, 0, 0, 0, 0, 0]"
181,6,1477440,A,0.003,0.75,180,0.9,14,11,32,0.015,"[0, 0, 0, 0, 0, 0, 0, 0, 0, 0, 0, 0, 0, 0, 0, 0, 0, 0, 0]"
184,6,1477440,A,0.003,0.75,180,0.9,14,11,32,0.03,"[0, 0, 0, 0, 0, 0, 0, 0, 0, 0, 0, 0, 0, 0, 0, 0, 0, 0, 0]"
182,6,1477440,A,0.003,0.75,180,0.9,14,11,32,0.02,"[0, 0, 0, 0, 0, 0, 0, 0, 0, 0, 0, 0, 0, 0, 0, 0, 0, 0, 0]"
188,6,1477440,A,0.003,0.75,180,0.9,14,11,32,0.055,"[0, 0, 0, 0, 0, 0, 0, 0, 0, 0, 0, 0, 0, 0, 0, 0, 0, 0, 0]"
183,6,1477440,A,0.003,0.75,180,0.9,14,11,32,0.025,"[0, 0, 0, 0, 0, 0, 0, 0, 0, 0, 0, 0, 0, 0, 0, 0, 0, 0, 0]"
171,5,1477440,A,0.003,0.75,180,0.9,14,11,32,0.12,"[0, 0, 0, 0, 0, 0, 0, 0, 0, 0, 15, 50, 34, 29, 51, 40, 50, 52, 9]"
176,5,1477440,A,0.003,0.75,180,0.9,14,11,32,0.145,"[0, 0, 0, 0, 0, 0, 0, 0, 8, 11, 11, 20, 0, 0, 0, 0, 14, 44, 11]"
185,6,1477440,A,0.003,0.75,180,0.9,14,11,32,0.035,"[0, 0, 0, 0, 0, 0, 0, 0, 0, 0, 0, 0, 0, 0, 0, 0, 0, 0, 0]"
168,5,1477440,A,0.003,0.75,180,0.9,14,11,32,0.105,"[0, 0, 0, 0, 0, 0, 0, 0, 0, 0, 13, 29, 23, 14, 25, 17, 37, 30, 3]"
177,5,1477440,A,0.003,0.75,180,0.9,14,11,32,0.15,"[0, 0, 0, 0, 0, 0, 0, 0, 0, 0, 0, 0, 0, 0, 0, 0, 0, 0, 0]"
190,6,1477440,A,0.003,0.75,180,0.9,14,11,32,0.065,"[0, 0, 0, 0, 0, 0, 0, 0, 0, 0, 0, 0, 0, 0, 0, 0, 0, 0, 0]"
178,5,1477440,A,0.003,0.75,180,0.9,14,11,32,0.155,"[0, 0, 0, 0, 0, 0, 0, 0, 0, 0, 40, 57, 52, 61, 53, 58, 62, 64, 49]"
186,6,1477440,A,0.003,0.75,180,0.9,14,11,32,0.045,"[0, 0, 0, 0, 0, 0, 0, 0, 1, 0, 0, 0, 0, 0, 0, 0, 0, 0, 0]"
189,6,1477440,A,0.003,0.75,180,0.9,14,11,32,0.06,"[0, 0, 1, 0, 0, 0, 0, 0, 0, 0, 0, 0, 0, 0, 0, 0, 0, 0, 0]"
187,6,1477440,A,0.003,0.75,180,0.9,14,11,32,0.05,"[0, 0, 1, 4, 5, 2, 0, 0, 0, 0, 0, 0, 0, 0, 0, 0, 3, 0, 0]"
175,5,1477440,A,0.003,0.75,180,0.9,14,11,32,0.14,"[0, 0, 0, 0, 14, 39, 35, 58, 61, 63, 57, 60, 8, 14, 24, 55, 56, 61, 37]"
194,6,1477440,A,0.003,0.75,180,0.9,14,11,32,0.085,"[0, 0, 0, 0, 0, 0, 0, 0, 0, 0, 0, 0, 0, 0, 0, 0, 0, 0, 0]"
195,6,1477440,A,0.003,0.75,180,0.9,14,11,32,0.09,"[0, 0, 0, 0, 0, 0, 0, 0, 0, 0, 10, 9, 0, 0, 0, 0, 0, 0, 0]"
191,6,1477440,A,0.003,0.75,180,0.9,14,11,32,0.07,"[0, 0, 0, 0, 0, 0, 0, 0, 0, 0, 1, 0, 0, 0, 0, 0, 0, 0, 0]"
173,5,1477440,A,0.003,0.75,180,0.9,14,11,32,0.13,"[0, 0, 0, 0, 18, 66, 49, 51, 54, 55, 40, 65, 29, 57, 45, 51, 54, 55, 27]"
192,6,1477440,A,0.003,0.75,180,0.9,14,11,32,0.075,"[0, 0, 0, 0, 0, 0, 0, 0, 1, 0, 1, 1, 0, 0, 0, 0, 0, 0, 0]"
179,5,1477440,A,0.003,0.75,180,0.9,14,11,32,0.16,"[0, 0, 0, 0, 13, 61, 45, 63, 60, 56, 62, 60, 61, 78, 55, 66, 67, 69, 45]"
193,6,1477440,A,0.003,0.75,180,0.9,14,11,32,0.08,"[0, 0, 0, 0, 0, 0, 0, 0, 0, 0, 0, 0, 0, 0, 0, 0, 0, 0, 0]"
198,6,1477440,A,0.003,0.75,180,0.9,14,11,32,0.105,"[0, 0, 0, 0, 0, 0, 0, 0, 0, 0, 0, 0, 0, 0, 0, 0, 0, 0, 0]"
196,6,1477440,A,0.003,0.75,180,0.9,14,11,32,0.095,"[0, 0, 0, 0, 0, 0, 0, 0, 0, 0, 0, 0, 0, 0, 0, 0, 0, 0, 0]"
197,6,1477440,A,0.003,0.75,180,0.9,14,11,32,0.1,"[0, 0, 0, 0, 0, 0, 0, 0, 1, 0, 0, 0, 0, 0, 0, 0, 0, 0, 0]"
199,6,1477440,A,0.003,0.75,180,0.9,14,11,32,0.11,"[0, 0, 10, 25, 31, 44, 17, 14, 31, 43, 31, 42, 13, 12, 10, 21, 37, 52, 22]"
201,6,1477440,A,0.003,0.75,180,0.9,14,11,32,0.12,"[0, 0, 0, 0, 0, 0, 0, 0, 0, 0, 0, 0, 0, 0, 0, 0, 0, 0, 0]"
202,6,1477440,A,0.003,0.75,180,0.9,14,11,32,0.125,"[0, 0, 0, 0, 0, 0, 0, 0, 0, 0, 0, 0, 0, 0, 0, 0, 0, 0, 0]"
200,6,1477440,A,0.003,0.75,180,0.9,14,11,32,0.115,"[0, 0, 3, 3, 5, 8, 9, 11, 23, 23, 41, 43, 14, 14, 23, 45, 36, 40, 35]"
215,7,1477440,A,0.003,0.75,180,0.9,14,11,32,0.035,"[0, 0, 0, 0, 0, 0, 0, 0, 0, 0, 0, 0, 0, 0, 0, 0, 0, 0, 0]"
208,6,1477440,A,0.003,0.75,180,0.9,14,11,32,0.155,"[0, 0, 0, 0, 0, 0, 0, 0, 0, 0, 0, 0, 0, 0, 0, 0, 0, 0, 0]"
210,7,1477440,A,0.003,0.75,180,0.9,14,11,32,0.01,"[0, 0, 0, 0, 0, 0, 0, 0, 0, 0, 0, 0, 0, 0, 0, 0, 0, 0, 0]"
214,7,1477440,A,0.003,0.75,180,0.9,14,11,32,0.03,"[0, 0, 0, 0, 0, 0, 0, 0, 0, 0, 0, 0, 0, 0, 0, 0, 0, 0, 0]"
212,7,1477440,A,0.003,0.75,180,0.9,14,11,32,0.02,"[0, 0, 0, 0, 0, 0, 0, 0, 0, 0, 0, 0, 0, 0, 0, 0, 0, 0, 0]"
205,6,1477440,A,0.003,0.75,180,0.9,14,11,32,0.14,"[0, 0, 0, 0, 10, 11, 0, 0, 4, 19, 20, 25, 0, 0, 0, 0, 0, 0, 0]"
204,6,1477440,A,0.003,0.75,180,0.9,14,11,32,0.135,"[0, 0, 0, 0, 0, 0, 0, 0, 0, 0, 21, 32, 34, 42, 67, 57, 70, 65, 39]"
216,7,1477440,A,0.003,0.75,180,0.9,14,11,32,0.045,"[0, 0, 0, 0, 0, 0, 0, 0, 0, 0, 0, 0, 0, 0, 0, 0, 0, 0, 0]"
213,7,1477440,A,0.003,0.75,180,0.9,14,11,32,0.025,"[0, 0, 0, 0, 0, 0, 0, 0, 0, 0, 0, 0, 0, 0, 0, 0, 0, 0, 0]"
217,7,1477440,A,0.003,0.75,180,0.9,14,11,32,0.05,"[0, 0, 1, 1, 2, 3, 2, 0, 4, 5, 7, 6, 0, 0, 0, 0, 0, 0, 0]"
211,7,1477440,A,0.003,0.75,180,0.9,14,11,32,0.015,"[0, 0, 0, 0, 0, 0, 0, 0, 0, 0, 0, 0, 0, 0, 0, 0, 0, 0, 0]"
209,6,1477440,A,0.003,0.75,180,0.9,14,11,32,0.16,"[0, 0, 0, 0, 13, 54, 31, 50, 68, 63, 62, 79, 58, 47, 54, 69, 69, 68, 49]"
218,7,1477440,A,0.003,0.75,180,0.9,14,11,32,0.055,"[0, 0, 0, 0, 0, 0, 0, 0, 0, 0, 0, 0, 0, 0, 0, 0, 0, 0, 0]"
221,7,1477440,A,0.003,0.75,180,0.9,14,11,32,0.07,"[0, 0, 0, 0, 0, 0, 0, 0, 2, 12, 3, 9, 2, 6, 3, 6, 6, 9, 2]"
219,7,1477440,A,0.003,0.75,180,0.9,14,11,32,0.06,"[0, 0, 0, 0, 0, 0, 0, 0, 0, 0, 0, 0, 0, 0, 0, 0, 0, 0, 0]"
206,6,1477440,A,0.003,0.75,180,0.9,14,11,32,0.145,"[0, 0, 8, 11, 37, 55, 36, 63, 60, 63, 62, 74, 30, 64, 58, 47, 60, 55, 29]"
220,7,1477440,A,0.003,0.75,180,0.9,14,11,32,0.065,"[0, 0, 0, 0, 0, 0, 0, 0, 0, 0, 0, 0, 0, 0, 0, 0, 0, 0, 0]"
223,7,1477440,A,0.003,0.75,180,0.9,14,11,32,0.08,"[0, 0, 0, 0, 0, 0, 0, 0, 0, 0, 0, 0, 0, 0, 0, 0, 0, 0, 0]"
203,6,1477440,A,0.003,0.75,180,0.9,14,11,32,0.13,"[0, 0, 17, 40, 57, 55, 35, 47, 58, 65, 56, 58, 15, 41, 67, 49, 55, 58, 37]"
224,7,1477440,A,0.003,0.75,180,0.9,14,11,32,0.085,"[0, 0, 0, 0, 0, 0, 0, 0, 0, 0, 0, 0, 0, 0, 0, 0, 0, 0, 0]"
226,7,1477440,A,0.003,0.75,180,0.9,14,11,32,0.095,"[0, 0, 0, 0, 0, 0, 0, 0, 0, 0, 0, 0, 0, 0, 0, 0, 0, 0, 0]"
233,7,1477440,A,0.003,0.75,180,0.9,14,11,32,0.13,"[0, 0, 0, 0, 0, 0, 0, 0, 0, 0, 0, 0, 0, 0, 0, 0, 0, 0, 0]"
231,7,1477440,A,0.003,0.75,180,0.9,14,11,32,0.12,"[0, 0, 0, 0, 0, 0, 0, 0, 1, 11, 13, 21, 11, 12, 22, 23, 54, 34, 18]"
234,7,1477440,A,0.003,0.75,180,0.9,14,11,32,0.135,"[0, 0, 0, 0, 0, 0, 0, 0, 0, 0, 0, 0, 0, 0, 0, 0, 0, 0, 0]"
241,8,1477440,A,0.003,0.75,180,0.9,14,11,32,0.015,"[0, 0, 0, 0, 0, 0, 0, 0, 0, 0, 0, 0, 0, 0, 0, 0, 0, 0, 0]"
230,7,1477440,A,0.003,0.75,180,0.9,14,11,32,0.115,"[0, 0, 0, 0, 0, 0, 0, 0, 0, 0, 0, 0, 0, 0, 0, 0, 0, 0, 0]"
239,7,1477440,A,0.003,0.75,180,0.9,14,11,32,0.16,"[0, 0, 0, 0, 0, 0, 0, 0, 0, 0, 0, 0, 0, 0, 0, 0, 0, 0, 0]"
227,7,1477440,A,0.003,0.75,180,0.9,14,11,32,0.1,"[0, 0, 0, 0, 0, 0, 0, 0, 0, 0, 8, 20, 0, 0, 0, 0, 0, 0, 0]"
207,6,1477440,A,0.003,0.75,180,0.9,14,11,32,0.15,"[0, 0, 16, 56, 50, 59, 39, 54, 57, 62, 62, 74, 52, 62, 63, 67, 60, 52, 47]"
222,7,1477440,A,0.003,0.75,180,0.9,14,11,32,0.075,"[0, 0, 0, 0, 0, 0, 0, 0, 0, 0, 0, 0, 0, 0, 0, 0, 0, 0, 0]"
225,7,1477440,A,0.003,0.75,180,0.9,14,11,32,0.09,"[0, 0, 0, 0, 0, 0, 0, 0, 0, 0, 3, 4, 6, 18, 25, 23, 33, 33, 21]"
240,8,1477440,A,0.003,0.75,180,0.9,14,11,32,0.01,"[0, 0, 0, 0, 0, 0, 0, 0, 0, 0, 0, 0, 0, 0, 0, 0, 0, 0, 0]"
242,8,1477440,A,0.003,0.75,180,0.9,14,11,32,0.02,"[0, 0, 0, 0, 0, 0, 0, 0, 0, 0, 0, 0, 0, 0, 0, 0, 0, 0, 0]"
235,7,1477440,A,0.003,0.75,180,0.9,14,11,32,0.14,"[0, 0, 0, 0, 0, 0, 0, 0, 0, 0, 0, 0, 0, 0, 0, 0, 0, 0, 0]"
228,7,1477440,A,0.003,0.75,180,0.9,14,11,32,0.105,"[0, 0, 0, 0, 0, 0, 0, 0, 0, 0, 0, 0, 0, 0, 0, 0, 0, 0, 0]"
232,7,1477440,A,0.003,0.75,180,0.9,14,11,32,0.125,"[0, 0, 0, 0, 0, 0, 0, 0, 0, 17, 23, 51, 9, 17, 21, 25, 42, 43, 31]"
243,8,1477440,A,0.003,0.75,180,0.9,14,11,32,0.025,"[0, 0, 0, 0, 0, 0, 0, 0, 0, 0, 0, 0, 0, 0, 0, 0, 0, 0, 0]"
244,8,1477440,A,0.003,0.75,180,0.9,14,11,32,0.03,"[0, 0, 0, 0, 0, 0, 0, 0, 0, 0, 0, 0, 0, 0, 0, 0, 0, 0, 0]"
246,8,1477440,A,0.003,0.75,180,0.9,14,11,32,0.045,"[0, 0, 0, 0, 0, 0, 0, 0, 0, 0, 0, 0, 0, 0, 0, 0, 0, 0, 0]"
237,7,1477440,A,0.003,0.75,180,0.9,14,11,32,0.15,"[0, 0, 0, 0, 0, 0, 0, 0, 17, 52, 59, 63, 13, 41, 60, 62, 53, 59, 52]"
245,8,1477440,A,0.003,0.75,180,0.9,14,11,32,0.035,"[0, 0, 0, 0, 0, 0, 0, 0, 0, 0, 0, 0, 0, 0, 0, 0, 0, 0, 0]"
229,7,1477440,A,0.003,0.75,180,0.9,14,11,32,0.11,"[0, 0, 1, 8, 6, 21, 8, 22, 21, 46, 42, 46, 14, 31, 39, 44, 39, 47, 26]"
247,8,1477440,A,0.003,0.75,180,0.9,14,11,32,0.05,"[0, 0, 0, 0, 0, 0, 0, 0, 0, 0, 0, 0, 0, 0, 0, 0, 0, 0, 0]"
238,7,1477440,A,0.003,0.75,180,0.9,14,11,32,0.155,"[0, 0, 0, 0, 0, 0, 0, 0, 0, 0, 27, 47, 40, 70, 55, 69, 65, 68, 33]"
236,7,1477440,A,0.003,0.75,180,0.9,14,11,32,0.145,"[0, 0, 0, 0, 0, 0, 0, 0, 15, 62, 69, 53, 41, 58, 57, 69, 49, 51, 23]"
248,8,1477440,A,0.003,0.75,180,0.9,14,11,32,0.055,"[0, 0, 0, 0, 0, 0, 0, 0, 0, 0, 0, 0, 0, 0, 0, 0, 2, 2, 0]"
249,8,1477440,A,0.003,0.75,180,0.9,14,11,32,0.06,"[0, 0, 0, 0, 0, 0, 0, 0, 0, 0, 0, 0, 0, 0, 0, 0, 0, 0, 0]"
250,8,1477440,A,0.003,0.75,180,0.9,14,11,32,0.065,"[0, 0, 0, 0, 0, 0, 0, 0, 0, 0, 0, 0, 0, 0, 0, 0, 0, 0, 0]"
251,8,1477440,A,0.003,0.75,180,0.9,14,11,32,0.07,"[0, 0, 0, 0, 0, 0, 0, 0, 0, 0, 0, 0, 0, 0, 0, 0, 0, 0, 0]"
252,8,1477440,A,0.003,0.75,180,0.9,14,11,32,0.075,"[0, 0, 0, 0, 1, 5, 0, 0, 1, 6, 13, 9, 3, 7, 11, 11, 14, 17, 0]"
256,8,1477440,A,0.003,0.75,180,0.9,14,11,32,0.095,"[0, 0, 0, 0, 0, 0, 0, 0, 0, 0, 0, 0, 0, 0, 0, 0, 0, 0, 0]"
254,8,1477440,A,0.003,0.75,180,0.9,14,11,32,0.085,"[0, 0, 0, 0, 0, 0, 0, 0, 0, 0, 0, 0, 0, 0, 0, 0, 0, 0, 0]"
253,8,1477440,A,0.003,0.75,180,0.9,14,11,32,0.08,"[0, 0, 9, 10, 13, 30, 3, 1, 4, 8, 9, 16, 4, 4, 6, 14, 12, 12, 0]"
260,8,1477440,A,0.003,0.75,180,0.9,14,11,32,0.115,"[0, 0, 9, 32, 28, 48, 1, 0, 0, 0, 0, 0, 0, 0, 0, 0, 0, 0, 0]"
258,8,1477440,A,0.003,0.75,180,0.9,14,11,32,0.105,"[0, 0, 0, 0, 0, 0, 0, 0, 0, 0, 0, 0, 0, 0, 0, 0, 5, 3, 6]"
262,8,1477440,A,0.003,0.75,180,0.9,14,11,32,0.125,"[0, 0, 0, 0, 10, 11, 0, 0, 0, 0, 0, 0, 0, 0, 0, 0, 0, 0, 0]"
255,8,1477440,A,0.003,0.75,180,0.9,14,11,32,0.09,"[0, 0, 0, 0, 0, 0, 0, 0, 4, 11, 10, 6, 0, 0, 0, 0, 0, 0, 0]"
266,8,1477440,A,0.003,0.75,180,0.9,14,11,32,0.145,"[0, 0, 0, 0, 0, 0, 0, 0, 0, 0, 0, 0, 0, 0, 0, 0, 0, 0, 0]"
261,8,1477440,A,0.003,0.75,180,0.9,14,11,32,0.12,"[0, 0, 0, 0, 0, 0, 0, 0, 0, 0, 0, 0, 0, 0, 0, 0, 0, 0, 0]"
264,8,1477440,A,0.003,0.75,180,0.9,14,11,32,0.135,"[0, 0, 0, 0, 0, 0, 0, 0, 0, 0, 0, 0, 0, 0, 0, 0, 0, 0, 0]"
271,9,1477440,A,0.003,0.75,180,0.9,14,11,32,0.015,"[0, 0, 0, 0, 0, 0, 0, 0, 0, 0, 0, 0, 0, 0, 0, 0, 0, 0, 0]"
257,8,1477440,A,0.003,0.75,180,0.9,14,11,32,0.1,"[0, 0, 5, 10, 10, 20, 7, 14, 16, 16, 25, 17, 0, 0, 0, 0, 0, 0, 0]"
259,8,1477440,A,0.003,0.75,180,0.9,14,11,32,0.11,"[0, 0, 7, 13, 27, 35, 33, 27, 34, 49, 53, 50, 13, 30, 47, 38, 43, 49, 9]"
280,9,1477440,A,0.003,0.75,180,0.9,14,11,32,0.065,"[0, 0, 0, 0, 0, 0, 0, 0, 0, 0, 0, 0, 0, 0, 0, 0, 2, 3, 0]"
273,9,1477440,A,0.003,0.75,180,0.9,14,11,32,0.025,"[0, 0, 0, 0, 0, 0, 0, 0, 0, 0, 0, 0, 0, 0, 0, 0, 0, 0, 0]"
272,9,1477440,A,0.003,0.75,180,0.9,14,11,32,0.02,"[0, 0, 0, 0, 0, 0, 0, 0, 0, 0, 0, 0, 0, 0, 0, 0, 0, 0, 0]"
274,9,1477440,A,0.003,0.75,180,0.9,14,11,32,0.03,"[0, 0, 0, 0, 0, 0, 0, 0, 0, 0, 0, 0, 0, 0, 0, 0, 0, 0, 0]"
275,9,1477440,A,0.003,0.75,180,0.9,14,11,32,0.035,"[0, 0, 0, 0, 0, 0, 0, 0, 0, 0, 0, 0, 0, 0, 0, 0, 0, 0, 0]"
267,8,1477440,A,0.003,0.75,180,0.9,14,11,32,0.15,"[0, 0, 0, 0, 0, 0, 0, 0, 7, 10, 21, 57, 13, 12, 46, 54, 60, 56, 60]"
281,9,1477440,A,0.003,0.75,180,0.9,14,11,32,0.07,"[0, 0, 0, 0, 0, 0, 0, 0, 0, 0, 2, 3, 0, 0, 0, 0, 0, 0, 0]"
284,9,1477440,A,0.003,0.75,180,0.9,14,11,32,0.085,"[0, 0, 0, 0, 0, 0, 0, 0, 0, 0, 0, 0, 0, 0, 0, 0, 0, 0, 0]"
270,9,1477440,A,0.003,0.75,180,0.9,14,11,32,0.01,"[0, 0, 0, 0, 0, 0, 0, 0, 0, 0, 0, 0, 0, 0, 0, 0, 0, 0, 0]"
283,9,1477440,A,0.003,0.75,180,0.9,14,11,32,0.08,"[0, 0, 0, 0, 0, 0, 0, 0, 0, 0, 0, 0, 0, 0, 0, 0, 0, 0, 0]"
282,9,1477440,A,0.003,0.75,180,0.9,14,11,32,0.075,"[0, 0, 0, 0, 0, 0, 0, 0, 0, 0, 0, 0, 0, 0, 0, 0, 1, 1, 2]"
263,8,1477440,A,0.003,0.75,180,0.9,14,11,32,0.13,"[0, 0, 0, 0, 0, 0, 0, 0, 18, 49, 50, 49, 24, 55, 52, 66, 50, 60, 26]"
277,9,1477440,A,0.003,0.75,180,0.9,14,11,32,0.05,"[0, 0, 0, 0, 0, 0, 0, 0, 0, 0, 0, 0, 0, 0, 0, 0, 0, 0, 0]"
276,9,1477440,A,0.003,0.75,180,0.9,14,11,32,0.045,"[0, 0, 0, 0, 0, 0, 0, 0, 1, 3, 2, 10, 0, 0, 0, 0, 0, 0, 0]"
265,8,1477440,A,0.003,0.75,180,0.9,14,11,32,0.14,"[0, 0, 0, 0, 33, 50, 53, 58, 56, 57, 51, 51, 61, 66, 51, 60, 48, 58, 46]"
269,8,1477440,A,0.003,0.75,180,0.9,14,11,32,0.16,"[0, 0, 0, 0, 0, 0, 0, 0, 42, 73, 63, 59, 49, 72, 60, 58, 51, 75, 56]"
279,9,1477440,A,0.003,0.75,180,0.9,14,11,32,0.06,"[0, 0, 0, 0, 1, 3, 7, 6, 2, 4, 6, 12, 0, 0, 0, 0, 0, 0, 0]"
286,9,1477440,A,0.003,0.75,180,0.9,14,11,32,0.095,"[0, 0, 0, 0, 0, 0, 0, 0, 5, 2, 6, 25, 3, 11, 21, 15, 17, 26, 7]"
278,9,1477440,A,0.003,0.75,180,0.9,14,11,32,0.055,"[0, 0, 0, 0, 0, 0, 0, 0, 0, 0, 0, 0, 0, 0, 0, 0, 0, 0, 0]"
285,9,1477440,A,0.003,0.75,180,0.9,14,11,32,0.09,"[0, 0, 1, 0, 0, 0, 0, 0, 0, 0, 0, 0, 0, 0, 0, 0, 0, 0, 0]"
288,9,1477440,A,0.003,0.75,180,0.9,14,11,32,0.105,"[0, 0, 0, 0, 0, 0, 0, 0, 0, 0, 6, 11, 0, 2, 8, 2, 5, 7, 16]"
290,9,1477440,A,0.003,0.75,180,0.9,14,11,32,0.115,"[0, 0, 0, 0, 4, 3, 0, 0, 0, 0, 0, 0, 0, 0, 0, 0, 0, 0, 0]"
291,9,1477440,A,0.003,0.75,180,0.9,14,11,32,0.12,"[0, 0, 0, 0, 0, 0, 0, 0, 0, 0, 0, 0, 0, 0, 0, 0, 0, 0, 0]"
295,9,1477440,A,0.003,0.75,180,0.9,14,11,32,0.14,"[0, 0, 0, 0, 0, 0, 0, 0, 0, 0, 0, 0, 0, 0, 0, 0, 0, 0, 0]"
289,9,1477440,A,0.003,0.75,180,0.9,14,11,32,0.11,"[0, 0, 0, 0, 0, 0, 0, 0, 8, 36, 39, 53, 11, 18, 22, 26, 33, 39, 5]"
287,9,1477440,A,0.003,0.75,180,0.9,14,11,32,0.1,"[0, 0, 4, 19, 15, 28, 11, 26, 19, 39, 40, 43, 12, 27, 35, 40, 42, 39, 20]"
268,8,1477440,A,0.003,0.75,180,0.9,14,11,32,0.155,"[0, 0, 6, 32, 52, 59, 43, 70, 63, 60, 72, 59, 44, 62, 64, 57, 51, 62, 53]"
292,9,1477440,A,0.003,0.75,180,0.9,14,11,32,0.125,"[0, 0, 0, 0, 0, 0, 0, 0, 15, 17, 20, 46, 3, 0, 0, 0, 0, 0, 0]"
294,9,1477440,A,0.003,0.75,180,0.9,14,11,32,0.135,"[0, 0, 3, 0, 0, 0, 0, 0, 0, 0, 0, 0, 0, 0, 0, 0, 0, 0, 0]"
298,9,1477440,A,0.003,0.75,180,0.9,14,11,32,0.155,"[0, 0, 0, 0, 0, 0, 0, 0, 0, 0, 0, 0, 0, 0, 0, 0, 0, 0, 0]"
296,9,1477440,A,0.003,0.75,180,0.9,14,11,32,0.145,"[0, 0, 0, 0, 0, 0, 0, 0, 20, 55, 40, 64, 42, 66, 64, 59, 62, 65, 46]"
299,9,1477440,A,0.003,0.75,180,0.9,14,11,32,0.16,"[0, 0, 0, 0, 0, 0, 0, 0, 0, 0, 0, 0, 0, 0, 0, 0, 0, 0, 0]"
293,9,1477440,A,0.003,0.75,180,0.9,14,11,32,0.13,"[0, 0, 42, 58, 45, 60, 46, 64, 54, 56, 54, 62, 15, 58, 35, 49, 67, 56, 14]"
297,9,1477440,A,0.003,0.75,180,0.9,14,11,32,0.15,"[0, 0, 0, 0, 46, 67, 54, 57, 68, 51, 63, 59, 20, 65, 66, 57, 59, 57, 59]"
300,10,1477440,A,0.003,0.75,180,0.9,14,11,32,0.01,"[0, 0, 0, 0, 0, 0, 0, 0, 0, 0, 0, 0, 0, 0, 0, 0, 0, 0, 0]"
301,10,1477440,A,0.003,0.75,180,0.9,14,11,32,0.015,"[0, 0, 0, 0, 0, 0, 0, 0, 0, 0, 0, 0, 0, 0, 0, 0, 0, 0, 0]"
302,10,1477440,A,0.003,0.75,180,0.9,14,11,32,0.02,"[0, 0, 0, 0, 0, 0, 0, 0, 0, 0, 0, 0, 0, 0, 0, 0, 0, 0, 0]"
305,10,1477440,A,0.003,0.75,180,0.9,14,11,32,0.035,"[0, 0, 0, 0, 0, 0, 0, 0, 0, 0, 0, 0, 0, 0, 0, 0, 0, 0, 0]"
303,10,1477440,A,0.003,0.75,180,0.9,14,11,32,0.025,"[0, 0, 0, 0, 0, 0, 0, 0, 0, 0, 0, 0, 0, 0, 0, 0, 0, 0, 0]"
304,10,1477440,A,0.003,0.75,180,0.9,14,11,32,0.03,"[0, 0, 0, 0, 0, 0, 0, 0, 0, 0, 0, 0, 0, 0, 0, 0, 0, 0, 0]"
306,10,1477440,A,0.003,0.75,180,0.9,14,11,32,0.045,"[0, 0, 0, 0, 0, 0, 0, 0, 0, 0, 0, 0, 0, 0, 0, 0, 0, 0, 0]"
307,10,1477440,A,0.003,0.75,180,0.9,14,11,32,0.05,"[0, 0, 0, 0, 0, 0, 0, 0, 0, 0, 0, 0, 0, 0, 0, 0, 0, 0, 0]"
308,10,1477440,A,0.003,0.75,180,0.9,14,11,32,0.055,"[0, 0, 0, 0, 0, 0, 0, 0, 0, 0, 0, 0, 0, 0, 0, 0, 0, 0, 0]"
311,10,1477440,A,0.003,0.75,180,0.9,14,11,32,0.07,"[0, 0, 0, 0, 0, 0, 0, 0, 0, 0, 0, 0, 0, 0, 0, 0, 0, 0, 0]"
313,10,1477440,A,0.003,0.75,180,0.9,14,11,32,0.08,"[0, 0, 2, 3, 5, 8, 1, 0, 0, 0, 0, 0, 0, 0, 0, 0, 0, 0, 0]"
317,10,1477440,A,0.003,0.75,180,0.9,14,11,32,0.1,"[0, 0, 0, 0, 0, 0, 0, 0, 0, 0, 0, 0, 0, 0, 0, 0, 0, 0, 0]"
309,10,1477440,A,0.003,0.75,180,0.9,14,11,32,0.06,"[0, 0, 0, 0, 0, 0, 0, 0, 0, 3, 3, 8, 0, 0, 0, 0, 0, 0, 0]"
310,10,1477440,A,0.003,0.75,180,0.9,14,11,32,0.065,"[0, 0, 0, 0, 0, 0, 0, 0, 0, 0, 0, 0, 0, 0, 0, 0, 0, 0, 0]"
314,10,1477440,A,0.003,0.75,180,0.9,14,11,32,0.085,"[0, 0, 0, 0, 0, 0, 0, 0, 0, 0, 0, 0, 0, 0, 0, 0, 0, 0, 0]"
315,10,1477440,A,0.003,0.75,180,0.9,14,11,32,0.09,"[0, 0, 0, 0, 0, 0, 0, 0, 0, 0, 0, 0, 0, 0, 0, 0, 0, 0, 0]"
323,10,1477440,A,0.003,0.75,180,0.9,14,11,32,0.13,"[0, 0, 0, 0, 0, 0, 0, 0, 0, 0, 0, 0, 0, 0, 0, 0, 0, 0, 0]"
312,10,1477440,A,0.003,0.75,180,0.9,14,11,32,0.075,"[0, 0, 0, 0, 0, 0, 0, 0, 0, 0, 0, 0, 0, 0, 0, 0, 0, 0, 0]"
316,10,1477440,A,0.003,0.75,180,0.9,14,11,32,0.095,"[0, 0, 0, 0, 0, 0, 0, 0, 0, 0, 0, 0, 0, 0, 0, 0, 0, 0, 0]"
330,11,1477440,A,0.003,0.75,180,0.9,14,11,32,0.01,"[0, 0, 0, 0, 0, 0, 0, 0, 0, 0, 0, 0, 0, 0, 0, 0, 0, 0, 0]"
322,10,1477440,A,0.003,0.75,180,0.9,14,11,32,0.125,"[0, 0, 0, 0, 0, 0, 0, 0, 0, 0, 0, 0, 0, 0, 0, 0, 0, 0, 0]"
319,10,1477440,A,0.003,0.75,180,0.9,14,11,32,0.11,"[0, 0, 0, 0, 0, 0, 0, 0, 0, 0, 1, 0, 0, 0, 0, 0, 0, 0, 0]"
325,10,1477440,A,0.003,0.75,180,0.9,14,11,32,0.14,"[0, 0, 0, 0, 0, 0, 0, 0, 0, 0, 0, 0, 0, 0, 0, 0, 0, 0, 0]"
331,11,1477440,A,0.003,0.75,180,0.9,14,11,32,0.015,"[0, 0, 0, 0, 0, 0, 0, 0, 0, 0, 0, 0, 0, 0, 0, 0, 0, 0, 0]"
333,11,1477440,A,0.003,0.75,180,0.9,14,11,32,0.025,"[0, 0, 0, 0, 0, 0, 0, 0, 0, 0, 0, 0, 0, 0, 0, 0, 0, 0, 0]"
321,10,1477440,A,0.003,0.75,180,0.9,14,11,32,0.12,"[0, 0, 0, 0, 0, 0, 0, 0, 0, 0, 0, 0, 0, 0, 0, 0, 0, 0, 0]"
324,10,1477440,A,0.003,0.75,180,0.9,14,11,32,0.135,"[0, 0, 0, 0, 0, 0, 0, 0, 0, 0, 0, 0, 0, 0, 0, 0, 0, 0, 0]"
334,11,1477440,A,0.003,0.75,180,0.9,14,11,32,0.03,"[0, 0, 0, 0, 0, 0, 0, 0, 0, 0, 0, 0, 0, 0, 0, 0, 0, 0, 0]"
336,11,1477440,A,0.003,0.75,180,0.9,14,11,32,0.045,"[0, 0, 0, 0, 0, 0, 0, 0, 0, 0, 0, 0, 0, 0, 0, 0, 0, 0, 0]"
328,10,1477440,A,0.003,0.75,180,0.9,14,11,32,0.155,"[0, 0, 0, 0, 0, 0, 0, 0, 0, 0, 13, 55, 52, 63, 65, 64, 65, 64, 47]"
337,11,1477440,A,0.003,0.75,180,0.9,14,11,32,0.05,"[0, 0, 0, 0, 0, 0, 0, 0, 0, 0, 0, 0, 0, 0, 0, 0, 0, 0, 0]"
332,11,1477440,A,0.003,0.75,180,0.9,14,11,32,0.02,"[0, 0, 0, 0, 0, 0, 0, 0, 0, 0, 0, 0, 0, 0, 0, 0, 0, 0, 0]"
320,10,1477440,A,0.003,0.75,180,0.9,14,11,32,0.115,"[0, 0, 0, 0, 14, 38, 3, 21, 24, 22, 25, 36, 9, 18, 27, 45, 41, 42, 22]"
318,10,1477440,A,0.003,0.75,180,0.9,14,11,32,0.105,"[0, 0, 3, 12, 3, 11, 12, 22, 25, 27, 37, 32, 25, 46, 53, 47, 46, 42, 0]"
340,11,1477440,A,0.003,0.75,180,0.9,14,11,32,0.065,"[0, 0, 0, 0, 0, 0, 0, 0, 0, 0, 0, 0, 0, 0, 0, 0, 0, 0, 0]"
326,10,1477440,A,0.003,0.75,180,0.9,14,11,32,0.145,"[0, 0, 0, 0, 0, 0, 0, 0, 14, 44, 40, 65, 19, 25, 47, 58, 57, 55, 14]"
335,11,1477440,A,0.003,0.75,180,0.9,14,11,32,0.035,"[0, 0, 0, 0, 0, 0, 0, 0, 0, 0, 0, 0, 0, 0, 0, 0, 0, 0, 0]"
338,11,1477440,A,0.003,0.75,180,0.9,14,11,32,0.055,"[0, 0, 0, 0, 0, 0, 0, 0, 0, 0, 0, 0, 0, 0, 0, 0, 0, 0, 0]"
344,11,1477440,A,0.003,0.75,180,0.9,14,11,32,0.085,"[0, 0, 0, 0, 0, 0, 0, 0, 0, 0, 0, 0, 0, 0, 0, 0, 0, 0, 0]"
339,11,1477440,A,0.003,0.75,180,0.9,14,11,32,0.06,"[0, 0, 0, 0, 0, 0, 0, 0, 0, 0, 0, 0, 0, 0, 0, 0, 0, 0, 0]"
329,10,1477440,A,0.003,0.75,180,0.9,14,11,32,0.16,"[0, 0, 0, 0, 0, 0, 0, 0, 0, 0, 42, 61, 39, 66, 58, 69, 59, 55, 50]"
343,11,1477440,A,0.003,0.75,180,0.9,14,11,32,0.08,"[0, 0, 0, 0, 0, 0, 0, 0, 0, 0, 0, 0, 0, 0, 0, 0, 0, 0, 0]"
342,11,1477440,A,0.003,0.75,180,0.9,14,11,32,0.075,"[0, 0, 0, 0, 9, 9, 0, 0, 0, 0, 0, 0, 0, 0, 0, 0, 0, 0, 0]"
346,11,1477440,A,0.003,0.75,180,0.9,14,11,32,0.095,"[0, 0, 6, 1, 1, 16, 2, 0, 0, 0, 0, 0, 0, 0, 0, 0, 0, 0, 0]"
345,11,1477440,A,0.003,0.75,180,0.9,14,11,32,0.09,"[0, 0, 0, 0, 0, 0, 0, 0, 0, 0, 0, 0, 0, 0, 0, 0, 0, 0, 0]"
327,10,1477440,A,0.003,0.75,180,0.9,14,11,32,0.15,"[0, 0, 18, 65, 57, 81, 30, 53, 64, 69, 60, 72, 53, 61, 65, 58, 69, 66, 63]"
341,11,1477440,A,0.003,0.75,180,0.9,14,11,32,0.07,"[0, 0, 0, 0, 0, 0, 0, 0, 0, 0, 0, 0, 0, 0, 0, 0, 0, 0, 0]"
347,11,1477440,A,0.003,0.75,180,0.9,14,11,32,0.1,"[0, 0, 1, 0, 0, 0, 0, 0, 0, 0, 0, 0, 0, 0, 0, 0, 6, 7, 0]"
348,11,1477440,A,0.003,0.75,180,0.9,14,11,32,0.105,"[0, 0, 0, 0, 0, 0, 0, 0, 0, 0, 13, 8, 5, 16, 16, 44, 44, 44, 0]"
349,11,1477440,A,0.003,0.75,180,0.9,14,11,32,0.11,"[0, 0, 0, 0, 0, 0, 0, 0, 0, 0, 4, 10, 0, 0, 0, 0, 0, 0, 0]"
350,11,1477440,A,0.003,0.75,180,0.9,14,11,32,0.115,"[0, 0, 0, 0, 0, 0, 0, 0, 5, 13, 24, 38, 16, 29, 50, 51, 56, 49, 9]"
352,11,1477440,A,0.003,0.75,180,0.9,14,11,32,0.125,"[0, 0, 0, 0, 0, 0, 0, 0, 0, 0, 12, 35, 37, 37, 56, 53, 65, 58, 4]"
353,11,1477440,A,0.003,0.75,180,0.9,14,11,32,0.13,"[0, 0, 0, 0, 1, 0, 0, 0, 0, 0, 0, 0, 0, 0, 0, 0, 0, 0, 0]"
351,11,1477440,A,0.003,0.75,180,0.9,14,11,32,0.12,"[0, 0, 11, 29, 36, 46, 16, 23, 42, 66, 67, 46, 34, 44, 55, 55, 62, 58, 12]"
363,12,1477440,A,0.003,0.75,180,0.9,14,11,32,0.025,"[0, 0, 0, 0, 0, 0, 0, 0, 0, 0, 0, 0, 0, 0, 0, 0, 0, 0, 0]"
357,11,1477440,A,0.003,0.75,180,0.9,14,11,32,0.15,"[0, 0, 0, 0, 0, 0, 0, 0, 0, 0, 1, 0, 0, 0, 0, 0, 0, 0, 0]"
359,11,1477440,A,0.003,0.75,180,0.9,14,11,32,0.16,"[0, 0, 0, 0, 0, 0, 0, 0, 0, 0, 0, 0, 0, 0, 0, 0, 0, 0, 0]"
362,12,1477440,A,0.003,0.75,180,0.9,14,11,32,0.02,"[0, 0, 0, 0, 1, 1, 0, 0, 0, 0, 0, 0, 0, 0, 0, 0, 0, 0, 0]"
354,11,1477440,A,0.003,0.75,180,0.9,14,11,32,0.135,"[0, 0, 0, 0, 0, 0, 0, 0, 20, 44, 47, 55, 37, 55, 62, 59, 70, 52, 18]"
364,12,1477440,A,0.003,0.75,180,0.9,14,11,32,0.03,"[0, 0, 0, 0, 0, 0, 0, 0, 0, 0, 0, 0, 0, 0, 0, 0, 0, 0, 0]"
367,12,1477440,A,0.003,0.75,180,0.9,14,11,32,0.05,"[0, 0, 0, 0, 0, 0, 0, 0, 0, 0, 0, 0, 0, 0, 0, 0, 1, 0, 0]"
360,12,1477440,A,0.003,0.75,180,0.9,14,11,32,0.01,"[0, 0, 0, 0, 0, 0, 0, 0, 0, 0, 0, 0, 0, 0, 0, 0, 0, 0, 0]"
355,11,1477440,A,0.003,0.75,180,0.9,14,11,32,0.14,"[0, 0, 0, 0, 0, 0, 0, 0, 33, 60, 58, 59, 29, 57, 61, 70, 45, 66, 31]"
365,12,1477440,A,0.003,0.75,180,0.9,14,11,32,0.035,"[0, 0, 0, 0, 0, 0, 0, 0, 0, 0, 0, 0, 0, 0, 0, 0, 0, 0, 0]"
366,12,1477440,A,0.003,0.75,180,0.9,14,11,32,0.045,"[0, 0, 1, 0, 0, 0, 0, 0, 0, 0, 0, 0, 0, 0, 0, 0, 0, 0, 0]"
372,12,1477440,A,0.003,0.75,180,0.9,14,11,32,0.075,"[0, 0, 0, 0, 0, 0, 0, 0, 0, 0, 0, 0, 0, 0, 0, 0, 0, 0, 0]"
369,12,1477440,A,0.003,0.75,180,0.9,14,11,32,0.06,"[0, 0, 0, 0, 0, 0, 0, 0, 0, 0, 0, 0, 0, 0, 0, 0, 0, 0, 0]"
368,12,1477440,A,0.003,0.75,180,0.9,14,11,32,0.055,"[0, 0, 0, 0, 0, 0, 0, 0, 1, 1, 4, 2, 0, 0, 0, 0, 0, 0, 0]"
358,11,1477440,A,0.003,0.75,180,0.9,14,11,32,0.155,"[0, 0, 0, 0, 9, 56, 43, 68, 52, 53, 62, 66, 50, 60, 73, 62, 64, 64, 39]"
361,12,1477440,A,0.003,0.75,180,0.9,14,11,32,0.015,"[0, 0, 0, 0, 0, 0, 0, 0, 0, 0, 0, 0, 0, 0, 0, 0, 0, 0, 0]"
370,12,1477440,A,0.003,0.75,180,0.9,14,11,32,0.065,"[0, 0, 0, 0, 0, 0, 0, 0, 0, 0, 0, 1, 0, 0, 0, 0, 0, 0, 0]"
377,12,1477440,A,0.003,0.75,180,0.9,14,11,32,0.1,"[0, 0, 0, 0, 0, 0, 0, 0, 0, 0, 1, 0, 0, 0, 0, 0, 0, 0, 0]"
356,11,1477440,A,0.003,0.75,180,0.9,14,11,32,0.145,"[0, 0, 7, 18, 59, 76, 43, 52, 74, 57, 60, 66, 41, 58, 54, 59, 62, 45, 44]"
382,12,1477440,A,0.003,0.75,180,0.9,14,11,32,0.125,"[0, 0, 0, 0, 0, 0, 0, 0, 0, 0, 0, 0, 0, 0, 0, 0, 0, 0, 0]"
371,12,1477440,A,0.003,0.75,180,0.9,14,11,32,0.07,"[0, 0, 0, 0, 0, 0, 0, 0, 0, 0, 0, 0, 0, 0, 0, 0, 0, 0, 0]"
373,12,1477440,A,0.003,0.75,180,0.9,14,11,32,0.08,"[0, 0, 0, 0, 0, 0, 0, 0, 0, 0, 0, 0, 0, 0, 0, 0, 0, 0, 0]"
376,12,1477440,A,0.003,0.75,180,0.9,14,11,32,0.095,"[0, 0, 0, 0, 0, 0, 0, 0, 2, 3, 10, 9, 4, 11, 11, 11, 23, 31, 13]"
375,12,1477440,A,0.003,0.75,180,0.9,14,11,32,0.09,"[0, 0, 0, 0, 5, 4, 5, 6, 13, 13, 7, 9, 2, 3, 10, 9, 24, 17, 3]"
378,12,1477440,A,0.003,0.75,180,0.9,14,11,32,0.105,"[0, 0, 0, 0, 0, 0, 0, 0, 0, 0, 0, 0, 0, 0, 0, 0, 1, 0, 0]"
381,12,1477440,A,0.003,0.75,180,0.9,14,11,32,0.12,"[0, 0, 0, 0, 0, 0, 0, 0, 0, 0, 1, 4, 0, 0, 0, 0, 0, 0, 0]"
384,12,1477440,A,0.003,0.75,180,0.9,14,11,32,0.135,"[0, 0, 0, 0, 0, 0, 0, 0, 0, 0, 0, 0, 0, 0, 0, 0, 0, 0, 0]"
379,12,1477440,A,0.003,0.75,180,0.9,14,11,32,0.11,"[0, 0, 0, 0, 0, 0, 0, 0, 0, 0, 0, 0, 0, 0, 0, 0, 0, 0, 0]"
383,12,1477440,A,0.003,0.75,180,0.9,14,11,32,0.13,"[0, 0, 0, 0, 0, 0, 0, 0, 0, 0, 0, 0, 0, 0, 0, 0, 1, 11, 22]"
374,12,1477440,A,0.003,0.75,180,0.9,14,11,32,0.085,"[0, 0, 0, 0, 0, 0, 0, 0, 0, 0, 0, 0, 0, 0, 0, 0, 0, 0, 0]"
391,13,1477440,A,0.003,0.75,180,0.9,14,11,32,0.015,"[0, 0, 0, 0, 0, 0, 0, 0, 0, 0, 0, 0, 0, 0, 0, 0, 0, 0, 0]"
392,13,1477440,A,0.003,0.75,180,0.9,14,11,32,0.02,"[0, 0, 0, 0, 0, 0, 0, 0, 0, 0, 0, 0, 0, 0, 0, 0, 0, 0, 0]"
380,12,1477440,A,0.003,0.75,180,0.9,14,11,32,0.115,"[0, 0, 0, 0, 2, 9, 11, 32, 42, 51, 47, 59, 24, 38, 49, 45, 52, 46, 29]"
393,13,1477440,A,0.003,0.75,180,0.9,14,11,32,0.025,"[0, 0, 0, 0, 0, 0, 0, 0, 0, 0, 0, 0, 0, 0, 0, 0, 0, 0, 0]"
385,12,1477440,A,0.003,0.75,180,0.9,14,11,32,0.14,"[0, 0, 0, 0, 0, 0, 0, 0, 8, 33, 62, 66, 48, 64, 63, 53, 58, 61, 63]"
390,13,1477440,A,0.003,0.75,180,0.9,14,11,32,0.01,"[0, 0, 0, 0, 0, 0, 0, 0, 0, 0, 0, 0, 0, 0, 0, 0, 0, 0, 0]"
388,12,1477440,A,0.003,0.75,180,0.9,14,11,32,0.155,"[0, 0, 0, 0, 0, 0, 0, 0, 0, 0, 8, 63, 41, 61, 51, 65, 71, 67, 46]"
386,12,1477440,A,0.003,0.75,180,0.9,14,11,32,0.145,"[0, 0, 0, 0, 0, 0, 0, 0, 2, 11, 22, 26, 46, 53, 59, 56, 63, 59, 51]"
396,13,1477440,A,0.003,0.75,180,0.9,14,11,32,0.045,"[0, 0, 0, 0, 0, 0, 0, 0, 0, 0, 0, 0, 0, 0, 0, 0, 0, 0, 0]"
395,13,1477440,A,0.003,0.75,180,0.9,14,11,32,0.035,"[0, 0, 0, 0, 0, 0, 0, 0, 0, 0, 0, 0, 0, 0, 0, 0, 0, 0, 0]"
389,12,1477440,A,0.003,0.75,180,0.9,14,11,32,0.16,"[0, 0, 0, 0, 0, 0, 0, 0, 14, 51, 60, 63, 50, 62, 60, 74, 74, 64, 74]"
394,13,1477440,A,0.003,0.75,180,0.9,14,11,32,0.03,"[0, 0, 0, 0, 0, 0, 0, 0, 0, 0, 0, 0, 0, 0, 0, 0, 0, 0, 0]"
399,13,1477440,A,0.003,0.75,180,0.9,14,11,32,0.06,"[0, 0, 0, 0, 0, 0, 0, 0, 0, 0, 0, 0, 0, 0, 0, 0, 0, 0, 0]"
397,13,1477440,A,0.003,0.75,180,0.9,14,11,32,0.05,"[0, 0, 0, 0, 0, 0, 0, 0, 0, 0, 0, 0, 0, 0, 0, 0, 0, 0, 0]"
387,12,1477440,A,0.003,0.75,180,0.9,14,11,32,0.15,"[0, 0, 0, 0, 47, 68, 54, 60, 59, 65, 64, 47, 50, 63, 65, 58, 55, 59, 61]"
398,13,1477440,A,0.003,0.75,180,0.9,14,11,32,0.055,"[0, 0, 0, 0, 0, 0, 0, 0, 0, 0, 0, 0, 0, 0, 0, 0, 0, 0, 0]"
400,13,1477440,A,0.003,0.75,180,0.9,14,11,32,0.065,"[0, 0, 0, 0, 0, 0, 0, 0, 0, 0, 0, 0, 0, 0, 0, 0, 0, 0, 0]"
401,13,1477440,A,0.003,0.75,180,0.9,14,11,32,0.07,"[0, 0, 0, 0, 0, 0, 0, 0, 0, 0, 3, 3, 0, 0, 0, 0, 0, 0, 0]"
402,13,1477440,A,0.003,0.75,180,0.9,14,11,32,0.075,"[0, 0, 0, 0, 0, 0, 0, 0, 0, 0, 0, 0, 0, 0, 0, 0, 0, 0, 0]"
403,13,1477440,A,0.003,0.75,180,0.9,14,11,32,0.08,"[0, 0, 0, 0, 0, 0, 0, 0, 0, 0, 1, 5, 0, 0, 0, 0, 0, 0, 0]"
404,13,1477440,A,0.003,0.75,180,0.9,14,11,32,0.085,"[0, 0, 0, 0, 0, 0, 0, 0, 0, 0, 0, 0, 0, 0, 0, 0, 0, 0, 0]"
405,13,1477440,A,0.003,0.75,180,0.9,14,11,32,0.09,"[0, 0, 0, 0, 0, 0, 0, 0, 2, 8, 5, 8, 0, 0, 0, 0, 0, 0, 0]"
406,13,1477440,A,0.003,0.75,180,0.9,14,11,32,0.095,"[0, 0, 0, 0, 0, 0, 0, 0, 0, 0, 0, 0, 0, 0, 0, 0, 0, 0, 0]"
407,13,1477440,A,0.003,0.75,180,0.9,14,11,32,0.1,"[0, 0, 0, 0, 0, 0, 0, 0, 2, 1, 0, 0, 0, 0, 0, 0, 0, 0, 0]"
411,13,1477440,A,0.003,0.75,180,0.9,14,11,32,0.12,"[0, 0, 0, 0, 0, 0, 0, 0, 0, 0, 0, 0, 0, 0, 0, 0, 0, 0, 0]"
410,13,1477440,A,0.003,0.75,180,0.9,14,11,32,0.115,"[0, 0, 0, 0, 0, 0, 0, 0, 0, 0, 0, 0, 0, 0, 0, 0, 4, 7, 2]"
421,14,1477440,A,0.003,0.75,180,0.9,14,11,32,0.015,"[0, 0, 0, 0, 0, 0, 0, 0, 0, 0, 0, 0, 0, 0, 0, 0, 0, 0, 0]"
408,13,1477440,A,0.003,0.75,180,0.9,14,11,32,0.105,"[0, 0, 0, 0, 0, 0, 0, 0, 0, 0, 17, 9, 7, 23, 39, 43, 40, 45, 21]"
414,13,1477440,A,0.003,0.75,180,0.9,14,11,32,0.135,"[0, 0, 0, 0, 0, 0, 0, 0, 0, 0, 4, 8, 0, 0, 0, 0, 0, 0, 0]"
422,14,1477440,A,0.003,0.75,180,0.9,14,11,32,0.02,"[0, 0, 0, 0, 0, 0, 0, 0, 0, 0, 0, 0, 0, 0, 0, 0, 0, 0, 0]"
409,13,1477440,A,0.003,0.75,180,0.9,14,11,32,0.11,"[0, 0, 8, 8, 10, 13, 11, 21, 39, 42, 57, 49, 13, 22, 34, 36, 46, 45, 41]"
424,14,1477440,A,0.003,0.75,180,0.9,14,11,32,0.03,"[0, 0, 0, 0, 0, 0, 0, 0, 0, 0, 0, 1, 0, 0, 1, 2, 0, 0, 0]"
423,14,1477440,A,0.003,0.75,180,0.9,14,11,32,0.025,"[0, 0, 0, 0, 0, 0, 0, 0, 0, 0, 0, 0, 0, 0, 0, 0, 0, 0, 0]"
416,13,1477440,A,0.003,0.75,180,0.9,14,11,32,0.145,"[0, 0, 0, 0, 2, 0, 0, 0, 0, 0, 0, 0, 0, 0, 0, 0, 0, 0, 0]"
412,13,1477440,A,0.003,0.75,180,0.9,14,11,32,0.125,"[0, 0, 0, 0, 0, 0, 0, 0, 0, 0, 4, 7, 20, 37, 54, 46, 52, 47, 39]"
420,14,1477440,A,0.003,0.75,180,0.9,14,11,32,0.01,"[0, 0, 0, 0, 0, 0, 0, 0, 0, 0, 0, 0, 0, 0, 0, 0, 0, 0, 0]"
415,13,1477440,A,0.003,0.75,180,0.9,14,11,32,0.14,"[0, 0, 0, 0, 0, 0, 0, 0, 0, 0, 11, 20, 17, 53, 59, 58, 59, 57, 39]"
427,14,1477440,A,0.003,0.75,180,0.9,14,11,32,0.05,"[0, 0, 0, 0, 0, 0, 0, 0, 0, 0, 0, 0, 0, 0, 0, 0, 0, 0, 0]"
413,13,1477440,A,0.003,0.75,180,0.9,14,11,32,0.13,"[0, 0, 0, 0, 0, 0, 0, 0, 4, 14, 18, 20, 6, 14, 16, 31, 44, 50, 12]"
419,13,1477440,A,0.003,0.75,180,0.9,14,11,32,0.16,"[0, 0, 0, 0, 0, 0, 0, 0, 7, 62, 60, 71, 46, 54, 73, 57, 63, 55, 32]"
425,14,1477440,A,0.003,0.75,180,0.9,14,11,32,0.035,"[0, 0, 0, 0, 0, 0, 0, 0, 0, 0, 0, 0, 0, 0, 0, 0, 0, 0, 0]"
426,14,1477440,A,0.003,0.75,180,0.9,14,11,32,0.045,"[0, 0, 0, 0, 0, 0, 0, 0, 0, 0, 0, 0, 0, 0, 0, 0, 0, 0, 0]"
428,14,1477440,A,0.003,0.75,180,0.9,14,11,32,0.055,"[0, 0, 0, 0, 0, 0, 0, 0, 0, 0, 0, 0, 0, 0, 0, 0, 0, 0, 0]"
430,14,1477440,A,0.003,0.75,180,0.9,14,11,32,0.065,"[0, 0, 0, 0, 0, 0, 0, 0, 0, 0, 0, 0, 0, 0, 0, 0, 0, 0, 0]"
433,14,1477440,A,0.003,0.75,180,0.9,14,11,32,0.08,"[0, 0, 0, 0, 0, 0, 0, 0, 0, 0, 0, 0, 0, 0, 0, 0, 1, 6, 0]"
434,14,1477440,A,0.003,0.75,180,0.9,14,11,32,0.085,"[0, 0, 0, 0, 0, 0, 0, 0, 1, 4, 10, 16, 0, 0, 0, 0, 0, 0, 0]"
431,14,1477440,A,0.003,0.75,180,0.9,14,11,32,0.07,"[0, 0, 0, 0, 0, 0, 0, 0, 0, 0, 0, 0, 0, 0, 0, 0, 0, 0, 0]"
417,13,1477440,A,0.003,0.75,180,0.9,14,11,32,0.15,"[0, 0, 13, 38, 52, 69, 40, 61, 55, 54, 67, 63, 42, 58, 54, 58, 58, 48, 44]"
436,14,1477440,A,0.003,0.75,180,0.9,14,11,32,0.095,"[0, 0, 0, 0, 0, 0, 0, 0, 0, 0, 0, 0, 0, 0, 0, 0, 0, 0, 0]"
438,14,1477440,A,0.003,0.75,180,0.9,14,11,32,0.105,"[0, 0, 0, 0, 0, 0, 0, 0, 0, 0, 0, 0, 0, 0, 0, 0, 0, 0, 0]"
429,14,1477440,A,0.003,0.75,180,0.9,14,11,32,0.06,"[0, 0, 0, 0, 0, 0, 0, 0, 0, 0, 0, 0, 0, 0, 0, 0, 0, 0, 0]"
432,14,1477440,A,0.003,0.75,180,0.9,14,11,32,0.075,"[0, 0, 0, 0, 0, 0, 0, 0, 0, 0, 0, 0, 0, 0, 0, 0, 0, 0, 0]"
435,14,1477440,A,0.003,0.75,180,0.9,14,11,32,0.09,"[0, 0, 0, 0, 0, 0, 0, 0, 0, 0, 0, 0, 0, 0, 0, 0, 0, 0, 0]"
437,14,1477440,A,0.003,0.75,180,0.9,14,11,32,0.1,"[0, 0, 0, 0, 0, 0, 0, 0, 0, 0, 0, 0, 0, 0, 0, 0, 0, 0, 0]"
418,13,1477440,A,0.003,0.75,180,0.9,14,11,32,0.155,"[0, 0, 0, 0, 0, 0, 0, 0, 47, 54, 60, 66, 33, 66, 68, 66, 72, 55, 41]"
444,14,1477440,A,0.003,0.75,180,0.9,14,11,32,0.135,"[0, 0, 0, 0, 0, 0, 0, 0, 0, 0, 0, 0, 0, 0, 0, 0, 0, 0, 0]"
443,14,1477440,A,0.003,0.75,180,0.9,14,11,32,0.13,"[0, 0, 0, 0, 0, 0, 0, 0, 0, 0, 0, 0, 0, 0, 0, 0, 0, 0, 0]"
439,14,1477440,A,0.003,0.75,180,0.9,14,11,32,0.11,"[0, 0, 0, 0, 0, 0, 0, 0, 0, 0, 4, 12, 0, 0, 0, 0, 0, 0, 0]"
442,14,1477440,A,0.003,0.75,180,0.9,14,11,32,0.125,"[0, 0, 0, 0, 0, 0, 0, 0, 0, 0, 0, 0, 0, 0, 0, 0, 0, 0, 0]"
440,14,1477440,A,0.003,0.75,180,0.9,14,11,32,0.115,"[0, 0, 0, 0, 0, 0, 0, 0, 0, 0, 0, 0, 0, 0, 0, 0, 0, 0, 0]"
441,14,1477440,A,0.003,0.75,180,0.9,14,11,32,0.12,"[0, 0, 0, 0, 0, 0, 0, 0, 5, 12, 48, 50, 4, 7, 27, 54, 58, 51, 20]"
446,14,1477440,A,0.003,0.75,180,0.9,14,11,32,0.145,"[0, 0, 0, 0, 0, 0, 0, 0, 0, 0, 15, 54, 40, 57, 66, 64, 62, 58, 25]"
447,14,1477440,A,0.003,0.75,180,0.9,14,11,32,0.15,"[0, 0, 0, 0, 0, 0, 0, 0, 0, 0, 23, 47, 61, 63, 68, 64, 57, 65, 43]"
445,14,1477440,A,0.003,0.75,180,0.9,14,11,32,0.14,"[0, 0, 3, 20, 55, 54, 26, 59, 58, 61, 62, 67, 36, 57, 54, 62, 55, 59, 34]"
448,14,1477440,A,0.003,0.75,180,0.9,14,11,32,0.155,"[0, 0, 15, 33, 59, 54, 46, 48, 57, 62, 64, 51, 36, 66, 62, 62, 52, 63, 64]"
449,14,1477440,A,0.003,0.75,180,0.9,14,11,32,0.16,"[0, 0, 22, 65, 65, 66, 54, 63, 62, 64, 73, 59, 50, 56, 71, 57, 56, 61, 49]"
452,15,1477440,A,0.003,0.75,180,0.9,14,11,32,0.02,"[0, 0, 0, 0, 0, 0, 0, 0, 0, 0, 0, 0, 0, 0, 0, 0, 0, 0, 0]"
450,15,1477440,A,0.003,0.75,180,0.9,14,11,32,0.01,"[0, 0, 0, 0, 0, 0, 0, 0, 0, 0, 0, 0, 0, 0, 0, 0, 0, 0, 0]"
453,15,1477440,A,0.003,0.75,180,0.9,14,11,32,0.025,"[0, 0, 0, 0, 0, 0, 0, 0, 0, 0, 0, 0, 0, 0, 0, 0, 0, 0, 0]"
451,15,1477440,A,0.003,0.75,180,0.9,14,11,32,0.015,"[0, 0, 0, 0, 0, 0, 0, 0, 0, 0, 0, 0, 0, 0, 0, 0, 0, 0, 0]"
454,15,1477440,A,0.003,0.75,180,0.9,14,11,32,0.03,"[0, 0, 0, 0, 0, 0, 0, 0, 0, 0, 0, 0, 0, 0, 0, 0, 0, 0, 0]"
456,15,1477440,A,0.003,0.75,180,0.9,14,11,32,0.045,"[0, 0, 0, 0, 0, 0, 0, 0, 0, 0, 0, 0, 0, 0, 0, 0, 0, 0, 0]"
455,15,1477440,A,0.003,0.75,180,0.9,14,11,32,0.035,"[0, 0, 0, 0, 0, 0, 0, 0, 0, 0, 0, 0, 0, 0, 0, 0, 0, 0, 0]"
461,15,1477440,A,0.003,0.75,180,0.9,14,11,32,0.07,"[0, 0, 0, 0, 0, 0, 0, 0, 0, 0, 0, 0, 0, 0, 0, 0, 0, 0, 0]"
460,15,1477440,A,0.003,0.75,180,0.9,14,11,32,0.065,"[0, 0, 0, 0, 0, 0, 0, 0, 0, 0, 2, 3, 0, 0, 0, 0, 0, 0, 0]"
457,15,1477440,A,0.003,0.75,180,0.9,14,11,32,0.05,"[0, 0, 0, 0, 1, 0, 0, 0, 0, 0, 3, 1, 0, 0, 0, 0, 0, 0, 0]"
458,15,1477440,A,0.003,0.75,180,0.9,14,11,32,0.055,"[0, 0, 0, 0, 0, 0, 0, 0, 0, 0, 0, 0, 0, 0, 0, 0, 0, 0, 0]"
463,15,1477440,A,0.003,0.75,180,0.9,14,11,32,0.08,"[0, 0, 0, 4, 9, 9, 0, 0, 0, 0, 0, 0, 0, 0, 0, 0, 1, 0, 0]"
459,15,1477440,A,0.003,0.75,180,0.9,14,11,32,0.06,"[0, 0, 0, 0, 0, 0, 0, 0, 0, 0, 0, 0, 0, 0, 0, 0, 0, 0, 0]"
465,15,1477440,A,0.003,0.75,180,0.9,14,11,32,0.09,"[0, 0, 0, 0, 0, 0, 0, 0, 0, 0, 4, 3, 0, 0, 0, 0, 0, 0, 0]"
462,15,1477440,A,0.003,0.75,180,0.9,14,11,32,0.075,"[0, 0, 0, 0, 0, 0, 0, 0, 0, 0, 0, 0, 0, 0, 0, 0, 0, 0, 0]"
466,15,1477440,A,0.003,0.75,180,0.9,14,11,32,0.095,"[0, 0, 0, 0, 0, 0, 0, 0, 0, 0, 3, 24, 3, 0, 0, 0, 0, 0, 0]"
464,15,1477440,A,0.003,0.75,180,0.9,14,11,32,0.085,"[0, 0, 0, 0, 1, 0, 0, 0, 2, 7, 7, 8, 0, 0, 0, 0, 0, 0, 0]"
481,16,1477440,A,0.003,0.75,180,0.9,14,11,32,0.015,"[0, 0, 0, 0, 0, 0, 0, 0, 0, 0, 0, 0, 0, 0, 0, 0, 0, 0, 0]"
470,15,1477440,A,0.003,0.75,180,0.9,14,11,32,0.115,"[0, 0, 0, 0, 0, 0, 0, 0, 0, 0, 0, 0, 0, 0, 0, 0, 0, 0, 0]"
471,15,1477440,A,0.003,0.75,180,0.9,14,11,32,0.12,"[0, 0, 0, 0, 0, 0, 0, 0, 0, 0, 3, 10, 2, 19, 21, 39, 41, 52, 38]"
467,15,1477440,A,0.003,0.75,180,0.9,14,11,32,0.1,"[0, 0, 2, 10, 19, 19, 2, 6, 29, 26, 40, 36, 15, 27, 44, 44, 40, 38, 8]"
468,15,1477440,A,0.003,0.75,180,0.9,14,11,32,0.105,"[0, 0, 0, 0, 0, 0, 0, 0, 0, 0, 0, 0, 0, 0, 0, 0, 0, 0, 0]"
469,15,1477440,A,0.003,0.75,180,0.9,14,11,32,0.11,"[0, 0, 0, 0, 0, 0, 0, 0, 0, 0, 0, 0, 0, 0, 0, 0, 0, 0, 0]"
487,16,1477440,A,0.003,0.75,180,0.9,14,11,32,0.05,"[0, 0, 0, 0, 0, 0, 0, 0, 0, 0, 0, 0, 0, 0, 0, 0, 0, 0, 0]"
476,15,1477440,A,0.003,0.75,180,0.9,14,11,32,0.145,"[0, 0, 0, 0, 0, 0, 0, 0, 0, 0, 0, 0, 0, 0, 0, 0, 6, 32, 40]"
473,15,1477440,A,0.003,0.75,180,0.9,14,11,32,0.13,"[0, 0, 0, 0, 16, 22, 10, 11, 25, 56, 59, 64, 9, 44, 59, 55, 54, 51, 27]"
485,16,1477440,A,0.003,0.75,180,0.9,14,11,32,0.035,"[0, 0, 0, 0, 0, 0, 0, 0, 1, 2, 1, 1, 0, 0, 0, 0, 0, 0, 0]"
483,16,1477440,A,0.003,0.75,180,0.9,14,11,32,0.025,"[0, 0, 0, 0, 0, 0, 0, 0, 0, 0, 0, 0, 0, 0, 0, 0, 0, 0, 0]"
480,16,1477440,A,0.003,0.75,180,0.9,14,11,32,0.01,"[0, 0, 0, 0, 0, 0, 0, 0, 0, 0, 0, 0, 0, 0, 0, 0, 0, 0, 0]"
488,16,1477440,A,0.003,0.75,180,0.9,14,11,32,0.055,"[0, 0, 0, 0, 0, 0, 0, 0, 0, 0, 0, 0, 0, 0, 0, 0, 0, 0, 0]"
484,16,1477440,A,0.003,0.75,180,0.9,14,11,32,0.03,"[0, 0, 0, 0, 0, 0, 0, 0, 1, 0, 0, 0, 0, 0, 0, 0, 0, 0, 0]"
486,16,1477440,A,0.003,0.75,180,0.9,14,11,32,0.045,"[0, 0, 0, 0, 0, 0, 0, 0, 0, 0, 0, 0, 0, 0, 0, 0, 0, 0, 0]"
475,15,1477440,A,0.003,0.75,180,0.9,14,11,32,0.14,"[0, 0, 15, 62, 56, 54, 11, 22, 50, 51, 55, 63, 34, 70, 64, 60, 55, 56, 33]"
490,16,1477440,A,0.003,0.75,180,0.9,14,11,32,0.065,"[0, 0, 0, 0, 0, 0, 0, 0, 0, 0, 0, 0, 0, 0, 0, 0, 0, 0, 0]"
489,16,1477440,A,0.003,0.75,180,0.9,14,11,32,0.06,"[0, 0, 0, 0, 0, 0, 0, 0, 1, 4, 2, 10, 1, 1, 4, 5, 8, 12, 4]"
482,16,1477440,A,0.003,0.75,180,0.9,14,11,32,0.02,"[0, 0, 0, 0, 0, 0, 0, 0, 0, 0, 0, 0, 0, 0, 0, 0, 0, 0, 0]"
474,15,1477440,A,0.003,0.75,180,0.9,14,11,32,0.135,"[0, 0, 0, 0, 33, 50, 42, 49, 59, 62, 55, 55, 41, 54, 55, 68, 58, 61, 21]"
477,15,1477440,A,0.003,0.75,180,0.9,14,11,32,0.15,"[0, 0, 0, 0, 0, 0, 0, 0, 0, 0, 0, 0, 0, 0, 0, 0, 0, 0, 0]"
492,16,1477440,A,0.003,0.75,180,0.9,14,11,32,0.075,"[0, 0, 0, 0, 0, 0, 0, 0, 0, 0, 0, 0, 0, 0, 0, 0, 0, 0, 0]"
479,15,1477440,A,0.003,0.75,180,0.9,14,11,32,0.16,"[0, 0, 31, 69, 69, 71, 50, 70, 63, 75, 67, 63, 47, 55, 66, 64, 66, 56, 67]"
494,16,1477440,A,0.003,0.75,180,0.9,14,11,32,0.085,"[0, 0, 0, 0, 0, 0, 0, 0, 0, 12, 12, 12, 0, 0, 0, 0, 4, 8, 0]"
472,15,1477440,A,0.003,0.75,180,0.9,14,11,32,0.125,"[0, 0, 8, 35, 47, 53, 26, 36, 50, 50, 52, 47, 20, 41, 47, 63, 45, 52, 38]"
478,15,1477440,A,0.003,0.75,180,0.9,14,11,32,0.155,"[0, 0, 0, 0, 5, 50, 53, 66, 59, 60, 72, 62, 52, 60, 59, 61, 67, 53, 47]"
491,16,1477440,A,0.003,0.75,180,0.9,14,11,32,0.07,"[0, 0, 2, 7, 5, 5, 2, 3, 6, 12, 12, 11, 4, 14, 16, 16, 16, 19, 0]"
495,16,1477440,A,0.003,0.75,180,0.9,14,11,32,0.09,"[0, 0, 0, 0, 0, 0, 0, 0, 0, 0, 0, 0, 0, 0, 0, 0, 1, 8, 5]"
493,16,1477440,A,0.003,0.75,180,0.9,14,11,32,0.08,"[0, 0, 0, 0, 0, 4, 0, 0, 0, 0, 0, 0, 0, 0, 0, 0, 0, 0, 0]"
497,16,1477440,A,0.003,0.75,180,0.9,14,11,32,0.1,"[0, 0, 0, 0, 0, 0, 0, 0, 0, 0, 3, 15, 10, 16, 14, 20, 18, 31, 11]"
496,16,1477440,A,0.003,0.75,180,0.9,14,11,32,0.095,"[0, 0, 0, 0, 0, 0, 0, 0, 4, 10, 9, 15, 5, 4, 4, 19, 18, 19, 18]"
498,16,1477440,A,0.003,0.75,180,0.9,14,11,32,0.105,"[0, 0, 5, 5, 9, 7, 0, 0, 0, 0, 0, 0, 0, 0, 0, 0, 0, 0, 0]"
499,16,1477440,A,0.003,0.75,180,0.9,14,11,32,0.11,"[0, 0, 0, 0, 0, 0, 0, 0, 0, 0, 1, 0, 0, 0, 0, 0, 3, 15, 5]"
500,16,1477440,A,0.003,0.75,180,0.9,14,11,32,0.115,"[0, 0, 10, 34, 41, 46, 52, 59, 44, 45, 60, 52, 21, 24, 37, 38, 47, 52, 20]"
504,16,1477440,A,0.003,0.75,180,0.9,14,11,32,0.135,"[0, 0, 0, 0, 21, 34, 7, 19, 32, 30, 44, 58, 18, 31, 49, 57, 47, 56, 42]"
501,16,1477440,A,0.003,0.75,180,0.9,14,11,32,0.12,"[0, 0, 0, 0, 1, 0, 0, 0, 7, 19, 26, 30, 36, 54, 40, 49, 48, 60, 16]"
502,16,1477440,A,0.003,0.75,180,0.9,14,11,32,0.125,"[0, 0, 0, 0, 0, 0, 0, 0, 14, 27, 46, 57, 33, 46, 52, 43, 45, 65, 22]"
503,16,1477440,A,0.003,0.75,180,0.9,14,11,32,0.13,"[0, 0, 5, 18, 34, 42, 49, 47, 52, 65, 56, 50, 33, 52, 58, 54, 48, 55, 27]"
510,17,1477440,A,0.003,0.75,180,0.9,14,11,32,0.01,"[0, 0, 0, 0, 0, 0, 0, 0, 0, 0, 0, 0, 0, 0, 0, 0, 0, 0, 0]"
511,17,1477440,A,0.003,0.75,180,0.9,14,11,32,0.015,"[0, 0, 0, 0, 0, 0, 0, 0, 0, 0, 0, 0, 0, 0, 0, 0, 0, 0, 0]"
518,17,1477440,A,0.003,0.75,180,0.9,14,11,32,0.055,"[0, 0, 0, 0, 0, 0, 0, 0, 0, 0, 0, 0, 0, 0, 0, 0, 0, 0, 0]"
508,16,1477440,A,0.003,0.75,180,0.9,14,11,32,0.155,"[0, 0, 0, 0, 0, 0, 0, 0, 19, 59, 57, 69, 24, 66, 67, 67, 63, 70, 45]"
514,17,1477440,A,0.003,0.75,180,0.9,14,11,32,0.03,"[0, 0, 0, 0, 0, 0, 0, 0, 0, 0, 0, 0, 0, 0, 0, 0, 0, 0, 0]"
512,17,1477440,A,0.003,0.75,180,0.9,14,11,32,0.02,"[0, 0, 0, 0, 0, 0, 0, 0, 0, 0, 0, 0, 0, 0, 0, 0, 0, 0, 0]"
513,17,1477440,A,0.003,0.75,180,0.9,14,11,32,0.025,"[0, 0, 0, 0, 0, 0, 0, 0, 0, 0, 0, 0, 0, 0, 0, 0, 0, 0, 0]"
506,16,1477440,A,0.003,0.75,180,0.9,14,11,32,0.145,"[0, 0, 0, 0, 17, 19, 37, 68, 59, 58, 69, 55, 41, 67, 65, 48, 63, 57, 31]"
505,16,1477440,A,0.003,0.75,180,0.9,14,11,32,0.14,"[0, 0, 0, 0, 0, 0, 0, 0, 6, 19, 42, 48, 40, 55, 57, 62, 57, 57, 31]"
515,17,1477440,A,0.003,0.75,180,0.9,14,11,32,0.035,"[0, 0, 0, 0, 0, 0, 0, 0, 0, 0, 0, 0, 0, 0, 0, 0, 0, 0, 0]"
507,16,1477440,A,0.003,0.75,180,0.9,14,11,32,0.15,"[0, 0, 3, 21, 57, 65, 7, 56, 56, 55, 57, 74, 50, 46, 59, 72, 59, 70, 24]"
521,17,1477440,A,0.003,0.75,180,0.9,14,11,32,0.07,"[0, 0, 0, 0, 0, 0, 0, 0, 6, 4, 5, 6, 0, 0, 0, 0, 0, 0, 0]"
509,16,1477440,A,0.003,0.75,180,0.9,14,11,32,0.16,"[0, 0, 0, 0, 0, 0, 0, 0, 61, 74, 73, 58, 6, 61, 66, 54, 67, 70, 46]"
527,17,1477440,A,0.003,0.75,180,0.9,14,11,32,0.1,"[0, 0, 0, 0, 0, 0, 0, 0, 0, 0, 0, 0, 0, 0, 0, 0, 0, 0, 0]"
519,17,1477440,A,0.003,0.75,180,0.9,14,11,32,0.06,"[0, 0, 0, 0, 0, 0, 0, 0, 0, 0, 1, 0, 0, 0, 0, 0, 0, 0, 0]"
522,17,1477440,A,0.003,0.75,180,0.9,14,11,32,0.075,"[0, 0, 0, 0, 0, 0, 0, 0, 1, 0, 0, 0, 0, 0, 0, 0, 0, 0, 0]"
516,17,1477440,A,0.003,0.75,180,0.9,14,11,32,0.045,"[0, 0, 0, 0, 0, 0, 0, 0, 0, 0, 0, 0, 0, 0, 0, 0, 0, 0, 0]"
526,17,1477440,A,0.003,0.75,180,0.9,14,11,32,0.095,"[0, 0, 0, 0, 0, 0, 0, 0, 0, 0, 0, 0, 0, 0, 0, 0, 1, 0, 0]"
523,17,1477440,A,0.003,0.75,180,0.9,14,11,32,0.08,"[0, 0, 0, 0, 0, 0, 0, 0, 0, 0, 0, 0, 0, 0, 0, 0, 0, 0, 0]"
520,17,1477440,A,0.003,0.75,180,0.9,14,11,32,0.065,"[0, 0, 4, 4, 6, 4, 0, 3, 5, 2, 6, 4, 0, 0, 0, 0, 0, 0, 0]"
525,17,1477440,A,0.003,0.75,180,0.9,14,11,32,0.09,"[0, 0, 0, 0, 0, 0, 0, 0, 0, 0, 0, 0, 0, 0, 0, 0, 0, 0, 0]"
517,17,1477440,A,0.003,0.75,180,0.9,14,11,32,0.05,"[0, 0, 0, 0, 0, 0, 0, 0, 0, 0, 0, 0, 0, 0, 0, 0, 0, 0, 0]"
524,17,1477440,A,0.003,0.75,180,0.9,14,11,32,0.085,"[0, 0, 6, 7, 9, 9, 0, 0, 0, 0, 0, 0, 0, 0, 0, 0, 0, 0, 0]"
528,17,1477440,A,0.003,0.75,180,0.9,14,11,32,0.105,"[0, 0, 0, 0, 0, 0, 0, 0, 5, 13, 26, 43, 14, 15, 23, 25, 29, 47, 7]"
530,17,1477440,A,0.003,0.75,180,0.9,14,11,32,0.115,"[0, 0, 0, 0, 0, 0, 0, 0, 15, 30, 34, 50, 45, 40, 44, 57, 51, 53, 12]"
541,18,1477440,A,0.003,0.75,180,0.9,14,11,32,0.015,"[0, 0, 0, 0, 0, 0, 0, 0, 0, 0, 0, 0, 0, 0, 0, 0, 0, 0, 0]"
529,17,1477440,A,0.003,0.75,180,0.9,14,11,32,0.11,"[0, 0, 0, 0, 0, 0, 0, 0, 8, 5, 18, 29, 4, 3, 4, 6, 5, 12, 0]"
538,17,1477440,A,0.003,0.75,180,0.9,14,11,32,0.155,"[0, 0, 0, 0, 0, 0, 0, 0, 0, 0, 0, 0, 0, 0, 0, 0, 0, 0, 0]"
531,17,1477440,A,0.003,0.75,180,0.9,14,11,32,0.12,"[0, 0, 0, 0, 5, 10, 2, 8, 20, 28, 39, 52, 40, 48, 44, 49, 64, 51, 0]"
542,18,1477440,A,0.003,0.75,180,0.9,14,11,32,0.02,"[0, 0, 0, 0, 0, 0, 0, 0, 0, 0, 0, 0, 0, 0, 0, 0, 0, 0, 0]"
540,18,1477440,A,0.003,0.75,180,0.9,14,11,32,0.01,"[0, 0, 0, 0, 0, 0, 0, 0, 0, 0, 0, 0, 0, 0, 0, 0, 0, 0, 0]"
533,17,1477440,A,0.003,0.75,180,0.9,14,11,32,0.13,"[0, 0, 0, 0, 0, 0, 0, 0, 19, 32, 52, 49, 27, 42, 46, 53, 55, 45, 20]"
532,17,1477440,A,0.003,0.75,180,0.9,14,11,32,0.125,"[0, 0, 11, 28, 47, 60, 40, 55, 55, 58, 50, 65, 5, 29, 36, 51, 57, 53, 26]"
535,17,1477440,A,0.003,0.75,180,0.9,14,11,32,0.14,"[0, 0, 0, 0, 0, 0, 0, 0, 9, 50, 65, 61, 51, 51, 51, 58, 56, 68, 16]"
543,18,1477440,A,0.003,0.75,180,0.9,14,11,32,0.025,"[0, 0, 0, 0, 0, 0, 0, 0, 0, 0, 0, 0, 0, 0, 0, 0, 0, 0, 0]"
539,17,1477440,A,0.003,0.75,180,0.9,14,11,32,0.16,"[0, 0, 1, 0, 0, 0, 0, 0, 0, 0, 35, 59, 49, 71, 71, 69, 55, 61, 35]"
545,18,1477440,A,0.003,0.75,180,0.9,14,11,32,0.035,"[0, 0, 0, 0, 0, 0, 0, 0, 0, 0, 0, 0, 0, 0, 0, 0, 0, 0, 0]"
544,18,1477440,A,0.003,0.75,180,0.9,14,11,32,0.03,"[0, 0, 0, 0, 0, 0, 0, 0, 0, 0, 0, 0, 0, 0, 0, 0, 0, 0, 0]"
534,17,1477440,A,0.003,0.75,180,0.9,14,11,32,0.135,"[0, 0, 12, 44, 51, 52, 16, 47, 72, 60, 56, 60, 54, 45, 60, 67, 64, 66, 27]"
536,17,1477440,A,0.003,0.75,180,0.9,14,11,32,0.145,"[0, 0, 7, 14, 58, 64, 52, 63, 52, 66, 56, 51, 48, 44, 62, 51, 57, 63, 44]"
537,17,1477440,A,0.003,0.75,180,0.9,14,11,32,0.15,"[0, 0, 0, 0, 0, 0, 0, 0, 0, 0, 16, 61, 51, 60, 57, 50, 60, 54, 45]"
547,18,1477440,A,0.003,0.75,180,0.9,14,11,32,0.05,"[0, 0, 0, 0, 0, 0, 0, 0, 0, 0, 1, 0, 0, 0, 0, 0, 0, 0, 0]"
549,18,1477440,A,0.003,0.75,180,0.9,14,11,32,0.06,"[0, 0, 0, 0, 0, 0, 0, 0, 0, 0, 2, 0, 0, 0, 0, 0, 0, 0, 0]"
548,18,1477440,A,0.003,0.75,180,0.9,14,11,32,0.055,"[0, 0, 0, 0, 0, 0, 0, 0, 0, 0, 0, 0, 0, 0, 0, 0, 0, 0, 0]"
546,18,1477440,A,0.003,0.75,180,0.9,14,11,32,0.045,"[0, 0, 0, 0, 0, 0, 0, 0, 0, 0, 0, 0, 0, 0, 0, 0, 0, 0, 0]"
550,18,1477440,A,0.003,0.75,180,0.9,14,11,32,0.065,"[0, 0, 0, 0, 0, 0, 0, 0, 1, 0, 0, 0, 0, 0, 0, 0, 0, 0, 0]"
551,18,1477440,A,0.003,0.75,180,0.9,14,11,32,0.07,"[0, 0, 0, 0, 0, 0, 0, 0, 0, 0, 0, 0, 0, 0, 0, 0, 0, 0, 0]"
553,18,1477440,A,0.003,0.75,180,0.9,14,11,32,0.08,"[0, 0, 0, 0, 0, 0, 0, 0, 0, 0, 0, 0, 0, 0, 0, 0, 0, 0, 0]"
555,18,1477440,A,0.003,0.75,180,0.9,14,11,32,0.09,"[0, 0, 0, 0, 0, 0, 0, 0, 0, 0, 0, 0, 0, 0, 0, 0, 0, 0, 0]"
554,18,1477440,A,0.003,0.75,180,0.9,14,11,32,0.085,"[0, 0, 0, 0, 1, 0, 0, 0, 0, 0, 0, 0, 0, 0, 0, 0, 0, 0, 0]"
552,18,1477440,A,0.003,0.75,180,0.9,14,11,32,0.075,"[0, 0, 0, 0, 0, 0, 0, 0, 0, 0, 0, 0, 0, 0, 0, 0, 0, 0, 0]"
558,18,1477440,A,0.003,0.75,180,0.9,14,11,32,0.105,"[0, 0, 2, 4, 18, 26, 0, 0, 0, 0, 0, 0, 0, 0, 0, 0, 0, 0, 0]"
571,19,1477440,A,0.003,0.75,180,0.9,14,11,32,0.015,"[0, 0, 0, 0, 0, 0, 0, 0, 0, 0, 0, 0, 0, 0, 0, 0, 0, 0, 0]"
557,18,1477440,A,0.003,0.75,180,0.9,14,11,32,0.1,"[0, 0, 0, 0, 0, 0, 0, 0, 0, 0, 0, 0, 0, 0, 0, 0, 0, 0, 0]"
564,18,1477440,A,0.003,0.75,180,0.9,14,11,32,0.135,"[0, 0, 1, 0, 0, 0, 0, 0, 0, 0, 0, 0, 0, 0, 0, 0, 0, 0, 0]"
556,18,1477440,A,0.003,0.75,180,0.9,14,11,32,0.095,"[0, 0, 4, 15, 24, 33, 8, 19, 27, 31, 33, 38, 10, 16, 21, 27, 35, 41, 14]"
559,18,1477440,A,0.003,0.75,180,0.9,14,11,32,0.11,"[0, 0, 3, 9, 13, 20, 9, 18, 13, 36, 40, 46, 38, 41, 51, 41, 46, 42, 0]"
561,18,1477440,A,0.003,0.75,180,0.9,14,11,32,0.12,"[0, 0, 0, 0, 0, 0, 0, 0, 0, 0, 6, 21, 7, 23, 38, 45, 53, 50, 32]"
562,18,1477440,A,0.003,0.75,180,0.9,14,11,32,0.125,"[0, 0, 0, 0, 0, 0, 0, 0, 0, 0, 0, 0, 0, 0, 0, 0, 0, 0, 0]"
572,19,1477440,A,0.003,0.75,180,0.9,14,11,32,0.02,"[0, 0, 0, 0, 0, 0, 0, 0, 0, 0, 0, 0, 0, 0, 0, 0, 0, 0, 0]"
576,19,1477440,A,0.003,0.75,180,0.9,14,11,32,0.045,"[0, 0, 0, 0, 0, 0, 0, 0, 0, 0, 0, 0, 0, 0, 0, 0, 0, 0, 0]"
570,19,1477440,A,0.003,0.75,180,0.9,14,11,32,0.01,"[0, 0, 0, 0, 0, 0, 0, 0, 0, 0, 0, 0, 0, 0, 0, 0, 0, 0, 0]"
577,19,1477440,A,0.003,0.75,180,0.9,14,11,32,0.05,"[0, 0, 0, 0, 0, 0, 0, 0, 0, 0, 0, 0, 0, 0, 0, 0, 0, 0, 0]"
574,19,1477440,A,0.003,0.75,180,0.9,14,11,32,0.03,"[0, 0, 0, 0, 0, 0, 0, 0, 0, 0, 0, 0, 0, 0, 0, 0, 0, 0, 0]"
575,19,1477440,A,0.003,0.75,180,0.9,14,11,32,0.035,"[0, 0, 0, 0, 0, 0, 0, 0, 0, 0, 0, 0, 0, 0, 0, 0, 0, 0, 0]"
560,18,1477440,A,0.003,0.75,180,0.9,14,11,32,0.115,"[0, 0, 0, 0, 0, 0, 0, 0, 12, 9, 23, 40, 25, 50, 54, 49, 44, 54, 18]"
578,19,1477440,A,0.003,0.75,180,0.9,14,11,32,0.055,"[0, 0, 0, 0, 0, 0, 0, 0, 0, 0, 0, 0, 0, 0, 0, 0, 0, 0, 0]"
573,19,1477440,A,0.003,0.75,180,0.9,14,11,32,0.025,"[0, 0, 0, 0, 0, 0, 0, 0, 0, 0, 0, 0, 0, 0, 0, 0, 0, 0, 0]"
566,18,1477440,A,0.003,0.75,180,0.9,14,11,32,0.145,"[0, 0, 8, 30, 48, 57, 42, 50, 61, 68, 45, 84, 58, 68, 57, 65, 51, 62, 32]"
563,18,1477440,A,0.003,0.75,180,0.9,14,11,32,0.13,"[0, 0, 0, 0, 28, 49, 45, 48, 55, 59, 65, 57, 32, 49, 48, 55, 62, 69, 38]"
565,18,1477440,A,0.003,0.75,180,0.9,14,11,32,0.14,"[0, 0, 10, 14, 67, 66, 22, 55, 47, 55, 48, 61, 30, 52, 59, 58, 59, 61, 37]"
579,19,1477440,A,0.003,0.75,180,0.9,14,11,32,0.06,"[0, 0, 0, 0, 0, 0, 0, 0, 1, 0, 0, 0, 0, 0, 0, 0, 0, 0, 0]"
569,18,1477440,A,0.003,0.75,180,0.9,14,11,32,0.16,"[0, 0, 0, 0, 10, 47, 59, 56, 64, 76, 55, 53, 58, 66, 69, 62, 53, 61, 47]"
582,19,1477440,A,0.003,0.75,180,0.9,14,11,32,0.075,"[0, 0, 0, 0, 0, 0, 0, 0, 0, 0, 0, 0, 0, 0, 0, 0, 0, 0, 0]"
580,19,1477440,A,0.003,0.75,180,0.9,14,11,32,0.065,"[0, 0, 0, 0, 0, 0, 0, 0, 0, 0, 0, 0, 0, 0, 0, 0, 1, 0, 0]"
567,18,1477440,A,0.003,0.75,180,0.9,14,11,32,0.15,"[0, 0, 0, 0, 0, 0, 0, 0, 21, 56, 59, 64, 49, 62, 58, 59, 62, 59, 49]"
568,18,1477440,A,0.003,0.75,180,0.9,14,11,32,0.155,"[0, 0, 42, 63, 55, 60, 60, 63, 72, 63, 56, 67, 55, 63, 73, 61, 55, 65, 57]"
581,19,1477440,A,0.003,0.75,180,0.9,14,11,32,0.07,"[0, 0, 0, 0, 0, 0, 0, 0, 0, 0, 0, 0, 0, 0, 0, 0, 0, 0, 0]"
585,19,1477440,A,0.003,0.75,180,0.9,14,11,32,0.09,"[0, 0, 0, 0, 0, 0, 0, 0, 1, 9, 9, 6, 0, 0, 0, 0, 0, 0, 0]"
584,19,1477440,A,0.003,0.75,180,0.9,14,11,32,0.085,"[0, 0, 0, 0, 0, 0, 0, 0, 3, 9, 7, 4, 0, 0, 0, 0, 0, 0, 0]"
587,19,1477440,A,0.003,0.75,180,0.9,14,11,32,0.1,"[0, 0, 0, 0, 0, 0, 0, 0, 0, 0, 0, 0, 0, 0, 0, 0, 0, 0, 0]"
586,19,1477440,A,0.003,0.75,180,0.9,14,11,32,0.095,"[0, 0, 0, 0, 0, 0, 0, 0, 0, 0, 0, 0, 0, 0, 0, 0, 1, 5, 0]"
588,19,1477440,A,0.003,0.75,180,0.9,14,11,32,0.105,"[0, 0, 0, 0, 0, 0, 0, 0, 1, 11, 15, 33, 4, 15, 24, 17, 42, 38, 21]"
592,19,1477440,A,0.003,0.75,180,0.9,14,11,32,0.125,"[0, 0, 0, 0, 0, 0, 0, 0, 0, 0, 5, 20, 2, 14, 22, 32, 26, 48, 30]"
583,19,1477440,A,0.003,0.75,180,0.9,14,11,32,0.08,"[0, 0, 0, 0, 0, 0, 0, 0, 0, 0, 0, 0, 0, 0, 0, 0, 0, 0, 0]"
593,19,1477440,A,0.003,0.75,180,0.9,14,11,32,0.13,"[0, 0, 0, 0, 1, 0, 0, 0, 0, 0, 0, 0, 0, 0, 0, 0, 0, 0, 0]"
596,19,1477440,A,0.003,0.75,180,0.9,14,11,32,0.145,"[0, 0, 0, 0, 0, 0, 0, 0, 0, 0, 0, 0, 0, 0, 0, 0, 0, 0, 0]"
591,19,1477440,A,0.003,0.75,180,0.9,14,11,32,0.12,"[0, 0, 0, 0, 0, 0, 0, 0, 0, 0, 0, 0, 0, 0, 0, 0, 0, 0, 0]"
589,19,1477440,A,0.003,0.75,180,0.9,14,11,32,0.11,"[0, 0, 0, 0, 0, 0, 0, 0, 0, 0, 7, 32, 18, 24, 42, 42, 52, 38, 28]"
590,19,1477440,A,0.003,0.75,180,0.9,14,11,32,0.115,"[0, 0, 0, 17, 33, 34, 39, 51, 51, 53, 47, 46, 5, 9, 32, 45, 44, 45, 41]"
594,19,1477440,A,0.003,0.75,180,0.9,14,11,32,0.135,"[0, 0, 9, 12, 27, 42, 39, 49, 50, 64, 66, 56, 40, 56, 67, 65, 52, 53, 38]"
595,19,1477440,A,0.003,0.75,180,0.9,14,11,32,0.14,"[0, 0, 0, 0, 0, 0, 0, 0, 7, 49, 53, 61, 43, 50, 53, 56, 65, 60, 49]"
597,19,1477440,A,0.003,0.75,180,0.9,14,11,32,0.15,"[0, 0, 0, 0, 0, 0, 0, 0, 0, 0, 0, 0, 0, 0, 0, 0, 0, 0, 0]"
598,19,1477440,A,0.003,0.75,180,0.9,14,11,32,0.155,"[0, 0, 0, 0, 0, 0, 0, 0, 0, 0, 27, 64, 44, 67, 57, 64, 64, 58, 49]"
599,19,1477440,A,0.003,0.75,180,0.9,14,11,32,0.16,"[0, 0, 20, 62, 68, 63, 54, 62, 67, 56, 62, 66, 46, 66, 71, 54, 50, 58, 43]"
602,20,1477440,A,0.003,0.75,180,0.9,14,11,32,0.02,"[0, 0, 0, 0, 0, 0, 0, 0, 0, 0, 0, 0, 0, 0, 0, 0, 0, 0, 0]"
600,20,1477440,A,0.003,0.75,180,0.9,14,11,32,0.01,"[0, 0, 0, 0, 0, 0, 0, 0, 0, 0, 0, 0, 0, 0, 0, 0, 0, 0, 0]"
601,20,1477440,A,0.003,0.75,180,0.9,14,11,32,0.015,"[0, 0, 0, 0, 0, 0, 0, 0, 0, 0, 0, 0, 0, 0, 0, 0, 0, 0, 0]"
603,20,1477440,A,0.003,0.75,180,0.9,14,11,32,0.025,"[0, 0, 0, 0, 0, 0, 0, 0, 0, 0, 0, 0, 0, 0, 0, 0, 0, 0, 0]"
607,20,1477440,A,0.003,0.75,180,0.9,14,11,32,0.05,"[0, 0, 0, 0, 0, 0, 0, 0, 0, 0, 0, 0, 0, 0, 0, 0, 0, 0, 0]"
604,20,1477440,A,0.003,0.75,180,0.9,14,11,32,0.03,"[0, 0, 0, 0, 0, 0, 0, 0, 0, 0, 0, 0, 0, 0, 0, 0, 0, 0, 0]"
605,20,1477440,A,0.003,0.75,180,0.9,14,11,32,0.035,"[0, 0, 0, 0, 0, 0, 0, 0, 0, 0, 0, 0, 0, 0, 0, 0, 0, 0, 0]"
609,20,1477440,A,0.003,0.75,180,0.9,14,11,32,0.06,"[0, 0, 0, 0, 0, 0, 0, 0, 0, 0, 0, 0, 0, 0, 0, 0, 0, 0, 0]"
611,20,1477440,A,0.003,0.75,180,0.9,14,11,32,0.07,"[0, 0, 0, 0, 4, 4, 0, 0, 0, 0, 1, 3, 0, 0, 0, 0, 0, 0, 0]"
606,20,1477440,A,0.003,0.75,180,0.9,14,11,32,0.045,"[0, 0, 0, 0, 0, 0, 0, 0, 0, 0, 0, 0, 0, 0, 0, 0, 0, 0, 0]"
610,20,1477440,A,0.003,0.75,180,0.9,14,11,32,0.065,"[0, 0, 0, 0, 0, 0, 0, 0, 0, 1, 4, 5, 0, 0, 0, 0, 0, 0, 0]"
608,20,1477440,A,0.003,0.75,180,0.9,14,11,32,0.055,"[0, 0, 0, 0, 0, 0, 0, 0, 0, 0, 0, 0, 0, 0, 0, 0, 0, 0, 0]"
613,20,1477440,A,0.003,0.75,180,0.9,14,11,32,0.08,"[0, 0, 0, 0, 0, 0, 0, 0, 0, 0, 4, 5, 0, 0, 0, 0, 0, 0, 0]"
614,20,1477440,A,0.003,0.75,180,0.9,14,11,32,0.085,"[0, 0, 0, 0, 0, 0, 0, 0, 0, 0, 0, 0, 0, 0, 0, 0, 1, 0, 0]"
612,20,1477440,A,0.003,0.75,180,0.9,14,11,32,0.075,"[0, 0, 0, 0, 0, 0, 0, 0, 0, 0, 0, 0, 0, 0, 0, 0, 0, 0, 0]"
616,20,1477440,A,0.003,0.75,180,0.9,14,11,32,0.095,"[0, 0, 0, 0, 0, 0, 0, 0, 0, 0, 0, 0, 0, 0, 0, 0, 0, 0, 0]"
623,20,1477440,A,0.003,0.75,180,0.9,14,11,32,0.13,"[0, 0, 0, 0, 0, 0, 0, 0, 0, 0, 0, 0, 0, 0, 0, 0, 13, 55, 43]"
617,20,1477440,A,0.003,0.75,180,0.9,14,11,32,0.1,"[0, 0, 12, 17, 20, 21, 1, 0, 5, 11, 16, 24, 4, 10, 20, 32, 19, 19, 0]"
624,20,1477440,A,0.003,0.75,180,0.9,14,11,32,0.135,"[0, 0, 0, 0, 0, 0, 0, 0, 0, 0, 0, 0, 0, 0, 0, 0, 0, 0, 0]"
615,20,1477440,A,0.003,0.75,180,0.9,14,11,32,0.09,"[0, 0, 0, 0, 0, 0, 0, 0, 0, 0, 0, 0, 0, 0, 0, 0, 2, 14, 4]"
618,20,1477440,A,0.003,0.75,180,0.9,14,11,32,0.105,"[0, 0, 0, 0, 4, 4, 0, 0, 0, 0, 1, 0, 0, 0, 0, 0, 0, 0, 0]"
628,20,1477440,A,0.003,0.75,180,0.9,14,11,32,0.155,"[0, 0, 1, 0, 0, 0, 0, 0, 0, 0, 0, 0, 0, 0, 0, 0, 0, 0, 0]"
625,20,1477440,A,0.003,0.75,180,0.9,14,11,32,0.14,"[0, 0, 0, 0, 0, 0, 0, 0, 0, 0, 0, 0, 0, 0, 0, 0, 0, 0, 0]"
632,21,1477440,A,0.003,0.75,180,0.9,14,11,32,0.02,"[0, 0, 0, 0, 0, 0, 0, 0, 0, 0, 0, 0, 0, 0, 0, 0, 0, 0, 0]"
620,20,1477440,A,0.003,0.75,180,0.9,14,11,32,0.115,"[0, 0, 0, 0, 0, 0, 0, 0, 0, 0, 0, 14, 2, 7, 13, 28, 27, 24, 5]"
621,20,1477440,A,0.003,0.75,180,0.9,14,11,32,0.12,"[0, 0, 6, 23, 40, 56, 23, 24, 28, 38, 45, 53, 42, 50, 50, 51, 59, 61, 17]"
619,20,1477440,A,0.003,0.75,180,0.9,14,11,32,0.11,"[0, 0, 0, 0, 0, 0, 0, 0, 2, 3, 20, 33, 0, 0, 0, 0, 0, 0, 0]"
631,21,1477440,A,0.003,0.75,180,0.9,14,11,32,0.015,"[0, 0, 0, 0, 0, 0, 0, 0, 0, 0, 0, 0, 0, 0, 0, 0, 0, 0, 0]"
630,21,1477440,A,0.003,0.75,180,0.9,14,11,32,0.01,"[0, 0, 0, 0, 0, 0, 0, 0, 0, 0, 0, 0, 0, 0, 0, 0, 0, 0, 0]"
634,21,1477440,A,0.003,0.75,180,0.9,14,11,32,0.03,"[0, 0, 0, 0, 0, 0, 0, 0, 0, 0, 0, 0, 0, 0, 0, 0, 0, 0, 0]"
633,21,1477440,A,0.003,0.75,180,0.9,14,11,32,0.025,"[0, 0, 0, 0, 0, 0, 0, 0, 0, 0, 0, 0, 0, 0, 0, 0, 0, 0, 0]"
626,20,1477440,A,0.003,0.75,180,0.9,14,11,32,0.145,"[0, 0, 0, 0, 0, 0, 0, 0, 6, 28, 67, 59, 36, 52, 48, 53, 49, 63, 36]"
637,21,1477440,A,0.003,0.75,180,0.9,14,11,32,0.05,"[0, 0, 0, 0, 0, 0, 0, 0, 2, 0, 0, 0, 0, 0, 0, 0, 0, 0, 0]"
635,21,1477440,A,0.003,0.75,180,0.9,14,11,32,0.035,"[0, 0, 0, 0, 0, 0, 0, 0, 0, 0, 0, 0, 0, 0, 0, 0, 0, 0, 0]"
622,20,1477440,A,0.003,0.75,180,0.9,14,11,32,0.125,"[0, 0, 14, 26, 33, 45, 13, 47, 62, 56, 42, 69, 40, 62, 66, 53, 66, 59, 10]"
638,21,1477440,A,0.003,0.75,180,0.9,14,11,32,0.055,"[0, 0, 0, 0, 0, 0, 0, 0, 0, 0, 0, 0, 0, 0, 0, 0, 0, 0, 0]"
641,21,1477440,A,0.003,0.75,180,0.9,14,11,32,0.07,"[0, 0, 0, 0, 0, 0, 0, 0, 0, 0, 0, 0, 0, 0, 0, 0, 0, 0, 0]"
636,21,1477440,A,0.003,0.75,180,0.9,14,11,32,0.045,"[0, 0, 0, 0, 0, 0, 0, 0, 0, 0, 0, 0, 0, 0, 0, 0, 0, 0, 0]"
629,20,1477440,A,0.003,0.75,180,0.9,14,11,32,0.16,"[0, 0, 0, 0, 0, 0, 0, 0, 0, 0, 0, 0, 0, 0, 0, 0, 0, 0, 0]"
639,21,1477440,A,0.003,0.75,180,0.9,14,11,32,0.06,"[0, 0, 0, 0, 0, 0, 0, 0, 0, 0, 0, 1, 0, 0, 0, 0, 0, 0, 0]"
642,21,1477440,A,0.003,0.75,180,0.9,14,11,32,0.075,"[0, 0, 0, 0, 0, 0, 0, 0, 0, 0, 0, 0, 0, 0, 0, 0, 0, 0, 0]"
627,20,1477440,A,0.003,0.75,180,0.9,14,11,32,0.15,"[0, 0, 0, 0, 0, 0, 0, 0, 5, 42, 59, 62, 59, 49, 53, 63, 66, 67, 50]"
640,21,1477440,A,0.003,0.75,180,0.9,14,11,32,0.065,"[0, 0, 0, 0, 2, 7, 1, 2, 4, 3, 2, 4, 0, 0, 0, 0, 0, 0, 0]"
644,21,1477440,A,0.003,0.75,180,0.9,14,11,32,0.085,"[0, 0, 3, 8, 13, 29, 5, 14, 27, 39, 34, 39, 5, 5, 15, 22, 17, 25, 6]"
645,21,1477440,A,0.003,0.75,180,0.9,14,11,32,0.09,"[0, 0, 0, 0, 0, 0, 0, 0, 3, 4, 10, 10, 0, 0, 0, 0, 0, 0, 0]"
643,21,1477440,A,0.003,0.75,180,0.9,14,11,32,0.08,"[0, 0, 0, 0, 0, 0, 0, 0, 0, 0, 0, 0, 0, 0, 0, 0, 3, 5, 0]"
646,21,1477440,A,0.003,0.75,180,0.9,14,11,32,0.095,"[0, 0, 7, 14, 11, 13, 0, 0, 0, 0, 0, 0, 0, 0, 0, 0, 0, 0, 0]"
647,21,1477440,A,0.003,0.75,180,0.9,14,11,32,0.1,"[0, 0, 0, 0, 0, 0, 0, 0, 0, 0, 0, 0, 0, 0, 0, 0, 7, 15, 13]"
648,21,1477440,A,0.003,0.75,180,0.9,14,11,32,0.105,"[0, 0, 0, 0, 0, 0, 0, 0, 1, 0, 7, 16, 5, 5, 22, 38, 48, 39, 0]"
649,21,1477440,A,0.003,0.75,180,0.9,14,11,32,0.11,"[0, 0, 0, 0, 0, 0, 0, 0, 0, 0, 7, 46, 15, 37, 33, 31, 61, 42, 15]"
650,21,1477440,A,0.003,0.75,180,0.9,14,11,32,0.115,"[0, 0, 0, 0, 0, 0, 0, 0, 0, 0, 0, 0, 0, 0, 0, 0, 0, 0, 0]"
652,21,1477440,A,0.003,0.75,180,0.9,14,11,32,0.125,"[0, 0, 0, 0, 0, 0, 0, 0, 5, 0, 1, 0, 0, 0, 0, 0, 0, 0, 0]"
651,21,1477440,A,0.003,0.75,180,0.9,14,11,32,0.12,"[0, 0, 0, 0, 0, 0, 0, 0, 0, 0, 0, 0, 0, 0, 0, 0, 7, 15, 0]"
657,21,1477440,A,0.003,0.75,180,0.9,14,11,32,0.15,"[0, 0, 0, 0, 0, 0, 0, 0, 0, 0, 0, 0, 0, 0, 0, 0, 0, 0, 0]"
658,21,1477440,A,0.003,0.75,180,0.9,14,11,32,0.155,"[0, 0, 0, 0, 0, 0, 0, 0, 0, 0, 0, 0, 0, 0, 0, 0, 0, 0, 0]"
655,21,1477440,A,0.003,0.75,180,0.9,14,11,32,0.14,"[0, 0, 0, 0, 0, 0, 0, 0, 0, 0, 0, 0, 0, 0, 0, 0, 0, 0, 0]"
663,22,1477440,A,0.003,0.75,180,0.9,14,11,32,0.025,"[0, 0, 0, 0, 0, 0, 0, 0, 0, 0, 0, 0, 0, 0, 0, 0, 0, 0, 0]"
662,22,1477440,A,0.003,0.75,180,0.9,14,11,32,0.02,"[0, 0, 0, 0, 0, 0, 0, 0, 0, 0, 0, 0, 0, 0, 0, 0, 0, 0, 0]"
665,22,1477440,A,0.003,0.75,180,0.9,14,11,32,0.035,"[0, 0, 0, 0, 0, 0, 0, 0, 0, 0, 0, 0, 0, 0, 0, 0, 0, 0, 0]"
664,22,1477440,A,0.003,0.75,180,0.9,14,11,32,0.03,"[0, 0, 0, 0, 0, 0, 0, 0, 0, 2, 0, 1, 0, 0, 0, 0, 0, 0, 0]"
656,21,1477440,A,0.003,0.75,180,0.9,14,11,32,0.145,"[0, 0, 50, 63, 61, 65, 53, 63, 68, 73, 63, 63, 32, 61, 60, 60, 55, 54, 41]"
666,22,1477440,A,0.003,0.75,180,0.9,14,11,32,0.045,"[0, 0, 0, 0, 0, 0, 0, 0, 0, 0, 0, 0, 0, 0, 0, 0, 0, 0, 0]"
659,21,1477440,A,0.003,0.75,180,0.9,14,11,32,0.16,"[0, 0, 0, 0, 9, 16, 11, 63, 56, 65, 55, 62, 53, 57, 64, 54, 65, 55, 46]"
669,22,1477440,A,0.003,0.75,180,0.9,14,11,32,0.06,"[0, 0, 0, 0, 0, 0, 0, 0, 0, 0, 0, 0, 0, 0, 0, 0, 0, 0, 0]"
653,21,1477440,A,0.003,0.75,180,0.9,14,11,32,0.13,"[0, 0, 18, 38, 48, 59, 42, 51, 58, 56, 56, 51, 15, 39, 50, 68, 48, 57, 41]"
670,22,1477440,A,0.003,0.75,180,0.9,14,11,32,0.065,"[0, 0, 0, 0, 0, 3, 0, 0, 0, 0, 0, 0, 0, 0, 0, 0, 0, 0, 0]"
654,21,1477440,A,0.003,0.75,180,0.9,14,11,32,0.135,"[0, 0, 0, 0, 0, 0, 0, 0, 0, 0, 5, 23, 23, 54, 54, 56, 65, 56, 39]"
672,22,1477440,A,0.003,0.75,180,0.9,14,11,32,0.075,"[0, 0, 0, 0, 0, 0, 0, 0, 0, 0, 0, 0, 0, 0, 0, 0, 0, 0, 0]"
671,22,1477440,A,0.003,0.75,180,0.9,14,11,32,0.07,"[0, 0, 0, 0, 0, 0, 0, 0, 1, 1, 1, 1, 0, 0, 0, 0, 0, 0, 0]"
668,22,1477440,A,0.003,0.75,180,0.9,14,11,32,0.055,"[0, 0, 0, 0, 0, 0, 0, 0, 0, 0, 0, 0, 0, 0, 0, 0, 0, 0, 0]"
674,22,1477440,A,0.003,0.75,180,0.9,14,11,32,0.085,"[0, 0, 0, 0, 0, 0, 0, 0, 0, 0, 0, 0, 0, 0, 0, 0, 0, 0, 0]"
677,22,1477440,A,0.003,0.75,180,0.9,14,11,32,0.1,"[0, 0, 0, 0, 0, 0, 0, 0, 0, 0, 1, 3, 0, 0, 0, 0, 0, 0, 0]"
667,22,1477440,A,0.003,0.75,180,0.9,14,11,32,0.05,"[0, 0, 0, 0, 0, 0, 0, 0, 0, 0, 0, 0, 0, 0, 0, 0, 0, 0, 0]"
676,22,1477440,A,0.003,0.75,180,0.9,14,11,32,0.095,"[0, 0, 0, 0, 0, 0, 0, 0, 0, 0, 3, 11, 1, 0, 0, 0, 0, 0, 0]"
680,22,1477440,A,0.003,0.75,180,0.9,14,11,32,0.115,"[0, 0, 0, 0, 0, 0, 0, 0, 0, 0, 0, 0, 0, 0, 0, 0, 0, 0, 0]"
685,22,1477440,A,0.003,0.75,180,0.9,14,11,32,0.14,"[0, 0, 1, 0, 1, 0, 0, 0, 0, 0, 9, 55, 31, 56, 61, 51, 65, 56, 32]"
688,22,1477440,A,0.003,0.75,180,0.9,14,11,32,0.155,"[0, 0, 0, 0, 0, 0, 0, 0, 0, 0, 0, 0, 0, 0, 0, 0, 15, 73, 53]"
673,22,1477440,A,0.003,0.75,180,0.9,14,11,32,0.08,"[0, 0, 0, 0, 0, 0, 0, 0, 0, 0, 0, 0, 0, 0, 0, 0, 0, 0, 0]"
683,22,1477440,A,0.003,0.75,180,0.9,14,11,32,0.13,"[0, 0, 0, 0, 0, 0, 0, 0, 0, 0, 14, 19, 28, 34, 35, 49, 58, 59, 39]"
691,23,1477440,A,0.003,0.75,180,0.9,14,11,32,0.015,"[0, 0, 0, 0, 0, 0, 0, 0, 0, 0, 0, 0, 0, 0, 0, 0, 0, 0, 0]"
679,22,1477440,A,0.003,0.75,180,0.9,14,11,32,0.11,"[0, 0, 12, 26, 32, 47, 1, 0, 0, 0, 0, 0, 0, 0, 0, 0, 0, 0, 0]"
682,22,1477440,A,0.003,0.75,180,0.9,14,11,32,0.125,"[0, 0, 0, 0, 0, 0, 0, 0, 3, 0, 0, 0, 0, 0, 0, 0, 5, 4, 0]"
684,22,1477440,A,0.003,0.75,180,0.9,14,11,32,0.135,"[0, 0, 6, 13, 25, 54, 26, 47, 56, 55, 48, 53, 54, 55, 60, 62, 65, 67, 22]"
661,22,1477440,A,0.003,0.75,180,0.9,14,11,32,0.015,"[0, 0, 0, 0, 0, 0, 0, 0, 0, 0, 0, 0, 0, 0, 0, 0, 0, 0, 0]"
695,23,1477440,A,0.003,0.75,180,0.9,14,11,32,0.035,"[0, 0, 0, 0, 0, 0, 0, 0, 0, 0, 0, 0, 0, 0, 0, 0, 0, 0, 0]"
686,22,1477440,A,0.003,0.75,180,0.9,14,11,32,0.145,"[0, 0, 0, 0, 0, 0, 0, 0, 0, 0, 3, 30, 29, 53, 60, 67, 68, 56, 50]"
660,22,1477440,A,0.003,0.75,180,0.9,14,11,32,0.01,"[0, 0, 0, 0, 0, 0, 0, 0, 0, 0, 0, 0, 0, 0, 0, 0, 0, 0, 0]"
689,22,1477440,A,0.003,0.75,180,0.9,14,11,32,0.16,"[0, 0, 0, 0, 0, 0, 0, 0, 0, 0, 0, 0, 0, 0, 0, 0, 14, 63, 51]"
696,23,1477440,A,0.003,0.75,180,0.9,14,11,32,0.045,"[0, 0, 0, 0, 0, 0, 0, 0, 0, 0, 0, 0, 0, 0, 0, 0, 0, 0, 0]"
697,23,1477440,A,0.003,0.75,180,0.9,14,11,32,0.05,"[0, 0, 0, 0, 0, 0, 0, 0, 0, 0, 0, 0, 0, 0, 0, 0, 0, 0, 0]"
678,22,1477440,A,0.003,0.75,180,0.9,14,11,32,0.105,"[0, 0, 0, 0, 7, 23, 21, 45, 43, 50, 51, 42, 16, 46, 41, 43, 49, 55, 25]"
690,23,1477440,A,0.003,0.75,180,0.9,14,11,32,0.01,"[0, 0, 0, 0, 0, 0, 0, 0, 0, 0, 0, 0, 0, 0, 0, 0, 0, 0, 0]"
675,22,1477440,A,0.003,0.75,180,0.9,14,11,32,0.09,"[0, 0, 0, 0, 5, 7, 5, 8, 6, 7, 8, 6, 8, 7, 20, 23, 17, 26, 16]"
698,23,1477440,A,0.003,0.75,180,0.9,14,11,32,0.055,"[0, 0, 0, 0, 0, 0, 0, 0, 0, 0, 2, 6, 1, 5, 5, 4, 5, 7, 1]"
699,23,1477440,A,0.003,0.75,180,0.9,14,11,32,0.06,"[0, 0, 0, 0, 0, 0, 0, 0, 1, 0, 2, 6, 0, 1, 0, 4, 1, 3, 0]"
681,22,1477440,A,0.003,0.75,180,0.9,14,11,32,0.12,"[0, 0, 0, 0, 0, 0, 0, 0, 0, 0, 6, 9, 14, 42, 56, 56, 47, 46, 25]"
692,23,1477440,A,0.003,0.75,180,0.9,14,11,32,0.02,"[0, 0, 0, 0, 0, 0, 0, 0, 0, 0, 0, 0, 0, 0, 0, 0, 0, 0, 0]"
687,22,1477440,A,0.003,0.75,180,0.9,14,11,32,0.15,"[0, 0, 0, 0, 6, 26, 46, 62, 63, 56, 64, 64, 49, 63, 58, 59, 55, 54, 54]"
693,23,1477440,A,0.003,0.75,180,0.9,14,11,32,0.025,"[0, 0, 0, 0, 0, 0, 0, 0, 0, 0, 0, 0, 0, 0, 0, 0, 0, 0, 0]"
694,23,1477440,A,0.003,0.75,180,0.9,14,11,32,0.03,"[0, 0, 0, 0, 0, 0, 0, 0, 0, 0, 0, 0, 0, 0, 0, 0, 0, 0, 0]"
701,23,1477440,A,0.003,0.75,180,0.9,14,11,32,0.07,"[0, 0, 0, 0, 0, 0, 0, 0, 0, 0, 0, 0, 0, 0, 0, 0, 0, 0, 0]"
700,23,1477440,A,0.003,0.75,180,0.9,14,11,32,0.065,"[0, 0, 0, 0, 0, 0, 0, 0, 0, 0, 0, 0, 0, 0, 0, 0, 0, 0, 0]"
703,23,1477440,A,0.003,0.75,180,0.9,14,11,32,0.08,"[0, 0, 0, 0, 0, 0, 0, 0, 0, 0, 0, 0, 0, 0, 0, 0, 0, 0, 0]"
702,23,1477440,A,0.003,0.75,180,0.9,14,11,32,0.075,"[0, 0, 0, 0, 0, 0, 0, 0, 9, 13, 17, 13, 1, 7, 6, 7, 6, 22, 7]"
704,23,1477440,A,0.003,0.75,180,0.9,14,11,32,0.085,"[0, 0, 0, 0, 0, 0, 0, 0, 0, 0, 0, 0, 0, 0, 0, 0, 0, 0, 0]"
706,23,1477440,A,0.003,0.75,180,0.9,14,11,32,0.095,"[0, 0, 0, 0, 0, 0, 0, 0, 0, 0, 0, 0, 0, 0, 0, 0, 0, 0, 0]"
705,23,1477440,A,0.003,0.75,180,0.9,14,11,32,0.09,"[0, 0, 0, 0, 0, 0, 0, 0, 0, 0, 4, 9, 5, 3, 10, 20, 15, 16, 16]"
707,23,1477440,A,0.003,0.75,180,0.9,14,11,32,0.1,"[0, 0, 0, 0, 0, 0, 0, 0, 0, 0, 0, 0, 0, 0, 0, 0, 0, 0, 0]"
713,23,1477440,A,0.003,0.75,180,0.9,14,11,32,0.13,"[0, 0, 0, 0, 0, 0, 0, 0, 0, 0, 6, 8, 0, 0, 0, 0, 0, 0, 0]"
716,23,1477440,A,0.003,0.75,180,0.9,14,11,32,0.145,"[0, 0, 0, 0, 0, 0, 0, 0, 1, 0, 0, 0, 0, 0, 0, 0, 0, 0, 0]"
718,23,1477440,A,0.003,0.75,180,0.9,14,11,32,0.155,"[0, 0, 0, 0, 0, 0, 0, 0, 0, 0, 0, 0, 0, 0, 0, 0, 0, 0, 0]"
720,24,1477440,A,0.003,0.75,180,0.9,14,11,32,0.01,"[0, 0, 0, 0, 0, 0, 0, 0, 0, 0, 0, 0, 0, 0, 0, 0, 0, 0, 0]"
709,23,1477440,A,0.003,0.75,180,0.9,14,11,32,0.11,"[0, 0, 0, 0, 0, 0, 0, 0, 0, 0, 0, 0, 0, 0, 0, 0, 0, 0, 0]"
711,23,1477440,A,0.003,0.75,180,0.9,14,11,32,0.12,"[0, 0, 0, 0, 9, 13, 3, 7, 13, 13, 18, 45, 7, 45, 44, 50, 53, 51, 32]"
722,24,1477440,A,0.003,0.75,180,0.9,14,11,32,0.02,"[0, 0, 0, 0, 0, 0, 0, 0, 0, 0, 0, 0, 0, 0, 0, 0, 0, 0, 0]"
721,24,1477440,A,0.003,0.75,180,0.9,14,11,32,0.015,"[0, 0, 0, 0, 0, 0, 0, 0, 0, 0, 0, 0, 0, 0, 0, 0, 0, 0, 0]"
728,24,1477440,A,0.003,0.75,180,0.9,14,11,32,0.055,"[0, 0, 0, 0, 0, 1, 0, 0, 0, 0, 0, 0, 0, 0, 0, 0, 0, 0, 0]"
712,23,1477440,A,0.003,0.75,180,0.9,14,11,32,0.125,"[0, 0, 0, 0, 0, 0, 0, 0, 6, 19, 36, 52, 4, 17, 28, 37, 45, 56, 28]"
723,24,1477440,A,0.003,0.75,180,0.9,14,11,32,0.025,"[0, 0, 0, 0, 0, 0, 0, 0, 0, 0, 0, 0, 0, 0, 0, 0, 0, 0, 0]"
725,24,1477440,A,0.003,0.75,180,0.9,14,11,32,0.035,"[0, 0, 0, 0, 0, 0, 0, 0, 0, 0, 0, 0, 0, 0, 0, 0, 0, 0, 0]"
719,23,1477440,A,0.003,0.75,180,0.9,14,11,32,0.16,"[0, 0, 0, 0, 0, 0, 0, 0, 0, 0, 39, 66, 53, 65, 71, 64, 75, 55, 38]"
710,23,1477440,A,0.003,0.75,180,0.9,14,11,32,0.115,"[0, 0, 0, 0, 0, 0, 0, 0, 0, 0, 0, 0, 0, 0, 0, 0, 0, 0, 0]"
724,24,1477440,A,0.003,0.75,180,0.9,14,11,32,0.03,"[0, 0, 0, 0, 0, 0, 0, 0, 0, 0, 0, 0, 0, 0, 0, 0, 0, 0, 0]"
717,23,1477440,A,0.003,0.75,180,0.9,14,11,32,0.15,"[0, 0, 14, 66, 55, 59, 59, 71, 53, 60, 61, 60, 40, 56, 67, 75, 59, 57, 63]"
727,24,1477440,A,0.003,0.75,180,0.9,14,11,32,0.05,"[0, 0, 0, 0, 0, 0, 0, 0, 1, 2, 5, 1, 2, 2, 5, 4, 4, 2, 0]"
732,24,1477440,A,0.003,0.75,180,0.9,14,11,32,0.075,"[0, 0, 0, 0, 0, 0, 0, 0, 0, 0, 0, 0, 0, 0, 0, 0, 0, 0, 0]"
730,24,1477440,A,0.003,0.75,180,0.9,14,11,32,0.065,"[0, 0, 0, 0, 0, 0, 0, 0, 0, 0, 0, 0, 0, 0, 0, 0, 0, 0, 0]"
714,23,1477440,A,0.003,0.75,180,0.9,14,11,32,0.135,"[0, 0, 13, 29, 22, 50, 33, 50, 44, 61, 53, 42, 52, 58, 57, 49, 50, 54, 29]"
734,24,1477440,A,0.003,0.75,180,0.9,14,11,32,0.085,"[0, 0, 0, 0, 0, 0, 0, 0, 0, 0, 0, 0, 0, 0, 0, 0, 0, 0, 0]"
733,24,1477440,A,0.003,0.75,180,0.9,14,11,32,0.08,"[0, 0, 0, 0, 10, 6, 0, 3, 1, 1, 4, 6, 0, 0, 0, 0, 0, 0, 0]"
735,24,1477440,A,0.003,0.75,180,0.9,14,11,32,0.09,"[0, 0, 0, 0, 0, 0, 0, 0, 3, 3, 10, 12, 0, 0, 0, 0, 0, 0, 0]"
726,24,1477440,A,0.003,0.75,180,0.9,14,11,32,0.045,"[0, 0, 0, 0, 0, 0, 0, 0, 0, 0, 0, 0, 0, 0, 0, 0, 0, 0, 0]"
708,23,1477440,A,0.003,0.75,180,0.9,14,11,32,0.105,"[0, 0, 8, 7, 12, 15, 7, 7, 6, 18, 38, 37, 21, 30, 42, 38, 40, 43, 14]"
731,24,1477440,A,0.003,0.75,180,0.9,14,11,32,0.07,"[0, 0, 0, 0, 0, 0, 0, 0, 0, 0, 0, 0, 0, 0, 0, 0, 0, 0, 0]"
729,24,1477440,A,0.003,0.75,180,0.9,14,11,32,0.06,"[0, 0, 0, 0, 0, 0, 0, 0, 0, 0, 0, 0, 0, 0, 0, 0, 0, 0, 0]"
737,24,1477440,A,0.003,0.75,180,0.9,14,11,32,0.1,"[0, 0, 0, 0, 0, 0, 0, 0, 3, 7, 11, 3, 1, 9, 8, 8, 5, 7, 0]"
715,23,1477440,A,0.003,0.75,180,0.9,14,11,32,0.14,"[0, 0, 34, 45, 49, 60, 1, 0, 0, 0, 4, 12, 14, 7, 14, 42, 61, 60, 39]"
736,24,1477440,A,0.003,0.75,180,0.9,14,11,32,0.095,"[0, 0, 0, 0, 0, 0, 0, 0, 1, 4, 5, 21, 6, 13, 15, 31, 26, 38, 4]"
740,24,1477440,A,0.003,0.75,180,0.9,14,11,32,0.115,"[0, 0, 0, 0, 0, 0, 0, 0, 5, 18, 12, 12, 0, 0, 0, 0, 0, 0, 0]"
739,24,1477440,A,0.003,0.75,180,0.9,14,11,32,0.11,"[0, 0, 0, 0, 0, 0, 0, 0, 4, 6, 7, 12, 0, 0, 0, 0, 0, 0, 0]"
738,24,1477440,A,0.003,0.75,180,0.9,14,11,32,0.105,"[0, 0, 0, 0, 0, 0, 0, 0, 0, 0, 0, 0, 0, 0, 0, 0, 8, 18, 17]"
741,24,1477440,A,0.003,0.75,180,0.9,14,11,32,0.12,"[0, 0, 0, 0, 0, 0, 0, 0, 0, 0, 0, 0, 0, 0, 0, 0, 0, 0, 0]"
742,24,1477440,A,0.003,0.75,180,0.9,14,11,32,0.125,"[0, 0, 0, 0, 0, 0, 0, 0, 1, 18, 25, 33, 13, 33, 47, 52, 60, 51, 32]"
744,24,1477440,A,0.003,0.75,180,0.9,14,11,32,0.135,"[0, 0, 0, 0, 0, 0, 0, 0, 0, 0, 0, 0, 0, 0, 0, 0, 0, 0, 0]"
745,24,1477440,A,0.003,0.75,180,0.9,14,11,32,0.14,"[0, 0, 0, 0, 0, 0, 0, 0, 2, 27, 48, 49, 46, 45, 73, 61, 61, 63, 6]"
743,24,1477440,A,0.003,0.75,180,0.9,14,11,32,0.13,"[0, 0, 10, 32, 54, 58, 18, 33, 53, 61, 60, 69, 18, 22, 32, 43, 63, 57, 18]"
747,24,1477440,A,0.003,0.75,180,0.9,14,11,32,0.15,"[0, 0, 0, 0, 0, 0, 0, 0, 0, 0, 0, 0, 0, 0, 0, 0, 0, 0, 0]"
749,24,1477440,A,0.003,0.75,180,0.9,14,11,32,0.16,"[0, 0, 0, 0, 0, 0, 0, 0, 0, 0, 0, 0, 0, 0, 0, 0, 0, 0, 0]"
746,24,1477440,A,0.003,0.75,180,0.9,14,11,32,0.145,"[0, 0, 11, 11, 11, 37, 24, 50, 46, 64, 43, 62, 37, 62, 64, 60, 56, 66, 62]"
748,24,1477440,A,0.003,0.75,180,0.9,14,11,32,0.155,"[0, 0, 0, 0, 6, 27, 63, 61, 49, 69, 58, 68, 19, 43, 65, 60, 48, 65, 38]"
750,25,1477440,A,0.003,0.75,180,0.9,14,11,32,0.01,"[0, 0, 0, 0, 0, 0, 0, 0, 0, 0, 0, 0, 0, 0, 0, 0, 0, 0, 0]"
751,25,1477440,A,0.003,0.75,180,0.9,14,11,32,0.015,"[0, 0, 0, 0, 0, 0, 0, 0, 0, 0, 0, 0, 0, 0, 0, 0, 0, 0, 0]"
752,25,1477440,A,0.003,0.75,180,0.9,14,11,32,0.02,"[0, 0, 0, 0, 0, 0, 0, 0, 0, 0, 0, 0, 0, 0, 0, 0, 0, 0, 0]"
753,25,1477440,A,0.003,0.75,180,0.9,14,11,32,0.025,"[0, 0, 0, 0, 0, 0, 0, 0, 0, 0, 0, 0, 0, 0, 0, 0, 0, 0, 0]"
755,25,1477440,A,0.003,0.75,180,0.9,14,11,32,0.035,"[0, 0, 0, 0, 0, 0, 0, 0, 0, 0, 0, 0, 0, 0, 0, 0, 0, 0, 0]"
754,25,1477440,A,0.003,0.75,180,0.9,14,11,32,0.03,"[0, 0, 0, 0, 0, 0, 0, 0, 0, 0, 0, 0, 0, 0, 0, 0, 0, 0, 0]"
756,25,1477440,A,0.003,0.75,180,0.9,14,11,32,0.045,"[0, 0, 0, 0, 0, 0, 0, 0, 0, 0, 0, 0, 0, 0, 0, 0, 0, 0, 0]"
758,25,1477440,A,0.003,0.75,180,0.9,14,11,32,0.055,"[0, 0, 0, 0, 0, 0, 0, 0, 0, 0, 0, 0, 0, 0, 0, 0, 0, 0, 0]"
759,25,1477440,A,0.003,0.75,180,0.9,14,11,32,0.06,"[0, 0, 0, 0, 0, 0, 0, 0, 1, 3, 3, 4, 0, 0, 0, 0, 0, 0, 0]"
763,25,1477440,A,0.003,0.75,180,0.9,14,11,32,0.08,"[0, 0, 0, 0, 0, 0, 0, 0, 0, 0, 2, 2, 0, 0, 0, 0, 0, 0, 0]"
757,25,1477440,A,0.003,0.75,180,0.9,14,11,32,0.05,"[0, 0, 0, 0, 0, 0, 0, 0, 0, 0, 0, 0, 0, 0, 0, 0, 0, 0, 0]"
760,25,1477440,A,0.003,0.75,180,0.9,14,11,32,0.065,"[0, 0, 0, 0, 0, 0, 0, 0, 3, 5, 8, 4, 2, 2, 2, 4, 3, 5, 0]"
764,25,1477440,A,0.003,0.75,180,0.9,14,11,32,0.085,"[0, 0, 0, 0, 0, 0, 0, 0, 0, 0, 0, 0, 0, 0, 0, 0, 0, 0, 0]"
761,25,1477440,A,0.003,0.75,180,0.9,14,11,32,0.07,"[0, 0, 0, 0, 0, 0, 0, 0, 0, 0, 0, 0, 0, 0, 0, 0, 0, 0, 0]"
762,25,1477440,A,0.003,0.75,180,0.9,14,11,32,0.075,"[0, 0, 0, 0, 0, 0, 0, 0, 0, 0, 0, 0, 0, 0, 0, 0, 0, 0, 0]"
765,25,1477440,A,0.003,0.75,180,0.9,14,11,32,0.09,"[0, 0, 0, 0, 0, 0, 0, 0, 0, 0, 0, 0, 0, 0, 0, 0, 0, 0, 0]"
769,25,1477440,A,0.003,0.75,180,0.9,14,11,32,0.11,"[0, 0, 0, 0, 0, 0, 0, 0, 0, 0, 0, 0, 0, 0, 0, 0, 0, 0, 0]"
768,25,1477440,A,0.003,0.75,180,0.9,14,11,32,0.105,"[0, 0, 0, 0, 0, 0, 0, 0, 0, 0, 0, 0, 0, 0, 0, 0, 0, 0, 0]"
767,25,1477440,A,0.003,0.75,180,0.9,14,11,32,0.1,"[0, 0, 1, 0, 0, 0, 0, 0, 0, 0, 0, 0, 0, 0, 0, 0, 0, 0, 0]"
782,26,1477440,A,0.003,0.75,180,0.9,14,11,32,0.02,"[0, 0, 0, 0, 0, 0, 0, 0, 0, 0, 0, 0, 0, 0, 0, 0, 0, 0, 0]"
770,25,1477440,A,0.003,0.75,180,0.9,14,11,32,0.115,"[0, 0, 0, 0, 0, 0, 0, 0, 0, 0, 0, 0, 0, 0, 0, 0, 0, 0, 0]"
771,25,1477440,A,0.003,0.75,180,0.9,14,11,32,0.12,"[0, 0, 0, 0, 0, 0, 0, 0, 5, 28, 36, 50, 13, 27, 45, 50, 58, 54, 26]"
766,25,1477440,A,0.003,0.75,180,0.9,14,11,32,0.095,"[0, 0, 0, 0, 0, 0, 0, 0, 0, 0, 0, 0, 0, 0, 0, 0, 0, 0, 0]"
777,25,1477440,A,0.003,0.75,180,0.9,14,11,32,0.15,"[0, 0, 0, 0, 0, 0, 0, 0, 0, 0, 1, 0, 0, 0, 0, 0, 0, 0, 0]"
773,25,1477440,A,0.003,0.75,180,0.9,14,11,32,0.13,"[0, 0, 0, 0, 0, 0, 0, 0, 4, 35, 54, 51, 41, 52, 71, 48, 61, 59, 20]"
780,26,1477440,A,0.003,0.75,180,0.9,14,11,32,0.01,"[0, 0, 0, 0, 0, 0, 0, 0, 0, 0, 0, 0, 0, 0, 0, 0, 0, 0, 0]"
783,26,1477440,A,0.003,0.75,180,0.9,14,11,32,0.025,"[0, 0, 0, 0, 0, 0, 0, 0, 0, 0, 0, 0, 0, 0, 0, 0, 0, 0, 0]"
781,26,1477440,A,0.003,0.75,180,0.9,14,11,32,0.015,"[0, 0, 0, 0, 0, 0, 0, 0, 0, 0, 0, 0, 0, 0, 0, 0, 0, 0, 0]"
779,25,1477440,A,0.003,0.75,180,0.9,14,11,32,0.16,"[0, 0, 0, 0, 0, 0, 0, 0, 0, 0, 29, 63, 57, 72, 69, 67, 72, 62, 43]"
785,26,1477440,A,0.003,0.75,180,0.9,14,11,32,0.035,"[0, 0, 0, 0, 0, 0, 0, 0, 0, 0, 0, 0, 0, 0, 0, 0, 0, 0, 0]"
788,26,1477440,A,0.003,0.75,180,0.9,14,11,32,0.055,"[0, 0, 0, 0, 0, 0, 0, 0, 0, 0, 0, 0, 0, 0, 0, 0, 0, 0, 0]"
774,25,1477440,A,0.003,0.75,180,0.9,14,11,32,0.135,"[0, 0, 0, 0, 3, 23, 21, 65, 67, 69, 53, 71, 5, 22, 50, 61, 48, 51, 12]"
772,25,1477440,A,0.003,0.75,180,0.9,14,11,32,0.125,"[0, 0, 8, 15, 25, 38, 33, 45, 58, 47, 60, 53, 32, 42, 55, 42, 50, 49, 33]"
776,25,1477440,A,0.003,0.75,180,0.9,14,11,32,0.145,"[0, 0, 0, 0, 0, 0, 0, 0, 1, 30, 42, 57, 40, 66, 70, 68, 58, 60, 26]"
787,26,1477440,A,0.003,0.75,180,0.9,14,11,32,0.05,"[0, 0, 0, 0, 0, 0, 0, 0, 0, 0, 0, 0, 0, 0, 0, 0, 0, 0, 0]"
784,26,1477440,A,0.003,0.75,180,0.9,14,11,32,0.03,"[0, 0, 0, 0, 0, 0, 0, 0, 0, 0, 0, 0, 0, 0, 0, 0, 0, 0, 0]"
789,26,1477440,A,0.003,0.75,180,0.9,14,11,32,0.06,"[0, 0, 0, 0, 0, 0, 0, 0, 0, 0, 0, 0, 0, 0, 0, 0, 0, 0, 0]"
786,26,1477440,A,0.003,0.75,180,0.9,14,11,32,0.045,"[0, 0, 0, 0, 1, 0, 0, 0, 0, 0, 0, 0, 0, 0, 0, 0, 0, 0, 0]"
775,25,1477440,A,0.003,0.75,180,0.9,14,11,32,0.14,"[0, 0, 0, 0, 0, 0, 0, 0, 12, 28, 48, 63, 40, 55, 63, 63, 68, 59, 24]"
778,25,1477440,A,0.003,0.75,180,0.9,14,11,32,0.155,"[0, 0, 3, 17, 55, 63, 47, 59, 72, 70, 77, 47, 48, 77, 74, 72, 71, 69, 43]"
790,26,1477440,A,0.003,0.75,180,0.9,14,11,32,0.065,"[0, 0, 0, 0, 0, 0, 0, 0, 1, 0, 0, 0, 0, 0, 0, 0, 0, 0, 0]"
791,26,1477440,A,0.003,0.75,180,0.9,14,11,32,0.07,"[0, 0, 0, 0, 0, 0, 0, 0, 0, 0, 0, 0, 0, 0, 0, 0, 0, 0, 0]"
792,26,1477440,A,0.003,0.75,180,0.9,14,11,32,0.075,"[0, 0, 0, 0, 0, 0, 0, 0, 0, 0, 0, 0, 0, 0, 0, 0, 0, 0, 0]"
793,26,1477440,A,0.003,0.75,180,0.9,14,11,32,0.08,"[0, 0, 0, 0, 0, 0, 0, 0, 0, 0, 0, 0, 0, 0, 0, 0, 0, 0, 0]"
796,26,1477440,A,0.003,0.75,180,0.9,14,11,32,0.095,"[0, 0, 0, 0, 0, 0, 0, 0, 0, 0, 2, 10, 7, 16, 32, 44, 40, 41, 12]"
795,26,1477440,A,0.003,0.75,180,0.9,14,11,32,0.09,"[0, 0, 0, 0, 0, 0, 0, 0, 1, 0, 0, 0, 0, 0, 0, 0, 0, 0, 0]"
794,26,1477440,A,0.003,0.75,180,0.9,14,11,32,0.085,"[0, 0, 0, 0, 0, 0, 0, 0, 0, 0, 0, 0, 0, 0, 0, 0, 0, 0, 0]"
797,26,1477440,A,0.003,0.75,180,0.9,14,11,32,0.1,"[0, 0, 0, 0, 0, 0, 0, 0, 0, 0, 7, 13, 8, 17, 19, 24, 30, 26, 12]"
798,26,1477440,A,0.003,0.75,180,0.9,14,11,32,0.105,"[0, 0, 0, 0, 0, 5, 2, 6, 12, 17, 35, 41, 6, 16, 28, 24, 28, 41, 15]"
799,26,1477440,A,0.003,0.75,180,0.9,14,11,32,0.11,"[0, 0, 0, 0, 0, 0, 0, 0, 0, 0, 3, 8, 1, 0, 0, 0, 0, 0, 0]"
801,26,1477440,A,0.003,0.75,180,0.9,14,11,32,0.12,"[0, 0, 0, 0, 0, 0, 0, 0, 0, 0, 0, 0, 0, 0, 0, 0, 0, 0, 0]"
800,26,1477440,A,0.003,0.75,180,0.9,14,11,32,0.115,"[0, 0, 5, 14, 23, 32, 6, 19, 35, 49, 56, 53, 44, 41, 39, 52, 49, 46, 20]"
802,26,1477440,A,0.003,0.75,180,0.9,14,11,32,0.125,"[0, 0, 0, 0, 0, 0, 0, 0, 0, 0, 0, 0, 0, 0, 0, 0, 0, 0, 0]"
803,26,1477440,A,0.003,0.75,180,0.9,14,11,32,0.13,"[0, 0, 0, 0, 0, 0, 0, 0, 0, 0, 20, 55, 19, 45, 57, 49, 58, 44, 30]"
805,26,1477440,A,0.003,0.75,180,0.9,14,11,32,0.14,"[0, 0, 29, 51, 57, 55, 43, 53, 55, 51, 50, 65, 42, 57, 57, 63, 62, 55, 25]"
804,26,1477440,A,0.003,0.75,180,0.9,14,11,32,0.135,"[0, 0, 0, 0, 0, 0, 0, 0, 5, 35, 54, 56, 50, 61, 52, 60, 56, 63, 44]"
806,26,1477440,A,0.003,0.75,180,0.9,14,11,32,0.145,"[0, 0, 37, 73, 59, 72, 12, 37, 52, 62, 62, 66, 37, 52, 58, 63, 67, 60, 58]"
807,26,1477440,A,0.003,0.75,180,0.9,14,11,32,0.15,"[0, 0, 0, 0, 0, 0, 0, 0, 0, 0, 0, 0, 0, 0, 0, 0, 0, 0, 0]"
811,27,1477440,A,0.003,0.75,180,0.9,14,11,32,0.015,"[0, 0, 0, 0, 0, 0, 0, 0, 0, 0, 0, 0, 0, 0, 0, 0, 0, 0, 0]"
812,27,1477440,A,0.003,0.75,180,0.9,14,11,32,0.02,"[0, 0, 0, 0, 0, 0, 0, 0, 0, 0, 0, 0, 0, 0, 0, 0, 0, 0, 0]"
810,27,1477440,A,0.003,0.75,180,0.9,14,11,32,0.01,"[0, 0, 0, 0, 0, 0, 0, 0, 0, 0, 0, 0, 0, 0, 0, 0, 0, 0, 0]"
813,27,1477440,A,0.003,0.75,180,0.9,14,11,32,0.025,"[0, 0, 0, 0, 0, 0, 0, 0, 0, 0, 0, 0, 0, 0, 0, 0, 0, 0, 0]"
808,26,1477440,A,0.003,0.75,180,0.9,14,11,32,0.155,"[0, 0, 0, 0, 0, 0, 0, 0, 8, 12, 48, 55, 63, 66, 63, 66, 60, 78, 52]"
815,27,1477440,A,0.003,0.75,180,0.9,14,11,32,0.035,"[0, 0, 0, 0, 0, 0, 0, 0, 0, 0, 0, 0, 0, 0, 0, 0, 0, 0, 0]"
816,27,1477440,A,0.003,0.75,180,0.9,14,11,32,0.045,"[0, 0, 0, 0, 0, 0, 0, 0, 0, 0, 0, 0, 0, 0, 0, 0, 0, 0, 0]"
814,27,1477440,A,0.003,0.75,180,0.9,14,11,32,0.03,"[0, 0, 0, 0, 0, 0, 0, 0, 0, 0, 0, 0, 0, 0, 0, 0, 0, 0, 0]"
820,27,1477440,A,0.003,0.75,180,0.9,14,11,32,0.065,"[0, 0, 0, 0, 0, 0, 0, 0, 0, 0, 0, 0, 0, 0, 0, 0, 0, 0, 0]"
817,27,1477440,A,0.003,0.75,180,0.9,14,11,32,0.05,"[0, 0, 0, 0, 0, 0, 0, 0, 0, 0, 5, 1, 0, 0, 0, 0, 0, 0, 0]"
823,27,1477440,A,0.003,0.75,180,0.9,14,11,32,0.08,"[0, 0, 0, 0, 0, 0, 0, 0, 0, 0, 0, 0, 0, 0, 0, 0, 0, 0, 0]"
819,27,1477440,A,0.003,0.75,180,0.9,14,11,32,0.06,"[0, 0, 0, 0, 0, 0, 0, 0, 0, 0, 0, 0, 0, 0, 0, 0, 0, 0, 0]"
822,27,1477440,A,0.003,0.75,180,0.9,14,11,32,0.075,"[0, 0, 0, 0, 0, 0, 0, 0, 0, 0, 0, 0, 0, 0, 0, 0, 0, 0, 0]"
809,26,1477440,A,0.003,0.75,180,0.9,14,11,32,0.16,"[0, 0, 0, 0, 0, 0, 0, 0, 42, 66, 66, 62, 54, 72, 63, 64, 77, 59, 39]"
824,27,1477440,A,0.003,0.75,180,0.9,14,11,32,0.085,"[0, 0, 0, 0, 0, 0, 0, 0, 0, 0, 0, 0, 0, 0, 0, 0, 0, 0, 0]"
818,27,1477440,A,0.003,0.75,180,0.9,14,11,32,0.055,"[0, 0, 0, 0, 2, 3, 0, 0, 0, 0, 0, 0, 0, 0, 0, 0, 0, 0, 0]"
821,27,1477440,A,0.003,0.75,180,0.9,14,11,32,0.07,"[0, 0, 0, 0, 0, 0, 0, 0, 0, 0, 0, 0, 0, 0, 0, 0, 0, 0, 0]"
826,27,1477440,A,0.003,0.75,180,0.9,14,11,32,0.095,"[0, 0, 5, 6, 9, 7, 0, 0, 0, 0, 0, 0, 0, 0, 0, 0, 0, 0, 0]"
825,27,1477440,A,0.003,0.75,180,0.9,14,11,32,0.09,"[0, 0, 0, 0, 0, 0, 0, 0, 4, 11, 18, 32, 0, 3, 8, 16, 17, 18, 0]"
828,27,1477440,A,0.003,0.75,180,0.9,14,11,32,0.105,"[0, 0, 0, 0, 0, 0, 0, 0, 0, 0, 0, 0, 0, 0, 0, 0, 0, 0, 0]"
832,27,1477440,A,0.003,0.75,180,0.9,14,11,32,0.125,"[0, 0, 0, 0, 0, 0, 0, 0, 0, 0, 0, 0, 0, 0, 0, 0, 13, 26, 6]"
831,27,1477440,A,0.003,0.75,180,0.9,14,11,32,0.12,"[0, 0, 0, 0, 0, 0, 0, 0, 0, 0, 0, 0, 0, 0, 0, 0, 29, 45, 18]"
829,27,1477440,A,0.003,0.75,180,0.9,14,11,32,0.11,"[0, 0, 0, 0, 0, 0, 0, 0, 0, 0, 0, 0, 0, 0, 0, 0, 7, 9, 5]"
827,27,1477440,A,0.003,0.75,180,0.9,14,11,32,0.1,"[0, 0, 0, 0, 0, 0, 0, 0, 10, 27, 33, 40, 9, 10, 13, 24, 31, 38, 1]"
840,28,1477440,A,0.003,0.75,180,0.9,14,11,32,0.01,"[0, 0, 0, 0, 0, 0, 0, 0, 0, 0, 0, 0, 0, 0, 0, 0, 0, 0, 0]"
837,27,1477440,A,0.003,0.75,180,0.9,14,11,32,0.15,"[0, 0, 0, 0, 0, 0, 0, 0, 0, 0, 0, 0, 0, 0, 0, 0, 0, 0, 0]"
830,27,1477440,A,0.003,0.75,180,0.9,14,11,32,0.115,"[0, 0, 0, 0, 0, 0, 0, 0, 3, 20, 14, 18, 10, 21, 27, 38, 49, 57, 28]"
835,27,1477440,A,0.003,0.75,180,0.9,14,11,32,0.14,"[0, 0, 0, 0, 0, 0, 0, 0, 4, 7, 35, 72, 30, 65, 63, 43, 47, 69, 19]"
836,27,1477440,A,0.003,0.75,180,0.9,14,11,32,0.145,"[0, 0, 0, 0, 0, 0, 0, 0, 19, 31, 59, 63, 57, 55, 71, 66, 51, 64, 45]"
842,28,1477440,A,0.003,0.75,180,0.9,14,11,32,0.02,"[0, 0, 0, 0, 0, 0, 0, 0, 0, 0, 0, 0, 0, 0, 0, 0, 0, 0, 0]"
834,27,1477440,A,0.003,0.75,180,0.9,14,11,32,0.135,"[0, 0, 6, 30, 49, 53, 30, 42, 52, 57, 63, 67, 53, 73, 63, 48, 64, 56, 29]"
833,27,1477440,A,0.003,0.75,180,0.9,14,11,32,0.13,"[0, 0, 0, 0, 0, 0, 0, 0, 8, 51, 54, 51, 21, 46, 58, 54, 50, 60, 11]"
841,28,1477440,A,0.003,0.75,180,0.9,14,11,32,0.015,"[0, 0, 0, 0, 0, 0, 0, 0, 0, 0, 0, 0, 0, 0, 0, 0, 0, 0, 0]"
839,27,1477440,A,0.003,0.75,180,0.9,14,11,32,0.16,"[0, 0, 0, 0, 0, 0, 0, 0, 32, 68, 54, 71, 48, 65, 70, 68, 72, 60, 24]"
838,27,1477440,A,0.003,0.75,180,0.9,14,11,32,0.155,"[0, 0, 4, 51, 62, 66, 49, 59, 64, 53, 61, 66, 49, 52, 74, 56, 66, 54, 60]"
843,28,1477440,A,0.003,0.75,180,0.9,14,11,32,0.025,"[0, 0, 0, 0, 0, 0, 0, 0, 0, 0, 0, 0, 0, 0, 0, 0, 0, 0, 0]"
844,28,1477440,A,0.003,0.75,180,0.9,14,11,32,0.03,"[0, 0, 0, 0, 0, 0, 0, 0, 0, 0, 0, 0, 0, 0, 0, 0, 0, 0, 0]"
846,28,1477440,A,0.003,0.75,180,0.9,14,11,32,0.045,"[0, 0, 0, 0, 0, 0, 0, 0, 0, 0, 0, 1, 0, 0, 0, 0, 0, 0, 0]"
847,28,1477440,A,0.003,0.75,180,0.9,14,11,32,0.05,"[0, 0, 0, 0, 0, 0, 0, 0, 0, 0, 0, 0, 0, 0, 0, 0, 0, 0, 0]"
845,28,1477440,A,0.003,0.75,180,0.9,14,11,32,0.035,"[0, 0, 0, 0, 0, 0, 0, 0, 0, 0, 0, 0, 0, 0, 0, 0, 0, 0, 0]"
848,28,1477440,A,0.003,0.75,180,0.9,14,11,32,0.055,"[0, 0, 0, 0, 0, 0, 0, 0, 0, 0, 0, 0, 0, 0, 0, 0, 0, 0, 0]"
849,28,1477440,A,0.003,0.75,180,0.9,14,11,32,0.06,"[0, 0, 0, 0, 0, 0, 0, 0, 0, 0, 0, 0, 0, 0, 0, 0, 0, 0, 0]"
853,28,1477440,A,0.003,0.75,180,0.9,14,11,32,0.08,"[0, 0, 0, 0, 0, 0, 0, 0, 0, 0, 0, 0, 0, 0, 0, 0, 0, 0, 0]"
852,28,1477440,A,0.003,0.75,180,0.9,14,11,32,0.075,"[0, 0, 0, 0, 0, 0, 0, 0, 0, 0, 0, 0, 0, 0, 0, 0, 0, 0, 0]"
850,28,1477440,A,0.003,0.75,180,0.9,14,11,32,0.065,"[0, 0, 0, 0, 0, 0, 0, 0, 0, 0, 0, 0, 0, 0, 0, 0, 0, 0, 0]"
855,28,1477440,A,0.003,0.75,180,0.9,14,11,32,0.09,"[0, 0, 0, 0, 0, 0, 0, 0, 0, 0, 0, 0, 0, 0, 0, 0, 0, 0, 0]"
857,28,1477440,A,0.003,0.75,180,0.9,14,11,32,0.1,"[0, 0, 0, 0, 0, 0, 0, 0, 0, 0, 0, 0, 0, 0, 0, 0, 0, 0, 0]"
854,28,1477440,A,0.003,0.75,180,0.9,14,11,32,0.085,"[0, 0, 1, 20, 8, 23, 0, 0, 0, 0, 0, 0, 0, 0, 0, 0, 0, 0, 0]"
851,28,1477440,A,0.003,0.75,180,0.9,14,11,32,0.07,"[0, 0, 0, 0, 0, 0, 0, 0, 0, 0, 0, 0, 0, 0, 0, 0, 0, 0, 0]"
860,28,1477440,A,0.003,0.75,180,0.9,14,11,32,0.115,"[0, 0, 0, 0, 0, 0, 0, 0, 0, 0, 0, 0, 0, 0, 0, 0, 0, 0, 0]"
864,28,1477440,A,0.003,0.75,180,0.9,14,11,32,0.135,"[0, 0, 0, 0, 0, 0, 0, 0, 0, 0, 0, 0, 0, 0, 0, 0, 0, 0, 0]"
858,28,1477440,A,0.003,0.75,180,0.9,14,11,32,0.105,"[0, 0, 0, 0, 0, 0, 0, 0, 0, 0, 13, 19, 11, 22, 38, 45, 36, 46, 3]"
869,28,1477440,A,0.003,0.75,180,0.9,14,11,32,0.16,"[0, 0, 0, 0, 0, 0, 0, 0, 0, 0, 0, 0, 0, 0, 0, 0, 0, 0, 0]"
859,28,1477440,A,0.003,0.75,180,0.9,14,11,32,0.11,"[0, 0, 0, 0, 0, 0, 0, 0, 0, 0, 6, 10, 8, 17, 39, 42, 40, 53, 1]"
867,28,1477440,A,0.003,0.75,180,0.9,14,11,32,0.15,"[0, 0, 0, 0, 0, 0, 0, 0, 8, 49, 58, 63, 54, 62, 64, 51, 59, 58, 48]"
870,29,1477440,A,0.003,0.75,180,0.9,14,11,32,0.01,"[0, 0, 0, 0, 0, 0, 0, 0, 0, 0, 0, 0, 0, 0, 0, 0, 0, 0, 0]"
871,29,1477440,A,0.003,0.75,180,0.9,14,11,32,0.015,"[0, 0, 0, 0, 0, 0, 0, 0, 0, 0, 0, 0, 0, 0, 0, 0, 0, 0, 0]"
861,28,1477440,A,0.003,0.75,180,0.9,14,11,32,0.12,"[0, 0, 0, 0, 0, 0, 0, 0, 0, 0, 0, 0, 0, 0, 0, 0, 0, 0, 0]"
865,28,1477440,A,0.003,0.75,180,0.9,14,11,32,0.14,"[0, 0, 0, 0, 7, 16, 32, 58, 61, 66, 55, 65, 52, 52, 48, 49, 70, 59, 45]"
873,29,1477440,A,0.003,0.75,180,0.9,14,11,32,0.025,"[0, 0, 0, 0, 0, 0, 0, 0, 0, 0, 0, 0, 0, 0, 0, 0, 0, 0, 0]"
874,29,1477440,A,0.003,0.75,180,0.9,14,11,32,0.03,"[0, 0, 0, 0, 0, 0, 0, 0, 0, 0, 0, 0, 0, 0, 0, 0, 0, 0, 0]"
876,29,1477440,A,0.003,0.75,180,0.9,14,11,32,0.045,"[0, 0, 0, 0, 0, 0, 0, 0, 0, 3, 0, 3, 0, 0, 0, 0, 0, 0, 0]"
866,28,1477440,A,0.003,0.75,180,0.9,14,11,32,0.145,"[0, 0, 0, 0, 26, 59, 15, 17, 53, 70, 57, 53, 48, 52, 55, 75, 57, 57, 29]"
856,28,1477440,A,0.003,0.75,180,0.9,14,11,32,0.095,"[0, 0, 0, 0, 0, 0, 0, 0, 0, 0, 0, 0, 0, 0, 0, 0, 0, 0, 0]"
879,29,1477440,A,0.003,0.75,180,0.9,14,11,32,0.06,"[0, 0, 0, 0, 0, 0, 0, 0, 0, 0, 0, 0, 0, 0, 0, 0, 0, 0, 0]"
883,29,1477440,A,0.003,0.75,180,0.9,14,11,32,0.08,"[0, 0, 0, 0, 0, 0, 0, 0, 0, 0, 0, 0, 0, 0, 0, 0, 0, 0, 0]"
877,29,1477440,A,0.003,0.75,180,0.9,14,11,32,0.05,"[0, 0, 0, 0, 0, 1, 0, 0, 0, 0, 0, 0, 0, 0, 0, 0, 0, 0, 0]"
886,29,1477440,A,0.003,0.75,180,0.9,14,11,32,0.095,"[0, 0, 0, 0, 0, 0, 0, 0, 0, 0, 0, 0, 0, 0, 0, 0, 0, 0, 0]"
868,28,1477440,A,0.003,0.75,180,0.9,14,11,32,0.155,"[0, 0, 9, 47, 44, 61, 54, 63, 72, 65, 69, 61, 49, 63, 57, 58, 69, 68, 47]"
885,29,1477440,A,0.003,0.75,180,0.9,14,11,32,0.09,"[0, 0, 0, 0, 0, 0, 0, 0, 0, 0, 3, 13, 8, 11, 9, 8, 10, 14, 1]"
881,29,1477440,A,0.003,0.75,180,0.9,14,11,32,0.07,"[0, 0, 0, 0, 0, 0, 0, 0, 0, 0, 1, 0, 0, 0, 0, 0, 0, 0, 0]"
862,28,1477440,A,0.003,0.75,180,0.9,14,11,32,0.125,"[0, 0, 4, 5, 12, 14, 49, 47, 53, 54, 46, 53, 42, 55, 60, 52, 46, 57, 34]"
863,28,1477440,A,0.003,0.75,180,0.9,14,11,32,0.13,"[0, 0, 0, 0, 0, 0, 0, 0, 3, 42, 51, 53, 37, 57, 54, 72, 54, 69, 33]"
875,29,1477440,A,0.003,0.75,180,0.9,14,11,32,0.035,"[0, 0, 0, 0, 0, 0, 0, 0, 0, 0, 0, 0, 0, 0, 0, 0, 0, 0, 0]"
888,29,1477440,A,0.003,0.75,180,0.9,14,11,32,0.105,"[0, 0, 0, 0, 0, 0, 0, 0, 0, 0, 0, 0, 0, 0, 0, 0, 0, 0, 0]"
893,29,1477440,A,0.003,0.75,180,0.9,14,11,32,0.13,"[0, 0, 0, 0, 0, 0, 0, 0, 0, 0, 0, 0, 0, 0, 0, 0, 5, 42, 19]"
892,29,1477440,A,0.003,0.75,180,0.9,14,11,32,0.125,"[0, 0, 0, 0, 3, 22, 1, 0, 0, 0, 0, 0, 0, 0, 0, 0, 0, 0, 0]"
872,29,1477440,A,0.003,0.75,180,0.9,14,11,32,0.02,"[0, 0, 0, 0, 0, 0, 0, 0, 0, 0, 0, 0, 0, 0, 0, 0, 0, 0, 0]"
887,29,1477440,A,0.003,0.75,180,0.9,14,11,32,0.1,"[0, 0, 0, 0, 0, 0, 0, 0, 0, 0, 0, 0, 0, 0, 0, 0, 0, 0, 0]"
880,29,1477440,A,0.003,0.75,180,0.9,14,11,32,0.065,"[0, 0, 0, 0, 2, 1, 0, 0, 0, 0, 2, 0, 0, 0, 0, 0, 0, 0, 0]"
878,29,1477440,A,0.003,0.75,180,0.9,14,11,32,0.055,"[0, 0, 0, 0, 0, 0, 0, 0, 0, 0, 0, 0, 0, 0, 0, 0, 0, 0, 0]"
891,29,1477440,A,0.003,0.75,180,0.9,14,11,32,0.12,"[0, 0, 12, 49, 55, 48, 46, 59, 53, 58, 50, 49, 20, 49, 56, 53, 51, 56, 27]"
882,29,1477440,A,0.003,0.75,180,0.9,14,11,32,0.075,"[0, 0, 0, 0, 1, 2, 0, 2, 2, 7, 6, 5, 0, 0, 0, 0, 0, 0, 0]"
884,29,1477440,A,0.003,0.75,180,0.9,14,11,32,0.085,"[0, 0, 0, 0, 0, 0, 0, 0, 0, 0, 0, 0, 0, 0, 0, 0, 0, 0, 0]"
897,29,1477440,A,0.003,0.75,180,0.9,14,11,32,0.15,"[0, 0, 0, 0, 0, 0, 0, 0, 0, 0, 13, 56, 49, 63, 52, 56, 60, 68, 30]"
890,29,1477440,A,0.003,0.75,180,0.9,14,11,32,0.115,"[0, 0, 0, 0, 0, 0, 0, 0, 0, 0, 2, 8, 0, 0, 0, 0, 0, 0, 0]"
889,29,1477440,A,0.003,0.75,180,0.9,14,11,32,0.11,"[0, 0, 0, 0, 0, 0, 0, 0, 0, 0, 0, 0, 0, 0, 0, 0, 0, 0, 0]"
894,29,1477440,A,0.003,0.75,180,0.9,14,11,32,0.135,"[0, 0, 0, 0, 0, 0, 0, 0, 0, 0, 0, 0, 0, 0, 0, 0, 0, 0, 0]"
899,29,1477440,A,0.003,0.75,180,0.9,14,11,32,0.16,"[0, 0, 0, 0, 0, 0, 0, 0, 37, 76, 74, 61, 55, 79, 54, 65, 65, 59, 40]"
896,29,1477440,A,0.003,0.75,180,0.9,14,11,32,0.145,"[0, 0, 0, 0, 0, 0, 0, 0, 0, 0, 17, 34, 20, 46, 45, 58, 59, 69, 52]"
895,29,1477440,A,0.003,0.75,180,0.9,14,11,32,0.14,"[0, 0, 0, 0, 0, 0, 0, 0, 0, 0, 45, 72, 43, 55, 72, 42, 62, 64, 59]"
898,29,1477440,A,0.003,0.75,180,0.9,14,11,32,0.155,"[0, 0, 0, 0, 0, 0, 0, 0, 6, 31, 50, 58, 54, 60, 78, 77, 72, 57, 47]"
900,30,1477440,A,0.003,0.75,180,0.9,14,11,32,0.01,"[0, 0, 0, 0, 0, 0, 0, 0, 0, 0, 0, 0, 0, 0, 0, 0, 0, 0, 0]"
902,30,1477440,A,0.003,0.75,180,0.9,14,11,32,0.02,"[0, 0, 0, 0, 0, 0, 0, 0, 0, 0, 0, 0, 0, 0, 0, 0, 0, 0, 0]"
901,30,1477440,A,0.003,0.75,180,0.9,14,11,32,0.015,"[0, 0, 0, 0, 0, 0, 0, 0, 0, 0, 0, 0, 0, 0, 0, 0, 0, 0, 0]"
903,30,1477440,A,0.003,0.75,180,0.9,14,11,32,0.025,"[0, 0, 0, 0, 0, 0, 0, 0, 0, 0, 0, 0, 0, 0, 0, 0, 0, 0, 0]"
906,30,1477440,A,0.003,0.75,180,0.9,14,11,32,0.045,"[0, 0, 0, 0, 0, 0, 0, 0, 0, 0, 0, 0, 0, 0, 0, 0, 0, 0, 0]"
904,30,1477440,A,0.003,0.75,180,0.9,14,11,32,0.03,"[0, 0, 0, 0, 0, 0, 0, 0, 0, 0, 0, 0, 0, 0, 0, 0, 0, 0, 0]"
905,30,1477440,A,0.003,0.75,180,0.9,14,11,32,0.035,"[0, 0, 0, 0, 0, 0, 0, 0, 1, 0, 0, 0, 0, 0, 0, 0, 0, 0, 0]"
908,30,1477440,A,0.003,0.75,180,0.9,14,11,32,0.055,"[0, 0, 0, 0, 0, 0, 0, 0, 0, 0, 0, 0, 0, 0, 0, 0, 0, 0, 0]"
907,30,1477440,A,0.003,0.75,180,0.9,14,11,32,0.05,"[0, 0, 0, 0, 0, 0, 0, 0, 0, 0, 0, 0, 0, 0, 0, 0, 0, 0, 0]"
914,30,1477440,A,0.003,0.75,180,0.9,14,11,32,0.085,"[0, 0, 0, 0, 0, 0, 0, 0, 0, 0, 0, 0, 0, 0, 0, 0, 0, 0, 0]"
911,30,1477440,A,0.003,0.75,180,0.9,14,11,32,0.07,"[0, 0, 0, 0, 0, 0, 0, 0, 0, 0, 0, 0, 0, 0, 0, 0, 0, 0, 0]"
912,30,1477440,A,0.003,0.75,180,0.9,14,11,32,0.075,"[0, 0, 0, 0, 0, 0, 0, 0, 2, 3, 5, 4, 0, 0, 0, 0, 2, 6, 0]"
915,30,1477440,A,0.003,0.75,180,0.9,14,11,32,0.09,"[0, 0, 0, 0, 0, 0, 0, 0, 0, 0, 0, 0, 0, 0, 0, 0, 6, 17, 9]"
916,30,1477440,A,0.003,0.75,180,0.9,14,11,32,0.095,"[0, 0, 0, 0, 0, 0, 0, 0, 0, 0, 0, 0, 0, 0, 0, 0, 0, 0, 0]"
913,30,1477440,A,0.003,0.75,180,0.9,14,11,32,0.08,"[0, 0, 0, 0, 0, 0, 0, 0, 0, 0, 0, 0, 0, 0, 0, 0, 0, 0, 0]"
917,30,1477440,A,0.003,0.75,180,0.9,14,11,32,0.1,"[0, 0, 0, 0, 0, 0, 0, 0, 0, 0, 0, 0, 0, 0, 0, 0, 0, 0, 0]"
909,30,1477440,A,0.003,0.75,180,0.9,14,11,32,0.06,"[0, 0, 0, 0, 0, 0, 0, 0, 0, 0, 4, 3, 3, 3, 2, 8, 7, 12, 7]"
910,30,1477440,A,0.003,0.75,180,0.9,14,11,32,0.065,"[0, 0, 0, 0, 0, 0, 0, 0, 0, 0, 0, 0, 0, 0, 0, 0, 0, 0, 0]"
921,30,1477440,A,0.003,0.75,180,0.9,14,11,32,0.12,"[0, 0, 0, 0, 0, 0, 0, 0, 0, 0, 0, 0, 0, 0, 0, 0, 0, 0, 0]"
919,30,1477440,A,0.003,0.75,180,0.9,14,11,32,0.11,"[0, 0, 0, 0, 0, 0, 0, 0, 3, 12, 16, 13, 0, 0, 0, 0, 0, 0, 0]"
918,30,1477440,A,0.003,0.75,180,0.9,14,11,32,0.105,"[0, 0, 0, 0, 0, 0, 0, 0, 0, 0, 9, 7, 0, 0, 0, 0, 0, 0, 0]"
920,30,1477440,A,0.003,0.75,180,0.9,14,11,32,0.115,"[0, 0, 0, 0, 0, 0, 0, 0, 13, 26, 49, 57, 26, 35, 40, 49, 47, 46, 21]"
922,30,1477440,A,0.003,0.75,180,0.9,14,11,32,0.125,"[0, 0, 2, 9, 13, 21, 9, 21, 40, 66, 39, 62, 25, 37, 49, 51, 62, 55, 13]"
928,30,1477440,A,0.003,0.75,180,0.9,14,11,32,0.155,"[0, 0, 0, 0, 0, 0, 0, 0, 0, 0, 0, 0, 0, 0, 0, 0, 0, 0, 0]"
923,30,1477440,A,0.003,0.75,180,0.9,14,11,32,0.13,"[0, 0, 5, 12, 13, 51, 36, 60, 49, 53, 48, 59, 0, 0, 0, 0, 0, 0, 0]"
924,30,1477440,A,0.003,0.75,180,0.9,14,11,32,0.135,"[0, 0, 0, 0, 0, 0, 0, 0, 11, 36, 52, 57, 41, 48, 51, 68, 60, 62, 15]"
929,30,1477440,A,0.003,0.75,180,0.9,14,11,32,0.16,"[0, 0, 0, 0, 0, 0, 0, 0, 0, 0, 0, 0, 0, 0, 0, 0, 0, 0, 0]"
925,30,1477440,A,0.003,0.75,180,0.9,14,11,32,0.14,"[0, 0, 0, 0, 0, 0, 0, 0, 13, 20, 45, 67, 23, 47, 58, 58, 54, 66, 39]"
932,31,1477440,A,0.003,0.75,180,0.9,14,11,32,0.02,"[0, 0, 0, 0, 0, 0, 0, 0, 0, 0, 0, 0, 0, 0, 0, 0, 0, 0, 0]"
930,31,1477440,A,0.003,0.75,180,0.9,14,11,32,0.01,"[0, 0, 0, 0, 0, 0, 0, 0, 0, 0, 0, 0, 0, 0, 0, 0, 0, 0, 0]"
926,30,1477440,A,0.003,0.75,180,0.9,14,11,32,0.145,"[0, 0, 0, 0, 14, 47, 55, 60, 49, 48, 68, 57, 20, 51, 68, 62, 68, 66, 16]"
931,31,1477440,A,0.003,0.75,180,0.9,14,11,32,0.015,"[0, 0, 0, 0, 0, 0, 0, 0, 0, 0, 0, 0, 0, 0, 0, 0, 0, 0, 0]"
936,31,1477440,A,0.003,0.75,180,0.9,14,11,32,0.045,"[0, 0, 0, 0, 0, 0, 0, 0, 0, 0, 0, 0, 0, 0, 0, 0, 0, 0, 0]"
935,31,1477440,A,0.003,0.75,180,0.9,14,11,32,0.035,"[0, 0, 0, 0, 0, 0, 0, 0, 0, 0, 0, 0, 0, 0, 0, 0, 0, 0, 0]"
933,31,1477440,A,0.003,0.75,180,0.9,14,11,32,0.025,"[0, 0, 0, 0, 0, 0, 0, 0, 0, 0, 0, 0, 0, 0, 0, 0, 0, 0, 0]"
934,31,1477440,A,0.003,0.75,180,0.9,14,11,32,0.03,"[0, 0, 0, 0, 0, 0, 0, 0, 0, 0, 0, 0, 0, 0, 0, 0, 0, 0, 0]"
940,31,1477440,A,0.003,0.75,180,0.9,14,11,32,0.065,"[0, 0, 0, 0, 0, 0, 0, 0, 0, 0, 0, 0, 0, 0, 0, 0, 0, 0, 0]"
938,31,1477440,A,0.003,0.75,180,0.9,14,11,32,0.055,"[0, 0, 0, 0, 0, 0, 0, 0, 0, 0, 0, 0, 0, 0, 0, 0, 0, 0, 0]"
937,31,1477440,A,0.003,0.75,180,0.9,14,11,32,0.05,"[0, 0, 0, 0, 0, 0, 0, 0, 1, 0, 0, 0, 0, 0, 0, 0, 0, 0, 0]"
939,31,1477440,A,0.003,0.75,180,0.9,14,11,32,0.06,"[0, 0, 0, 0, 0, 0, 0, 0, 2, 1, 3, 3, 0, 0, 0, 0, 0, 0, 0]"
927,30,1477440,A,0.003,0.75,180,0.9,14,11,32,0.15,"[0, 0, 4, 14, 66, 57, 48, 47, 67, 63, 60, 60, 39, 76, 61, 71, 57, 60, 32]"
941,31,1477440,A,0.003,0.75,180,0.9,14,11,32,0.07,"[0, 0, 0, 0, 0, 0, 0, 0, 1, 0, 0, 0, 0, 0, 0, 0, 0, 0, 0]"
942,31,1477440,A,0.003,0.75,180,0.9,14,11,32,0.075,"[0, 0, 0, 0, 0, 0, 0, 0, 0, 0, 3, 3, 2, 7, 16, 18, 26, 25, 4]"
943,31,1477440,A,0.003,0.75,180,0.9,14,11,32,0.08,"[0, 0, 0, 0, 0, 0, 0, 0, 0, 0, 0, 0, 0, 0, 0, 0, 1, 8, 4]"
944,31,1477440,A,0.003,0.75,180,0.9,14,11,32,0.085,"[0, 0, 0, 0, 0, 0, 0, 0, 0, 0, 0, 0, 0, 0, 0, 0, 0, 0, 0]"
947,31,1477440,A,0.003,0.75,180,0.9,14,11,32,0.1,"[0, 0, 0, 0, 0, 0, 0, 0, 0, 0, 0, 0, 0, 0, 0, 0, 0, 0, 0]"
946,31,1477440,A,0.003,0.75,180,0.9,14,11,32,0.095,"[0, 0, 0, 0, 0, 0, 0, 0, 0, 0, 0, 0, 0, 0, 0, 0, 0, 0, 0]"
948,31,1477440,A,0.003,0.75,180,0.9,14,11,32,0.105,"[0, 0, 0, 0, 0, 0, 0, 0, 0, 0, 0, 0, 0, 0, 0, 0, 0, 0, 0]"
945,31,1477440,A,0.003,0.75,180,0.9,14,11,32,0.09,"[0, 0, 0, 0, 0, 0, 0, 0, 0, 0, 0, 7, 2, 12, 15, 14, 25, 25, 9]"
949,31,1477440,A,0.003,0.75,180,0.9,14,11,32,0.11,"[0, 0, 0, 0, 0, 0, 0, 0, 0, 0, 0, 0, 0, 0, 0, 0, 0, 0, 0]"
951,31,1477440,A,0.003,0.75,180,0.9,14,11,32,0.12,"[0, 0, 0, 0, 0, 0, 0, 0, 0, 0, 0, 0, 0, 0, 0, 0, 0, 0, 0]"
950,31,1477440,A,0.003,0.75,180,0.9,14,11,32,0.115,"[0, 0, 0, 0, 0, 0, 0, 0, 0, 0, 0, 0, 0, 0, 0, 0, 3, 9, 16]"
952,31,1477440,A,0.003,0.75,180,0.9,14,11,32,0.125,"[0, 0, 0, 0, 9, 40, 31, 43, 55, 70, 54, 48, 6, 22, 36, 48, 68, 54, 40]"
954,31,1477440,A,0.003,0.75,180,0.9,14,11,32,0.135,"[0, 0, 0, 0, 0, 0, 0, 0, 0, 0, 0, 0, 0, 0, 0, 0, 0, 0, 0]"
953,31,1477440,A,0.003,0.75,180,0.9,14,11,32,0.13,"[0, 0, 0, 0, 0, 0, 0, 0, 0, 0, 10, 22, 20, 40, 51, 56, 49, 58, 23]"
955,31,1477440,A,0.003,0.75,180,0.9,14,11,32,0.14,"[0, 0, 0, 0, 0, 0, 0, 0, 0, 0, 0, 0, 0, 0, 0, 0, 0, 0, 0]"
956,31,1477440,A,0.003,0.75,180,0.9,14,11,32,0.145,"[0, 0, 0, 0, 0, 0, 0, 0, 15, 49, 57, 64, 49, 62, 68, 62, 59, 58, 48]"
963,32,1477440,A,0.003,0.75,180,0.9,14,11,32,0.025,"[0, 0, 0, 0, 0, 0, 0, 0, 0, 0, 0, 0, 0, 0, 0, 0, 0, 0, 0]"
961,32,1477440,A,0.003,0.75,180,0.9,14,11,32,0.015,"[0, 0, 0, 0, 0, 0, 0, 0, 0, 0, 0, 0, 0, 0, 0, 0, 0, 0, 0]"
964,32,1477440,A,0.003,0.75,180,0.9,14,11,32,0.03,"[0, 0, 0, 0, 0, 0, 0, 0, 0, 0, 0, 0, 0, 0, 0, 0, 0, 0, 0]"
962,32,1477440,A,0.003,0.75,180,0.9,14,11,32,0.02,"[0, 0, 0, 0, 0, 0, 0, 0, 0, 0, 0, 0, 0, 0, 0, 0, 0, 0, 0]"
959,31,1477440,A,0.003,0.75,180,0.9,14,11,32,0.16,"[0, 0, 0, 0, 0, 0, 0, 0, 0, 0, 0, 0, 0, 0, 0, 0, 0, 0, 0]"
966,32,1477440,A,0.003,0.75,180,0.9,14,11,32,0.045,"[0, 0, 0, 0, 0, 0, 0, 0, 0, 0, 0, 0, 0, 0, 0, 0, 0, 0, 0]"
957,31,1477440,A,0.003,0.75,180,0.9,14,11,32,0.15,"[0, 0, 0, 0, 0, 0, 0, 0, 13, 53, 58, 63, 58, 66, 73, 62, 60, 60, 27]"
965,32,1477440,A,0.003,0.75,180,0.9,14,11,32,0.035,"[0, 0, 0, 0, 0, 0, 0, 0, 0, 0, 0, 0, 0, 0, 0, 0, 0, 0, 0]"
958,31,1477440,A,0.003,0.75,180,0.9,14,11,32,0.155,"[0, 0, 2, 17, 17, 42, 46, 70, 56, 59, 67, 60, 62, 64, 54, 72, 70, 71, 43]"
967,32,1477440,A,0.003,0.75,180,0.9,14,11,32,0.05,"[0, 0, 0, 0, 0, 0, 0, 0, 0, 0, 0, 0, 0, 0, 0, 0, 0, 0, 0]"
960,32,1477440,A,0.003,0.75,180,0.9,14,11,32,0.01,"[0, 0, 0, 0, 0, 0, 0, 0, 0, 0, 0, 0, 0, 0, 0, 0, 0, 0, 0]"
968,32,1477440,A,0.003,0.75,180,0.9,14,11,32,0.055,"[0, 0, 0, 0, 0, 0, 0, 0, 0, 0, 0, 1, 0, 0, 0, 0, 0, 0, 0]"
969,32,1477440,A,0.003,0.75,180,0.9,14,11,32,0.06,"[0, 0, 0, 0, 0, 0, 0, 0, 0, 0, 0, 0, 0, 0, 0, 0, 0, 0, 0]"
971,32,1477440,A,0.003,0.75,180,0.9,14,11,32,0.07,"[0, 0, 0, 0, 0, 0, 0, 0, 0, 0, 0, 0, 0, 0, 0, 0, 0, 0, 0]"
975,32,1477440,A,0.003,0.75,180,0.9,14,11,32,0.09,"[0, 0, 0, 0, 0, 0, 0, 0, 0, 0, 0, 0, 0, 0, 0, 0, 0, 0, 0]"
973,32,1477440,A,0.003,0.75,180,0.9,14,11,32,0.08,"[0, 0, 0, 0, 0, 0, 0, 0, 0, 0, 0, 0, 0, 0, 0, 0, 0, 0, 0]"
972,32,1477440,A,0.003,0.75,180,0.9,14,11,32,0.075,"[0, 0, 0, 0, 0, 0, 0, 0, 0, 0, 0, 0, 0, 0, 0, 0, 0, 0, 0]"
970,32,1477440,A,0.003,0.75,180,0.9,14,11,32,0.065,"[0, 0, 0, 0, 0, 0, 0, 0, 0, 0, 0, 3, 11, 15, 17, 17, 13, 21, 0]"
977,32,1477440,A,0.003,0.75,180,0.9,14,11,32,0.1,"[0, 0, 0, 0, 0, 0, 0, 0, 0, 0, 0, 0, 0, 0, 0, 0, 0, 0, 0]"
974,32,1477440,A,0.003,0.75,180,0.9,14,11,32,0.085,"[0, 0, 0, 0, 0, 0, 0, 0, 0, 0, 0, 0, 0, 0, 0, 0, 0, 0, 0]"
981,32,1477440,A,0.003,0.75,180,0.9,14,11,32,0.12,"[0, 0, 0, 0, 0, 0, 0, 0, 0, 0, 1, 0, 0, 0, 0, 0, 0, 0, 0]"
979,32,1477440,A,0.003,0.75,180,0.9,14,11,32,0.11,"[0, 0, 0, 0, 0, 0, 0, 0, 0, 0, 2, 7, 0, 0, 0, 0, 0, 0, 0]"
978,32,1477440,A,0.003,0.75,180,0.9,14,11,32,0.105,"[0, 0, 0, 0, 0, 0, 0, 0, 0, 0, 0, 0, 0, 0, 0, 0, 0, 0, 0]"
985,32,1477440,A,0.003,0.75,180,0.9,14,11,32,0.14,"[0, 0, 0, 0, 0, 0, 0, 0, 0, 0, 0, 0, 0, 0, 0, 0, 0, 0, 0]"
980,32,1477440,A,0.003,0.75,180,0.9,14,11,32,0.115,"[0, 0, 0, 0, 2, 11, 22, 35, 35, 35, 40, 55, 20, 45, 45, 52, 40, 57, 41]"
983,32,1477440,A,0.003,0.75,180,0.9,14,11,32,0.13,"[0, 0, 0, 0, 0, 0, 0, 0, 0, 0, 0, 0, 0, 0, 0, 0, 0, 0, 0]"
976,32,1477440,A,0.003,0.75,180,0.9,14,11,32,0.095,"[0, 0, 0, 0, 0, 0, 0, 0, 7, 25, 42, 37, 23, 32, 40, 29, 34, 45, 6]"
982,32,1477440,A,0.003,0.75,180,0.9,14,11,32,0.125,"[0, 0, 0, 0, 9, 12, 11, 33, 32, 52, 59, 51, 27, 45, 62, 65, 55, 43, 31]"
988,32,1477440,A,0.003,0.75,180,0.9,14,11,32,0.155,"[0, 0, 0, 0, 3, 8, 0, 0, 0, 0, 0, 0, 0, 0, 0, 0, 0, 0, 0]"
989,32,1477440,A,0.003,0.75,180,0.9,14,11,32,0.16,"[0, 0, 0, 0, 0, 0, 0, 0, 0, 0, 0, 0, 0, 0, 0, 0, 1, 0, 0]"
986,32,1477440,A,0.003,0.75,180,0.9,14,11,32,0.145,"[0, 0, 1, 0, 0, 0, 0, 0, 23, 52, 70, 67, 52, 56, 73, 62, 64, 75, 31]"
990,33,1477440,A,0.003,0.75,180,0.9,14,11,32,0.01,"[0, 0, 0, 0, 0, 0, 0, 0, 0, 0, 0, 0, 0, 0, 0, 0, 0, 0, 0]"
991,33,1477440,A,0.003,0.75,180,0.9,14,11,32,0.015,"[0, 0, 0, 0, 0, 0, 0, 0, 0, 0, 0, 0, 0, 0, 0, 0, 0, 0, 0]"
992,33,1477440,A,0.003,0.75,180,0.9,14,11,32,0.02,"[0, 0, 0, 0, 0, 0, 0, 0, 0, 0, 0, 0, 0, 0, 0, 0, 0, 0, 0]"
984,32,1477440,A,0.003,0.75,180,0.9,14,11,32,0.135,"[0, 0, 0, 0, 0, 0, 0, 0, 0, 0, 12, 50, 50, 58, 60, 68, 47, 58, 53]"
987,32,1477440,A,0.003,0.75,180,0.9,14,11,32,0.15,"[0, 0, 0, 0, 25, 55, 51, 63, 60, 66, 56, 51, 44, 59, 54, 59, 57, 67, 60]"
993,33,1477440,A,0.003,0.75,180,0.9,14,11,32,0.025,"[0, 0, 0, 0, 0, 0, 0, 0, 0, 0, 0, 0, 0, 0, 0, 0, 0, 0, 0]"
994,33,1477440,A,0.003,0.75,180,0.9,14,11,32,0.03,"[0, 0, 0, 0, 0, 0, 0, 0, 0, 0, 0, 0, 0, 0, 0, 0, 0, 0, 0]"
996,33,1477440,A,0.003,0.75,180,0.9,14,11,32,0.045,"[0, 0, 0, 0, 0, 0, 0, 0, 2, 3, 5, 6, 4, 0, 0, 1, 2, 1, 0]"
997,33,1477440,A,0.003,0.75,180,0.9,14,11,32,0.05,"[0, 0, 0, 0, 0, 0, 0, 0, 0, 0, 0, 0, 0, 0, 0, 0, 0, 0, 0]"
995,33,1477440,A,0.003,0.75,180,0.9,14,11,32,0.035,"[0, 0, 0, 0, 0, 0, 0, 0, 0, 0, 0, 0, 0, 0, 0, 0, 0, 0, 0]"
998,33,1477440,A,0.003,0.75,180,0.9,14,11,32,0.055,"[0, 0, 5, 0, 0, 0, 0, 0, 0, 0, 0, 0, 0, 0, 0, 0, 0, 0, 0]"
999,33,1477440,A,0.003,0.75,180,0.9,14,11,32,0.06,"[0, 0, 0, 4, 3, 2, 0, 0, 0, 0, 0, 0, 0, 0, 0, 0, 0, 0, 0]"
1000,33,1477440,A,0.003,0.75,180,0.9,14,11,32,0.065,"[0, 0, 0, 0, 0, 0, 0, 0, 0, 0, 1, 2, 0, 0, 0, 0, 0, 0, 0]"
1001,33,1477440,A,0.003,0.75,180,0.9,14,11,32,0.07,"[0, 0, 0, 0, 0, 0, 0, 0, 0, 0, 0, 0, 0, 0, 0, 0, 0, 0, 0]"
1002,33,1477440,A,0.003,0.75,180,0.9,14,11,32,0.075,"[0, 0, 0, 0, 0, 0, 0, 0, 0, 0, 0, 0, 0, 0, 0, 0, 0, 0, 0]"
1003,33,1477440,A,0.003,0.75,180,0.9,14,11,32,0.08,"[0, 0, 0, 0, 0, 0, 0, 0, 3, 9, 9, 14, 2, 18, 23, 18, 17, 22, 2]"
1004,33,1477440,A,0.003,0.75,180,0.9,14,11,32,0.085,"[0, 0, 0, 0, 0, 0, 0, 0, 0, 0, 0, 0, 0, 0, 0, 0, 0, 0, 0]"
1005,33,1477440,A,0.003,0.75,180,0.9,14,11,32,0.09,"[0, 0, 0, 0, 0, 0, 0, 0, 0, 0, 0, 0, 0, 0, 0, 0, 0, 0, 0]"
1007,33,1477440,A,0.003,0.75,180,0.9,14,11,32,0.1,"[0, 0, 0, 0, 0, 0, 0, 0, 0, 0, 0, 0, 0, 0, 0, 0, 0, 0, 0]"
1008,33,1477440,A,0.003,0.75,180,0.9,14,11,32,0.105,"[0, 0, 0, 0, 0, 0, 0, 0, 0, 0, 0, 0, 0, 0, 0, 0, 0, 0, 0]"
1011,33,1477440,A,0.003,0.75,180,0.9,14,11,32,0.12,"[0, 0, 0, 0, 0, 0, 0, 0, 0, 0, 0, 0, 0, 0, 0, 0, 7, 14, 1]"
1006,33,1477440,A,0.003,0.75,180,0.9,14,11,32,0.095,"[0, 0, 9, 16, 33, 21, 11, 18, 30, 42, 30, 42, 15, 15, 19, 32, 36, 40, 11]"
1010,33,1477440,A,0.003,0.75,180,0.9,14,11,32,0.115,"[0, 0, 0, 8, 7, 11, 1, 6, 5, 14, 37, 48, 12, 15, 24, 47, 56, 46, 8]"
1009,33,1477440,A,0.003,0.75,180,0.9,14,11,32,0.11,"[0, 0, 2, 11, 9, 25, 8, 12, 15, 20, 40, 49, 20, 49, 35, 45, 48, 44, 26]"
1021,34,1477440,A,0.003,0.75,180,0.9,14,11,32,0.015,"[0, 0, 0, 0, 0, 0, 0, 0, 0, 0, 0, 0, 0, 0, 0, 0, 0, 0, 0]"
1013,33,1477440,A,0.003,0.75,180,0.9,14,11,32,0.13,"[0, 0, 0, 0, 0, 0, 0, 0, 0, 0, 14, 36, 14, 46, 58, 52, 61, 57, 39]"
1020,34,1477440,A,0.003,0.75,180,0.9,14,11,32,0.01,"[0, 0, 0, 0, 0, 0, 0, 0, 0, 0, 0, 0, 0, 0, 0, 0, 0, 0, 0]"
1015,33,1477440,A,0.003,0.75,180,0.9,14,11,32,0.14,"[0, 0, 0, 24, 46, 56, 18, 30, 42, 66, 43, 61, 29, 54, 60, 50, 57, 59, 41]"
1023,34,1477440,A,0.003,0.75,180,0.9,14,11,32,0.025,"[0, 0, 0, 0, 0, 0, 0, 0, 0, 0, 0, 0, 0, 0, 0, 0, 0, 0, 0]"
1012,33,1477440,A,0.003,0.75,180,0.9,14,11,32,0.125,"[0, 0, 16, 15, 35, 46, 43, 57, 61, 50, 49, 51, 40, 55, 51, 69, 45, 57, 19]"
1016,33,1477440,A,0.003,0.75,180,0.9,14,11,32,0.145,"[0, 0, 0, 0, 0, 0, 0, 0, 9, 45, 67, 56, 59, 53, 62, 57, 61, 60, 50]"
1024,34,1477440,A,0.003,0.75,180,0.9,14,11,32,0.03,"[0, 0, 0, 0, 0, 0, 0, 0, 0, 0, 0, 0, 0, 0, 0, 0, 0, 0, 0]"
1014,33,1477440,A,0.003,0.75,180,0.9,14,11,32,0.135,"[0, 0, 0, 0, 0, 0, 0, 0, 8, 16, 39, 49, 27, 39, 44, 49, 68, 59, 23]"
1018,33,1477440,A,0.003,0.75,180,0.9,14,11,32,0.155,"[0, 0, 0, 0, 0, 0, 0, 0, 36, 61, 62, 63, 15, 48, 65, 70, 58, 61, 50]"
1022,34,1477440,A,0.003,0.75,180,0.9,14,11,32,0.02,"[0, 0, 0, 0, 0, 0, 0, 0, 0, 0, 0, 0, 0, 0, 0, 0, 0, 0, 0]"
1026,34,1477440,A,0.003,0.75,180,0.9,14,11,32,0.045,"[0, 0, 0, 0, 0, 0, 0, 0, 0, 0, 0, 0, 0, 0, 0, 0, 0, 0, 0]"
1019,33,1477440,A,0.003,0.75,180,0.9,14,11,32,0.16,"[0, 0, 0, 0, 36, 54, 37, 56, 62, 84, 71, 74, 52, 66, 63, 61, 62, 74, 51]"
1017,33,1477440,A,0.003,0.75,180,0.9,14,11,32,0.15,"[0, 0, 11, 51, 58, 60, 33, 64, 52, 67, 61, 73, 51, 53, 64, 60, 68, 66, 29]"
1029,34,1477440,A,0.003,0.75,180,0.9,14,11,32,0.06,"[0, 0, 0, 0, 0, 0, 0, 0, 1, 3, 2, 0, 0, 0, 0, 0, 0, 0, 0]"
1027,34,1477440,A,0.003,0.75,180,0.9,14,11,32,0.05,"[0, 0, 0, 0, 0, 0, 0, 0, 0, 0, 0, 0, 0, 0, 0, 0, 0, 0, 0]"
1025,34,1477440,A,0.003,0.75,180,0.9,14,11,32,0.035,"[0, 0, 0, 0, 0, 0, 0, 0, 0, 0, 0, 0, 0, 0, 0, 0, 0, 0, 0]"
1028,34,1477440,A,0.003,0.75,180,0.9,14,11,32,0.055,"[0, 0, 0, 0, 0, 0, 0, 0, 0, 0, 0, 0, 0, 0, 0, 0, 0, 0, 0]"
1032,34,1477440,A,0.003,0.75,180,0.9,14,11,32,0.075,"[0, 0, 0, 0, 0, 0, 0, 0, 0, 0, 0, 0, 0, 0, 0, 0, 0, 0, 0]"
1033,34,1477440,A,0.003,0.75,180,0.9,14,11,32,0.08,"[0, 0, 0, 0, 0, 0, 0, 0, 0, 0, 0, 0, 0, 0, 0, 0, 0, 0, 0]"
1031,34,1477440,A,0.003,0.75,180,0.9,14,11,32,0.07,"[0, 0, 0, 0, 0, 0, 0, 0, 0, 0, 0, 0, 0, 0, 0, 0, 0, 0, 0]"
1030,34,1477440,A,0.003,0.75,180,0.9,14,11,32,0.065,"[0, 0, 0, 0, 0, 0, 0, 0, 0, 0, 0, 0, 0, 0, 0, 0, 0, 0, 0]"
1034,34,1477440,A,0.003,0.75,180,0.9,14,11,32,0.085,"[0, 0, 0, 0, 0, 0, 0, 0, 0, 0, 0, 0, 0, 0, 0, 0, 0, 0, 0]"
1039,34,1477440,A,0.003,0.75,180,0.9,14,11,32,0.11,"[0, 0, 0, 0, 0, 0, 0, 0, 0, 0, 1, 0, 0, 0, 0, 0, 0, 0, 0]"
1037,34,1477440,A,0.003,0.75,180,0.9,14,11,32,0.1,"[0, 0, 0, 0, 0, 0, 0, 0, 0, 0, 0, 0, 0, 0, 0, 0, 0, 0, 0]"
1036,34,1477440,A,0.003,0.75,180,0.9,14,11,32,0.095,"[0, 0, 0, 0, 0, 0, 0, 0, 5, 2, 13, 19, 4, 17, 30, 34, 37, 45, 0]"
1035,34,1477440,A,0.003,0.75,180,0.9,14,11,32,0.09,"[0, 0, 0, 7, 17, 24, 5, 19, 31, 32, 35, 38, 14, 17, 26, 34, 38, 41, 9]"
1038,34,1477440,A,0.003,0.75,180,0.9,14,11,32,0.105,"[0, 0, 0, 0, 0, 0, 0, 0, 0, 0, 0, 0, 0, 0, 0, 0, 0, 0, 0]"
1041,34,1477440,A,0.003,0.75,180,0.9,14,11,32,0.12,"[0, 0, 0, 0, 0, 0, 0, 0, 0, 0, 0, 0, 0, 0, 0, 0, 5, 43, 16]"
1042,34,1477440,A,0.003,0.75,180,0.9,14,11,32,0.125,"[0, 0, 1, 0, 0, 0, 0, 0, 0, 0, 0, 0, 0, 0, 0, 0, 0, 0, 0]"
1040,34,1477440,A,0.003,0.75,180,0.9,14,11,32,0.115,"[0, 0, 0, 0, 0, 0, 0, 0, 10, 6, 28, 34, 14, 35, 38, 50, 49, 60, 19]"
1043,34,1477440,A,0.003,0.75,180,0.9,14,11,32,0.13,"[0, 0, 0, 0, 0, 0, 0, 0, 0, 0, 0, 0, 0, 0, 0, 0, 0, 0, 0]"
1044,34,1477440,A,0.003,0.75,180,0.9,14,11,32,0.135,"[0, 0, 0, 0, 0, 0, 0, 0, 17, 29, 52, 47, 39, 42, 56, 58, 53, 67, 34]"
1045,34,1477440,A,0.003,0.75,180,0.9,14,11,32,0.14,"[0, 0, 7, 20, 46, 55, 24, 65, 52, 66, 72, 48, 15, 44, 53, 49, 46, 57, 32]"
1047,34,1477440,A,0.003,0.75,180,0.9,14,11,32,0.15,"[0, 0, 0, 0, 0, 0, 0, 0, 0, 0, 0, 0, 0, 0, 0, 0, 25, 63, 60]"
1046,34,1477440,A,0.003,0.75,180,0.9,14,11,32,0.145,"[0, 0, 0, 0, 0, 0, 0, 0, 25, 44, 64, 51, 35, 68, 64, 57, 47, 72, 31]"
1048,34,1477440,A,0.003,0.75,180,0.9,14,11,32,0.155,"[0, 0, 0, 0, 0, 0, 0, 0, 1, 0, 9, 52, 41, 61, 71, 67, 63, 76, 47]"
1049,34,1477440,A,0.003,0.75,180,0.9,14,11,32,0.16,"[0, 0, 6, 28, 58, 61, 57, 67, 62, 63, 68, 58, 34, 64, 74, 61, 69, 65, 45]"
1052,35,1477440,A,0.003,0.75,180,0.9,14,11,32,0.02,"[0, 0, 0, 0, 0, 0, 0, 0, 0, 0, 0, 0, 0, 0, 0, 0, 0, 0, 0]"
1051,35,1477440,A,0.003,0.75,180,0.9,14,11,32,0.015,"[0, 0, 0, 0, 0, 0, 0, 0, 0, 0, 0, 0, 0, 0, 0, 0, 0, 0, 0]"
1050,35,1477440,A,0.003,0.75,180,0.9,14,11,32,0.01,"[0, 0, 0, 0, 0, 0, 0, 0, 0, 0, 0, 0, 0, 0, 0, 0, 0, 0, 0]"
1053,35,1477440,A,0.003,0.75,180,0.9,14,11,32,0.025,"[0, 0, 0, 0, 0, 0, 0, 0, 0, 0, 0, 0, 0, 0, 0, 0, 0, 0, 0]"
1054,35,1477440,A,0.003,0.75,180,0.9,14,11,32,0.03,"[0, 0, 0, 0, 0, 0, 0, 0, 0, 0, 0, 0, 0, 0, 0, 0, 0, 0, 0]"
1055,35,1477440,A,0.003,0.75,180,0.9,14,11,32,0.035,"[0, 0, 0, 0, 0, 0, 0, 0, 0, 0, 0, 0, 0, 0, 0, 0, 0, 0, 0]"
1057,35,1477440,A,0.003,0.75,180,0.9,14,11,32,0.05,"[0, 0, 0, 0, 0, 0, 0, 0, 0, 0, 0, 0, 0, 0, 0, 0, 0, 0, 0]"
1056,35,1477440,A,0.003,0.75,180,0.9,14,11,32,0.045,"[0, 0, 0, 0, 0, 0, 0, 0, 0, 0, 0, 0, 0, 0, 0, 0, 1, 0, 0]"
1058,35,1477440,A,0.003,0.75,180,0.9,14,11,32,0.055,"[0, 0, 0, 0, 0, 0, 0, 0, 0, 0, 0, 0, 0, 0, 0, 0, 0, 0, 0]"
1059,35,1477440,A,0.003,0.75,180,0.9,14,11,32,0.06,"[0, 0, 0, 0, 0, 0, 0, 0, 0, 0, 0, 0, 0, 0, 0, 0, 0, 3, 2]"
1060,35,1477440,A,0.003,0.75,180,0.9,14,11,32,0.065,"[0, 0, 0, 0, 0, 0, 0, 0, 0, 0, 1, 4, 1, 4, 3, 1, 4, 2, 0]"
1063,35,1477440,A,0.003,0.75,180,0.9,14,11,32,0.08,"[0, 0, 0, 0, 0, 0, 0, 0, 0, 0, 0, 0, 0, 0, 0, 0, 0, 0, 0]"
1061,35,1477440,A,0.003,0.75,180,0.9,14,11,32,0.07,"[0, 0, 0, 0, 0, 0, 0, 0, 0, 0, 1, 3, 6, 8, 7, 13, 10, 10, 0]"
1062,35,1477440,A,0.003,0.75,180,0.9,14,11,32,0.075,"[0, 0, 0, 0, 0, 0, 0, 0, 0, 0, 0, 0, 0, 0, 0, 0, 0, 0, 0]"
1065,35,1477440,A,0.003,0.75,180,0.9,14,11,32,0.09,"[0, 0, 1, 4, 6, 20, 1, 4, 6, 8, 8, 11, 0, 0, 0, 0, 0, 0, 0]"
1067,35,1477440,A,0.003,0.75,180,0.9,14,11,32,0.1,"[0, 0, 0, 0, 0, 0, 0, 0, 0, 0, 0, 0, 0, 0, 0, 0, 0, 0, 0]"
1064,35,1477440,A,0.003,0.75,180,0.9,14,11,32,0.085,"[0, 0, 0, 0, 0, 0, 0, 0, 0, 0, 0, 0, 0, 0, 0, 0, 0, 0, 0]"
1066,35,1477440,A,0.003,0.75,180,0.9,14,11,32,0.095,"[0, 0, 0, 0, 0, 0, 0, 0, 0, 0, 0, 0, 0, 0, 0, 0, 0, 0, 0]"
1068,35,1477440,A,0.003,0.75,180,0.9,14,11,32,0.105,"[0, 0, 0, 0, 0, 0, 0, 0, 0, 0, 5, 11, 7, 0, 0, 0, 0, 0, 0]"
1071,35,1477440,A,0.003,0.75,180,0.9,14,11,32,0.12,"[0, 0, 0, 0, 0, 0, 0, 0, 0, 0, 8, 28, 0, 0, 0, 0, 0, 0, 0]"
1069,35,1477440,A,0.003,0.75,180,0.9,14,11,32,0.11,"[0, 0, 0, 0, 4, 11, 8, 7, 11, 9, 12, 37, 13, 24, 15, 30, 40, 41, 18]"
1072,35,1477440,A,0.003,0.75,180,0.9,14,11,32,0.125,"[0, 0, 0, 0, 0, 0, 0, 0, 4, 37, 63, 60, 24, 48, 51, 53, 55, 57, 31]"
1070,35,1477440,A,0.003,0.75,180,0.9,14,11,32,0.115,"[0, 0, 9, 14, 17, 33, 14, 40, 54, 59, 41, 57, 25, 30, 50, 48, 45, 58, 12]"
1078,35,1477440,A,0.003,0.75,180,0.9,14,11,32,0.155,"[0, 0, 0, 0, 0, 0, 0, 0, 1, 0, 0, 0, 0, 0, 0, 0, 0, 0, 0]"
1073,35,1477440,A,0.003,0.75,180,0.9,14,11,32,0.13,"[0, 0, 0, 0, 0, 0, 0, 0, 4, 12, 41, 74, 42, 63, 47, 51, 50, 53, 41]"
1079,35,1477440,A,0.003,0.75,180,0.9,14,11,32,0.16,"[0, 0, 1, 0, 0, 0, 0, 0, 0, 0, 0, 0, 0, 0, 0, 0, 0, 0, 0]"
1081,36,1477440,A,0.003,0.75,180,0.9,14,11,32,0.015,"[0, 0, 0, 0, 0, 0, 0, 0, 0, 0, 0, 0, 0, 0, 0, 0, 0, 0, 0]"
1080,36,1477440,A,0.003,0.75,180,0.9,14,11,32,0.01,"[0, 0, 0, 0, 0, 0, 0, 0, 0, 0, 0, 0, 0, 0, 0, 0, 0, 0, 0]"
1075,35,1477440,A,0.003,0.75,180,0.9,14,11,32,0.14,"[0, 0, 0, 0, 0, 0, 0, 0, 0, 0, 20, 51, 45, 54, 60, 52, 58, 52, 44]"
1082,36,1477440,A,0.003,0.75,180,0.9,14,11,32,0.02,"[0, 0, 0, 0, 0, 0, 0, 0, 0, 0, 0, 0, 0, 0, 0, 0, 0, 0, 0]"
1083,36,1477440,A,0.003,0.75,180,0.9,14,11,32,0.025,"[0, 0, 0, 0, 0, 0, 0, 0, 0, 0, 0, 0, 0, 0, 0, 0, 0, 0, 0]"
1077,35,1477440,A,0.003,0.75,180,0.9,14,11,32,0.15,"[0, 0, 0, 0, 0, 0, 0, 0, 0, 0, 27, 65, 52, 72, 70, 64, 48, 70, 54]"
1074,35,1477440,A,0.003,0.75,180,0.9,14,11,32,0.135,"[0, 0, 35, 64, 59, 66, 34, 56, 51, 48, 59, 61, 41, 60, 58, 60, 54, 60, 54]"
1087,36,1477440,A,0.003,0.75,180,0.9,14,11,32,0.05,"[0, 0, 0, 0, 0, 0, 0, 0, 0, 0, 2, 4, 0, 0, 0, 0, 0, 0, 0]"
1088,36,1477440,A,0.003,0.75,180,0.9,14,11,32,0.055,"[0, 0, 0, 0, 0, 0, 0, 0, 0, 0, 0, 0, 0, 0, 0, 0, 0, 0, 0]"
1084,36,1477440,A,0.003,0.75,180,0.9,14,11,32,0.03,"[0, 0, 0, 0, 0, 0, 0, 0, 1, 0, 0, 1, 0, 0, 0, 0, 0, 0, 0]"
1076,35,1477440,A,0.003,0.75,180,0.9,14,11,32,0.145,"[0, 0, 16, 38, 60, 64, 43, 60, 54, 71, 69, 62, 60, 58, 67, 61, 50, 62, 43]"
1090,36,1477440,A,0.003,0.75,180,0.9,14,11,32,0.065,"[0, 0, 0, 0, 1, 2, 0, 0, 0, 0, 0, 0, 0, 0, 0, 0, 0, 0, 0]"
1089,36,1477440,A,0.003,0.75,180,0.9,14,11,32,0.06,"[0, 0, 0, 0, 0, 0, 0, 0, 0, 0, 0, 0, 0, 0, 0, 0, 0, 0, 0]"
1085,36,1477440,A,0.003,0.75,180,0.9,14,11,32,0.035,"[0, 0, 0, 0, 0, 0, 0, 0, 0, 0, 0, 0, 0, 0, 0, 0, 0, 0, 0]"
1086,36,1477440,A,0.003,0.75,180,0.9,14,11,32,0.045,"[0, 0, 0, 0, 0, 0, 0, 0, 0, 0, 0, 0, 0, 0, 0, 0, 0, 0, 0]"
1092,36,1477440,A,0.003,0.75,180,0.9,14,11,32,0.075,"[0, 0, 0, 0, 1, 0, 0, 0, 0, 0, 0, 0, 0, 0, 0, 0, 0, 0, 0]"
1091,36,1477440,A,0.003,0.75,180,0.9,14,11,32,0.07,"[0, 0, 0, 0, 0, 0, 0, 0, 1, 3, 4, 3, 0, 0, 0, 0, 0, 0, 0]"
1093,36,1477440,A,0.003,0.75,180,0.9,14,11,32,0.08,"[0, 0, 0, 0, 0, 0, 0, 0, 0, 0, 0, 0, 0, 0, 0, 0, 0, 0, 0]"
1094,36,1477440,A,0.003,0.75,180,0.9,14,11,32,0.085,"[0, 0, 0, 0, 0, 0, 0, 0, 0, 0, 5, 17, 5, 5, 5, 7, 8, 18, 6]"
1095,36,1477440,A,0.003,0.75,180,0.9,14,11,32,0.09,"[0, 0, 0, 0, 0, 0, 0, 0, 0, 0, 6, 20, 1, 6, 16, 16, 20, 20, 4]"
1097,36,1477440,A,0.003,0.75,180,0.9,14,11,32,0.1,"[0, 0, 0, 0, 0, 0, 0, 0, 0, 0, 0, 0, 0, 0, 0, 0, 0, 0, 0]"
1096,36,1477440,A,0.003,0.75,180,0.9,14,11,32,0.095,"[0, 0, 0, 0, 0, 0, 0, 0, 0, 0, 0, 0, 0, 0, 0, 0, 0, 0, 0]"
1098,36,1477440,A,0.003,0.75,180,0.9,14,11,32,0.105,"[0, 0, 0, 0, 0, 0, 0, 0, 0, 0, 0, 0, 0, 0, 0, 0, 0, 0, 0]"
1099,36,1477440,A,0.003,0.75,180,0.9,14,11,32,0.11,"[0, 0, 0, 0, 0, 0, 0, 0, 0, 0, 8, 26, 6, 24, 27, 39, 51, 44, 13]"
1100,36,1477440,A,0.003,0.75,180,0.9,14,11,32,0.115,"[0, 0, 0, 0, 0, 0, 0, 0, 0, 0, 0, 0, 0, 0, 0, 0, 0, 0, 0]"
1102,36,1477440,A,0.003,0.75,180,0.9,14,11,32,0.125,"[0, 0, 0, 0, 0, 0, 0, 0, 0, 0, 11, 13, 7, 25, 39, 52, 56, 50, 14]"
1101,36,1477440,A,0.003,0.75,180,0.9,14,11,32,0.12,"[0, 0, 0, 0, 7, 19, 10, 37, 65, 54, 53, 55, 20, 49, 50, 49, 54, 59, 11]"
1103,36,1477440,A,0.003,0.75,180,0.9,14,11,32,0.13,"[0, 0, 0, 0, 0, 0, 0, 0, 0, 0, 0, 0, 0, 0, 0, 0, 0, 0, 0]"
1106,36,1477440,A,0.003,0.75,180,0.9,14,11,32,0.145,"[0, 0, 0, 0, 0, 0, 0, 0, 0, 0, 0, 0, 0, 0, 0, 0, 0, 0, 0]"
1104,36,1477440,A,0.003,0.75,180,0.9,14,11,32,0.135,"[0, 0, 3, 19, 7, 27, 48, 58, 60, 47, 63, 53, 40, 54, 61, 44, 56, 74, 43]"
1105,36,1477440,A,0.003,0.75,180,0.9,14,11,32,0.14,"[0, 0, 0, 0, 0, 0, 0, 0, 2, 11, 32, 49, 17, 48, 50, 50, 51, 82, 33]"
1108,36,1477440,A,0.003,0.75,180,0.9,14,11,32,0.155,"[0, 0, 0, 0, 0, 0, 0, 0, 0, 0, 15, 56, 44, 67, 66, 61, 76, 60, 60]"
1112,37,1477440,A,0.003,0.75,180,0.9,14,11,32,0.02,"[0, 0, 0, 0, 0, 0, 0, 0, 0, 0, 0, 0, 0, 0, 0, 0, 0, 0, 0]"
1107,36,1477440,A,0.003,0.75,180,0.9,14,11,32,0.15,"[0, 0, 9, 30, 59, 63, 50, 65, 57, 54, 61, 65, 42, 65, 57, 63, 61, 56, 44]"
1109,36,1477440,A,0.003,0.75,180,0.9,14,11,32,0.16,"[0, 0, 0, 0, 1, 0, 0, 0, 11, 47, 64, 72, 66, 60, 58, 72, 56, 68, 60]"
1115,37,1477440,A,0.003,0.75,180,0.9,14,11,32,0.035,"[0, 0, 0, 0, 0, 0, 0, 0, 0, 0, 0, 0, 0, 0, 0, 0, 0, 0, 0]"
1114,37,1477440,A,0.003,0.75,180,0.9,14,11,32,0.03,"[0, 0, 0, 0, 0, 0, 0, 0, 0, 0, 0, 0, 0, 0, 0, 0, 0, 0, 0]"
1118,37,1477440,A,0.003,0.75,180,0.9,14,11,32,0.055,"[0, 0, 0, 0, 0, 0, 0, 0, 0, 0, 0, 0, 0, 0, 0, 0, 0, 0, 0]"
1111,37,1477440,A,0.003,0.75,180,0.9,14,11,32,0.015,"[0, 0, 0, 0, 0, 0, 0, 0, 0, 0, 0, 0, 0, 0, 0, 0, 0, 0, 0]"
1119,37,1477440,A,0.003,0.75,180,0.9,14,11,32,0.06,"[0, 0, 0, 0, 0, 0, 0, 0, 0, 3, 6, 3, 0, 0, 0, 0, 0, 0, 0]"
1117,37,1477440,A,0.003,0.75,180,0.9,14,11,32,0.05,"[0, 0, 1, 0, 0, 2, 0, 0, 0, 0, 0, 0, 0, 0, 0, 0, 0, 0, 0]"
1120,37,1477440,A,0.003,0.75,180,0.9,14,11,32,0.065,"[0, 0, 0, 0, 0, 0, 0, 0, 0, 0, 0, 0, 0, 0, 0, 0, 0, 0, 0]"
1122,37,1477440,A,0.003,0.75,180,0.9,14,11,32,0.075,"[0, 0, 0, 0, 0, 0, 0, 0, 0, 0, 0, 0, 0, 0, 0, 0, 0, 0, 0]"
1123,37,1477440,A,0.003,0.75,180,0.9,14,11,32,0.08,"[0, 0, 0, 0, 0, 0, 0, 0, 0, 0, 0, 0, 0, 0, 0, 0, 1, 8, 0]"
1124,37,1477440,A,0.003,0.75,180,0.9,14,11,32,0.085,"[0, 0, 0, 0, 0, 0, 0, 0, 0, 0, 0, 6, 0, 0, 0, 0, 0, 0, 0]"
1129,37,1477440,A,0.003,0.75,180,0.9,14,11,32,0.11,"[0, 0, 0, 0, 0, 0, 0, 0, 1, 0, 0, 0, 0, 0, 0, 0, 0, 0, 0]"
1121,37,1477440,A,0.003,0.75,180,0.9,14,11,32,0.07,"[0, 0, 0, 0, 0, 0, 0, 0, 0, 0, 1, 0, 0, 0, 0, 0, 0, 0, 0]"
1126,37,1477440,A,0.003,0.75,180,0.9,14,11,32,0.095,"[0, 0, 0, 0, 0, 0, 0, 0, 0, 0, 0, 0, 0, 0, 0, 0, 0, 0, 0]"
1125,37,1477440,A,0.003,0.75,180,0.9,14,11,32,0.09,"[0, 0, 0, 0, 0, 0, 0, 0, 0, 0, 0, 0, 0, 0, 0, 0, 0, 0, 0]"
1127,37,1477440,A,0.003,0.75,180,0.9,14,11,32,0.1,"[0, 0, 0, 0, 0, 0, 0, 0, 0, 0, 0, 0, 0, 0, 0, 0, 0, 0, 0]"
1133,37,1477440,A,0.003,0.75,180,0.9,14,11,32,0.13,"[0, 0, 0, 0, 0, 0, 0, 0, 0, 0, 0, 0, 0, 0, 0, 0, 0, 0, 0]"
1130,37,1477440,A,0.003,0.75,180,0.9,14,11,32,0.115,"[0, 0, 0, 0, 0, 0, 0, 0, 0, 0, 17, 40, 0, 0, 0, 0, 0, 0, 0]"
1110,37,1477440,A,0.003,0.75,180,0.9,14,11,32,0.01,"[0, 0, 0, 0, 0, 0, 0, 0, 0, 0, 0, 0, 0, 0, 0, 0, 0, 0, 0]"
1137,37,1477440,A,0.003,0.75,180,0.9,14,11,32,0.15,"[0, 0, 0, 0, 0, 0, 0, 0, 0, 0, 0, 15, 0, 0, 0, 0, 0, 0, 0]"
1113,37,1477440,A,0.003,0.75,180,0.9,14,11,32,0.025,"[0, 0, 0, 0, 0, 0, 0, 0, 0, 0, 0, 0, 0, 0, 0, 0, 0, 0, 0]"
1132,37,1477440,A,0.003,0.75,180,0.9,14,11,32,0.125,"[0, 0, 0, 0, 0, 0, 0, 0, 9, 39, 54, 53, 36, 58, 62, 48, 54, 58, 33]"
1116,37,1477440,A,0.003,0.75,180,0.9,14,11,32,0.045,"[0, 0, 0, 0, 0, 0, 0, 0, 0, 0, 0, 0, 0, 0, 0, 0, 0, 0, 0]"
1135,37,1477440,A,0.003,0.75,180,0.9,14,11,32,0.14,"[0, 0, 0, 0, 0, 0, 0, 0, 0, 0, 8, 34, 5, 57, 63, 53, 64, 55, 34]"
1131,37,1477440,A,0.003,0.75,180,0.9,14,11,32,0.12,"[0, 0, 7, 31, 38, 46, 17, 31, 33, 54, 43, 50, 7, 27, 29, 38, 51, 40, 23]"
1140,38,1477440,A,0.003,0.75,180,0.9,14,11,32,0.01,"[0, 0, 0, 0, 0, 0, 0, 0, 0, 0, 0, 0, 0, 0, 0, 0, 0, 0, 0]"
1141,38,1477440,A,0.003,0.75,180,0.9,14,11,32,0.015,"[0, 0, 0, 0, 0, 0, 0, 0, 0, 0, 0, 0, 0, 0, 0, 0, 0, 0, 0]"
1138,37,1477440,A,0.003,0.75,180,0.9,14,11,32,0.155,"[0, 0, 0, 0, 22, 73, 42, 64, 68, 69, 53, 62, 38, 57, 63, 66, 65, 52, 45]"
1142,38,1477440,A,0.003,0.75,180,0.9,14,11,32,0.02,"[0, 0, 0, 0, 0, 0, 0, 0, 0, 0, 0, 0, 0, 0, 0, 0, 0, 0, 0]"
1143,38,1477440,A,0.003,0.75,180,0.9,14,11,32,0.025,"[0, 0, 0, 0, 0, 0, 0, 0, 0, 0, 0, 0, 0, 0, 0, 0, 0, 0, 0]"
1128,37,1477440,A,0.003,0.75,180,0.9,14,11,32,0.105,"[0, 0, 0, 0, 0, 0, 0, 0, 0, 0, 0, 0, 0, 0, 0, 0, 0, 0, 0]"
1144,38,1477440,A,0.003,0.75,180,0.9,14,11,32,0.03,"[0, 0, 0, 0, 0, 0, 0, 0, 0, 0, 0, 0, 0, 0, 0, 0, 0, 0, 0]"
1136,37,1477440,A,0.003,0.75,180,0.9,14,11,32,0.145,"[0, 0, 0, 0, 0, 0, 0, 0, 0, 0, 0, 0, 0, 0, 0, 0, 21, 76, 43]"
1146,38,1477440,A,0.003,0.75,180,0.9,14,11,32,0.045,"[0, 0, 0, 0, 0, 0, 0, 0, 0, 0, 0, 0, 0, 0, 0, 0, 0, 0, 0]"
1139,37,1477440,A,0.003,0.75,180,0.9,14,11,32,0.16,"[0, 0, 0, 0, 0, 0, 0, 0, 15, 62, 62, 67, 55, 68, 59, 57, 64, 54, 58]"
1147,38,1477440,A,0.003,0.75,180,0.9,14,11,32,0.05,"[0, 0, 0, 0, 0, 0, 0, 0, 0, 0, 0, 0, 0, 0, 0, 0, 0, 0, 0]"
1134,37,1477440,A,0.003,0.75,180,0.9,14,11,32,0.135,"[0, 0, 11, 47, 61, 58, 38, 48, 64, 62, 65, 45, 32, 57, 50, 56, 55, 71, 45]"
1148,38,1477440,A,0.003,0.75,180,0.9,14,11,32,0.055,"[0, 0, 0, 0, 0, 0, 0, 0, 0, 0, 0, 0, 0, 0, 0, 0, 0, 0, 0]"
1149,38,1477440,A,0.003,0.75,180,0.9,14,11,32,0.06,"[0, 0, 0, 0, 0, 0, 0, 0, 0, 1, 2, 2, 0, 0, 0, 0, 0, 0, 0]"
1145,38,1477440,A,0.003,0.75,180,0.9,14,11,32,0.035,"[0, 0, 0, 0, 0, 0, 0, 0, 0, 0, 0, 0, 0, 0, 0, 0, 0, 0, 0]"
1150,38,1477440,A,0.003,0.75,180,0.9,14,11,32,0.065,"[0, 0, 0, 0, 0, 0, 0, 0, 0, 0, 0, 0, 0, 0, 0, 0, 0, 0, 0]"
1151,38,1477440,A,0.003,0.75,180,0.9,14,11,32,0.07,"[0, 0, 0, 0, 0, 0, 0, 0, 0, 0, 0, 0, 0, 0, 0, 0, 1, 5, 0]"
1153,38,1477440,A,0.003,0.75,180,0.9,14,11,32,0.08,"[0, 0, 0, 0, 0, 0, 0, 0, 4, 5, 11, 8, 2, 3, 7, 7, 8, 29, 4]"
1152,38,1477440,A,0.003,0.75,180,0.9,14,11,32,0.075,"[0, 0, 0, 0, 0, 0, 0, 0, 0, 0, 0, 0, 0, 0, 0, 0, 0, 0, 0]"
1155,38,1477440,A,0.003,0.75,180,0.9,14,11,32,0.09,"[0, 0, 0, 0, 0, 0, 0, 0, 8, 3, 3, 7, 0, 0, 0, 0, 0, 0, 0]"
1154,38,1477440,A,0.003,0.75,180,0.9,14,11,32,0.085,"[0, 0, 0, 0, 0, 0, 0, 0, 0, 0, 0, 0, 0, 0, 0, 0, 0, 0, 0]"
1156,38,1477440,A,0.003,0.75,180,0.9,14,11,32,0.095,"[0, 0, 7, 18, 33, 45, 13, 17, 34, 33, 41, 41, 12, 30, 41, 36, 32, 45, 16]"
1164,38,1477440,A,0.003,0.75,180,0.9,14,11,32,0.135,"[0, 0, 0, 0, 0, 0, 0, 0, 0, 0, 0, 0, 0, 0, 0, 0, 0, 0, 0]"
1160,38,1477440,A,0.003,0.75,180,0.9,14,11,32,0.115,"[0, 0, 1, 0, 0, 0, 0, 0, 0, 0, 0, 0, 0, 0, 0, 0, 0, 0, 0]"
1161,38,1477440,A,0.003,0.75,180,0.9,14,11,32,0.12,"[0, 0, 0, 0, 10, 3, 0, 0, 0, 0, 1, 8, 1, 6, 27, 32, 34, 32, 21]"
1165,38,1477440,A,0.003,0.75,180,0.9,14,11,32,0.14,"[0, 0, 0, 0, 0, 0, 0, 0, 0, 0, 19, 39, 15, 19, 55, 52, 55, 51, 43]"
1157,38,1477440,A,0.003,0.75,180,0.9,14,11,32,0.1,"[0, 0, 0, 0, 0, 0, 0, 0, 0, 0, 10, 9, 5, 6, 8, 8, 7, 19, 5]"
1159,38,1477440,A,0.003,0.75,180,0.9,14,11,32,0.11,"[0, 0, 0, 0, 7, 8, 1, 0, 0, 0, 0, 0, 0, 0, 0, 0, 0, 0, 0]"
1171,39,1477440,A,0.003,0.75,180,0.9,14,11,32,0.015,"[0, 0, 0, 0, 0, 0, 0, 0, 0, 0, 0, 0, 0, 0, 0, 0, 0, 0, 0]"
1167,38,1477440,A,0.003,0.75,180,0.9,14,11,32,0.15,"[0, 0, 0, 0, 0, 0, 0, 0, 0, 0, 20, 66, 54, 62, 51, 71, 69, 68, 44]"
1174,39,1477440,A,0.003,0.75,180,0.9,14,11,32,0.03,"[0, 0, 0, 0, 0, 0, 0, 0, 0, 0, 0, 0, 0, 0, 0, 0, 0, 0, 0]"
1166,38,1477440,A,0.003,0.75,180,0.9,14,11,32,0.145,"[0, 0, 14, 45, 55, 55, 32, 67, 54, 62, 61, 73, 52, 57, 54, 55, 62, 62, 17]"
1169,38,1477440,A,0.003,0.75,180,0.9,14,11,32,0.16,"[0, 0, 0, 0, 0, 0, 0, 0, 0, 18, 51, 71, 44, 65, 63, 60, 65, 67, 53]"
1172,39,1477440,A,0.003,0.75,180,0.9,14,11,32,0.02,"[0, 0, 0, 0, 0, 0, 0, 0, 0, 0, 0, 0, 0, 0, 0, 0, 0, 0, 0]"
1162,38,1477440,A,0.003,0.75,180,0.9,14,11,32,0.125,"[0, 0, 0, 0, 0, 0, 0, 0, 0, 0, 0, 0, 0, 0, 0, 0, 0, 0, 0]"
1173,39,1477440,A,0.003,0.75,180,0.9,14,11,32,0.025,"[0, 0, 0, 0, 0, 0, 0, 0, 0, 0, 0, 0, 0, 0, 0, 0, 0, 0, 0]"
1181,39,1477440,A,0.003,0.75,180,0.9,14,11,32,0.07,"[0, 0, 0, 0, 0, 0, 0, 0, 0, 0, 0, 0, 0, 0, 0, 0, 0, 0, 0]"
1175,39,1477440,A,0.003,0.75,180,0.9,14,11,32,0.035,"[0, 0, 0, 0, 0, 0, 0, 0, 0, 0, 0, 0, 0, 0, 0, 0, 0, 0, 0]"
1178,39,1477440,A,0.003,0.75,180,0.9,14,11,32,0.055,"[0, 0, 0, 0, 0, 2, 0, 0, 0, 0, 0, 0, 0, 0, 0, 0, 0, 0, 0]"
1163,38,1477440,A,0.003,0.75,180,0.9,14,11,32,0.13,"[0, 0, 0, 0, 0, 0, 0, 0, 5, 10, 36, 59, 36, 26, 56, 58, 51, 60, 35]"
1180,39,1477440,A,0.003,0.75,180,0.9,14,11,32,0.065,"[0, 0, 0, 0, 0, 0, 0, 0, 0, 0, 0, 0, 0, 0, 0, 0, 0, 0, 0]"
1158,38,1477440,A,0.003,0.75,180,0.9,14,11,32,0.105,"[0, 0, 0, 0, 0, 0, 0, 0, 8, 25, 23, 43, 24, 44, 46, 40, 48, 44, 18]"
1183,39,1477440,A,0.003,0.75,180,0.9,14,11,32,0.08,"[0, 0, 0, 0, 0, 0, 0, 0, 0, 0, 0, 0, 0, 0, 0, 0, 0, 0, 0]"
1182,39,1477440,A,0.003,0.75,180,0.9,14,11,32,0.075,"[0, 0, 0, 0, 0, 0, 0, 0, 0, 0, 3, 2, 0, 0, 0, 0, 0, 0, 0]"
1184,39,1477440,A,0.003,0.75,180,0.9,14,11,32,0.085,"[0, 0, 6, 7, 4, 9, 1, 3, 5, 8, 9, 11, 0, 0, 0, 0, 0, 0, 0]"
1185,39,1477440,A,0.003,0.75,180,0.9,14,11,32,0.09,"[0, 0, 3, 10, 12, 6, 0, 0, 8, 15, 11, 36, 15, 24, 26, 24, 35, 41, 4]"
1188,39,1477440,A,0.003,0.75,180,0.9,14,11,32,0.105,"[0, 0, 0, 0, 0, 0, 0, 0, 0, 0, 0, 0, 0, 0, 0, 0, 0, 0, 0]"
1190,39,1477440,A,0.003,0.75,180,0.9,14,11,32,0.115,"[0, 0, 0, 0, 0, 0, 0, 0, 0, 0, 4, 12, 0, 0, 0, 0, 0, 0, 0]"
1176,39,1477440,A,0.003,0.75,180,0.9,14,11,32,0.045,"[0, 0, 0, 0, 0, 0, 0, 0, 0, 0, 0, 0, 0, 0, 0, 0, 0, 0, 0]"
1170,39,1477440,A,0.003,0.75,180,0.9,14,11,32,0.01,"[0, 0, 0, 0, 0, 0, 0, 0, 0, 0, 0, 0, 0, 0, 0, 0, 0, 0, 0]"
1168,38,1477440,A,0.003,0.75,180,0.9,14,11,32,0.155,"[0, 0, 14, 55, 67, 62, 50, 64, 46, 65, 52, 69, 46, 61, 56, 66, 57, 69, 51]"
1189,39,1477440,A,0.003,0.75,180,0.9,14,11,32,0.11,"[0, 0, 0, 0, 3, 9, 0, 0, 0, 0, 0, 0, 0, 0, 0, 0, 0, 0, 0]"
1177,39,1477440,A,0.003,0.75,180,0.9,14,11,32,0.05,"[0, 0, 0, 0, 0, 0, 0, 0, 0, 0, 0, 0, 0, 0, 0, 0, 0, 0, 0]"
1187,39,1477440,A,0.003,0.75,180,0.9,14,11,32,0.1,"[0, 0, 0, 0, 0, 0, 0, 0, 0, 0, 0, 0, 0, 0, 0, 0, 0, 0, 0]"
1179,39,1477440,A,0.003,0.75,180,0.9,14,11,32,0.06,"[0, 0, 0, 0, 0, 0, 0, 0, 0, 0, 0, 0, 0, 0, 0, 0, 0, 0, 0]"
1191,39,1477440,A,0.003,0.75,180,0.9,14,11,32,0.12,"[0, 0, 0, 0, 0, 0, 0, 0, 0, 0, 2, 12, 0, 0, 0, 0, 0, 0, 0]"
1186,39,1477440,A,0.003,0.75,180,0.9,14,11,32,0.095,"[0, 0, 0, 0, 0, 0, 0, 0, 0, 0, 0, 0, 0, 0, 0, 0, 0, 0, 0]"
1193,39,1477440,A,0.003,0.75,180,0.9,14,11,32,0.13,"[0, 0, 0, 0, 0, 0, 0, 0, 23, 55, 52, 58, 9, 9, 4, 10, 21, 37, 32]"
1194,39,1477440,A,0.003,0.75,180,0.9,14,11,32,0.135,"[0, 0, 0, 0, 0, 0, 0, 0, 0, 0, 0, 0, 0, 0, 0, 0, 0, 0, 0]"
1195,39,1477440,A,0.003,0.75,180,0.9,14,11,32,0.14,"[0, 0, 0, 0, 0, 0, 0, 0, 0, 0, 0, 0, 0, 0, 0, 0, 0, 0, 0]"
1192,39,1477440,A,0.003,0.75,180,0.9,14,11,32,0.125,"[0, 0, 15, 20, 46, 53, 48, 49, 51, 52, 54, 49, 28, 56, 46, 60, 68, 49, 28]"
1196,39,1477440,A,0.003,0.75,180,0.9,14,11,32,0.145,"[0, 0, 22, 58, 65, 57, 48, 66, 63, 52, 69, 67, 35, 71, 52, 49, 58, 68, 25]"
1197,39,1477440,A,0.003,0.75,180,0.9,14,11,32,0.15,"[0, 0, 0, 0, 0, 0, 0, 0, 22, 48, 63, 57, 56, 71, 54, 51, 51, 56, 51]"
1198,39,1477440,A,0.003,0.75,180,0.9,14,11,32,0.155,"[0, 0, 0, 0, 0, 0, 0, 0, 0, 0, 0, 0, 0, 0, 0, 0, 0, 0, 0]"
1199,39,1477440,A,0.003,0.75,180,0.9,14,11,32,0.16,"[0, 0, 0, 0, 0, 0, 0, 0, 0, 0, 0, 0, 0, 0, 0, 0, 0, 0, 0]"
1201,40,1477440,A,0.003,0.75,180,0.9,14,11,32,0.015,"[0, 0, 0, 0, 0, 0, 0, 0, 0, 0, 0, 0, 0, 0, 0, 0, 0, 0, 0]"
1202,40,1477440,A,0.003,0.75,180,0.9,14,11,32,0.02,"[0, 0, 0, 0, 0, 0, 0, 0, 0, 0, 0, 0, 0, 0, 0, 0, 0, 0, 0]"
1200,40,1477440,A,0.003,0.75,180,0.9,14,11,32,0.01,"[0, 0, 0, 0, 0, 0, 0, 0, 0, 0, 0, 0, 0, 0, 0, 0, 0, 0, 0]"
1203,40,1477440,A,0.003,0.75,180,0.9,14,11,32,0.025,"[0, 0, 0, 0, 0, 0, 0, 0, 0, 0, 0, 0, 0, 0, 0, 0, 0, 0, 0]"
1204,40,1477440,A,0.003,0.75,180,0.9,14,11,32,0.03,"[0, 0, 0, 0, 0, 0, 0, 0, 0, 0, 0, 0, 0, 0, 0, 0, 0, 0, 0]"
1205,40,1477440,A,0.003,0.75,180,0.9,14,11,32,0.035,"[0, 0, 0, 0, 0, 0, 0, 0, 0, 0, 0, 0, 0, 0, 0, 0, 0, 0, 0]"
1206,40,1477440,A,0.003,0.75,180,0.9,14,11,32,0.045,"[0, 0, 0, 0, 0, 0, 0, 0, 0, 0, 0, 0, 0, 0, 0, 0, 0, 0, 0]"
1208,40,1477440,A,0.003,0.75,180,0.9,14,11,32,0.055,"[0, 0, 0, 0, 0, 0, 0, 0, 0, 0, 0, 0, 0, 0, 0, 0, 0, 0, 0]"
1207,40,1477440,A,0.003,0.75,180,0.9,14,11,32,0.05,"[0, 0, 0, 0, 0, 0, 0, 0, 0, 0, 0, 0, 0, 0, 0, 0, 0, 0, 0]"
1210,40,1477440,A,0.003,0.75,180,0.9,14,11,32,0.065,"[0, 0, 0, 0, 2, 1, 0, 0, 0, 0, 0, 0, 0, 0, 0, 0, 0, 0, 0]"
1209,40,1477440,A,0.003,0.75,180,0.9,14,11,32,0.06,"[0, 0, 0, 0, 0, 0, 0, 0, 0, 0, 0, 0, 0, 0, 0, 0, 0, 0, 0]"
1213,40,1477440,A,0.003,0.75,180,0.9,14,11,32,0.08,"[0, 0, 0, 0, 0, 0, 0, 0, 0, 0, 0, 0, 0, 0, 0, 0, 0, 0, 0]"
1212,40,1477440,A,0.003,0.75,180,0.9,14,11,32,0.075,"[0, 0, 0, 0, 0, 0, 0, 0, 0, 0, 0, 0, 0, 0, 0, 0, 0, 0, 0]"
1211,40,1477440,A,0.003,0.75,180,0.9,14,11,32,0.07,"[0, 0, 0, 0, 0, 0, 0, 0, 0, 0, 0, 0, 0, 0, 0, 0, 0, 0, 0]"
1214,40,1477440,A,0.003,0.75,180,0.9,14,11,32,0.085,"[0, 0, 0, 0, 0, 0, 0, 0, 1, 0, 2, 4, 0, 0, 0, 0, 0, 0, 0]"
1215,40,1477440,A,0.003,0.75,180,0.9,14,11,32,0.09,"[0, 0, 0, 0, 0, 0, 0, 0, 0, 0, 0, 0, 0, 0, 0, 0, 0, 0, 0]"
1217,40,1477440,A,0.003,0.75,180,0.9,14,11,32,0.1,"[0, 0, 0, 0, 0, 0, 0, 0, 0, 0, 0, 0, 0, 0, 0, 0, 0, 0, 0]"
1216,40,1477440,A,0.003,0.75,180,0.9,14,11,32,0.095,"[0, 0, 0, 0, 0, 0, 0, 0, 0, 0, 3, 13, 0, 0, 0, 0, 0, 0, 0]"
1221,40,1477440,A,0.003,0.75,180,0.9,14,11,32,0.12,"[0, 0, 0, 0, 0, 0, 0, 0, 0, 0, 0, 0, 0, 0, 0, 0, 18, 45, 42]"
1218,40,1477440,A,0.003,0.75,180,0.9,14,11,32,0.105,"[0, 0, 1, 3, 8, 14, 7, 8, 17, 29, 28, 15, 16, 37, 32, 41, 37, 39, 6]"
1219,40,1477440,A,0.003,0.75,180,0.9,14,11,32,0.11,"[0, 0, 0, 0, 4, 18, 8, 11, 7, 12, 13, 15, 7, 9, 6, 8, 7, 10, 0]"
1224,40,1477440,A,0.003,0.75,180,0.9,14,11,32,0.135,"[0, 0, 0, 0, 0, 0, 0, 0, 0, 0, 0, 0, 0, 0, 0, 0, 0, 0, 0]"
1220,40,1477440,A,0.003,0.75,180,0.9,14,11,32,0.115,"[0, 0, 0, 0, 7, 11, 4, 24, 39, 45, 43, 51, 0, 0, 0, 0, 0, 0, 0]"
1223,40,1477440,A,0.003,0.75,180,0.9,14,11,32,0.13,"[0, 0, 0, 0, 0, 0, 0, 0, 8, 51, 44, 69, 5, 25, 47, 61, 48, 56, 17]"
1222,40,1477440,A,0.003,0.75,180,0.9,14,11,32,0.125,"[0, 0, 0, 0, 0, 0, 0, 0, 0, 0, 6, 25, 9, 46, 57, 56, 52, 49, 44]"
1228,40,1477440,A,0.003,0.75,180,0.9,14,11,32,0.155,"[0, 0, 0, 0, 0, 0, 0, 0, 0, 0, 0, 0, 0, 0, 0, 0, 0, 0, 0]"
1225,40,1477440,A,0.003,0.75,180,0.9,14,11,32,0.14,"[0, 0, 0, 0, 6, 16, 7, 21, 49, 47, 53, 68, 49, 57, 58, 60, 56, 65, 43]"
1229,40,1477440,A,0.003,0.75,180,0.9,14,11,32,0.16,"[0, 0, 0, 0, 0, 0, 0, 0, 0, 0, 0, 0, 0, 0, 0, 0, 0, 0, 0]"
1230,41,1477440,A,0.003,0.75,180,0.9,14,11,32,0.01,"[0, 0, 0, 0, 0, 0, 0, 0, 0, 0, 0, 0, 0, 0, 0, 0, 0, 0, 0]"
1227,40,1477440,A,0.003,0.75,180,0.9,14,11,32,0.15,"[0, 0, 0, 0, 0, 0, 0, 0, 11, 51, 62, 51, 47, 63, 64, 66, 69, 71, 42]"
1232,41,1477440,A,0.003,0.75,180,0.9,14,11,32,0.02,"[0, 0, 0, 0, 0, 0, 0, 0, 0, 0, 0, 0, 0, 0, 0, 0, 0, 0, 0]"
1226,40,1477440,A,0.003,0.75,180,0.9,14,11,32,0.145,"[0, 0, 0, 0, 7, 45, 44, 49, 57, 62, 63, 58, 36, 66, 58, 67, 61, 59, 41]"
1233,41,1477440,A,0.003,0.75,180,0.9,14,11,32,0.025,"[0, 0, 0, 0, 0, 0, 0, 0, 0, 0, 0, 0, 0, 0, 0, 0, 0, 0, 0]"
1236,41,1477440,A,0.003,0.75,180,0.9,14,11,32,0.045,"[0, 0, 0, 0, 2, 1, 0, 0, 0, 0, 1, 0, 0, 0, 0, 0, 0, 0, 0]"
1231,41,1477440,A,0.003,0.75,180,0.9,14,11,32,0.015,"[0, 0, 0, 0, 0, 0, 0, 0, 0, 0, 0, 0, 0, 0, 0, 0, 0, 0, 0]"
1234,41,1477440,A,0.003,0.75,180,0.9,14,11,32,0.03,"[0, 0, 0, 0, 0, 0, 0, 0, 0, 0, 0, 0, 0, 0, 0, 0, 0, 0, 0]"
1235,41,1477440,A,0.003,0.75,180,0.9,14,11,32,0.035,"[0, 0, 0, 0, 0, 0, 0, 0, 0, 0, 0, 0, 0, 0, 0, 0, 0, 0, 0]"
1237,41,1477440,A,0.003,0.75,180,0.9,14,11,32,0.05,"[0, 0, 0, 0, 0, 0, 0, 0, 0, 0, 0, 0, 0, 0, 0, 0, 0, 0, 0]"
1238,41,1477440,A,0.003,0.75,180,0.9,14,11,32,0.055,"[0, 0, 0, 0, 0, 0, 0, 0, 0, 0, 0, 0, 0, 0, 0, 0, 0, 0, 0]"
1241,41,1477440,A,0.003,0.75,180,0.9,14,11,32,0.07,"[0, 0, 0, 0, 0, 0, 0, 0, 0, 0, 0, 0, 0, 0, 0, 0, 0, 0, 0]"
1239,41,1477440,A,0.003,0.75,180,0.9,14,11,32,0.06,"[0, 0, 0, 0, 0, 0, 0, 0, 0, 0, 0, 0, 0, 0, 0, 0, 0, 0, 0]"
1240,41,1477440,A,0.003,0.75,180,0.9,14,11,32,0.065,"[0, 0, 0, 0, 0, 0, 0, 0, 0, 0, 0, 0, 0, 0, 0, 0, 0, 0, 0]"
1242,41,1477440,A,0.003,0.75,180,0.9,14,11,32,0.075,"[0, 0, 0, 0, 0, 0, 0, 0, 0, 0, 0, 0, 0, 0, 0, 0, 0, 0, 0]"
1244,41,1477440,A,0.003,0.75,180,0.9,14,11,32,0.085,"[0, 0, 0, 0, 0, 0, 0, 0, 0, 0, 0, 0, 0, 0, 0, 0, 0, 0, 0]"
1243,41,1477440,A,0.003,0.75,180,0.9,14,11,32,0.08,"[0, 0, 1, 0, 4, 5, 0, 0, 0, 0, 0, 0, 0, 0, 0, 0, 0, 0, 0]"
1245,41,1477440,A,0.003,0.75,180,0.9,14,11,32,0.09,"[0, 0, 0, 0, 0, 0, 0, 0, 0, 0, 0, 0, 0, 0, 0, 0, 0, 0, 0]"
1246,41,1477440,A,0.003,0.75,180,0.9,14,11,32,0.095,"[0, 0, 0, 0, 0, 0, 0, 0, 0, 0, 0, 0, 0, 0, 0, 0, 0, 0, 0]"
1248,41,1477440,A,0.003,0.75,180,0.9,14,11,32,0.105,"[0, 0, 0, 0, 0, 0, 0, 0, 0, 0, 0, 0, 0, 0, 0, 0, 0, 0, 0]"
1247,41,1477440,A,0.003,0.75,180,0.9,14,11,32,0.1,"[0, 0, 0, 0, 3, 12, 7, 8, 12, 13, 16, 15, 3, 8, 15, 30, 40, 42, 6]"
1249,41,1477440,A,0.003,0.75,180,0.9,14,11,32,0.11,"[0, 0, 0, 0, 0, 0, 0, 0, 0, 0, 0, 0, 0, 0, 0, 0, 0, 0, 0]"
1251,41,1477440,A,0.003,0.75,180,0.9,14,11,32,0.12,"[0, 0, 0, 0, 0, 0, 0, 0, 6, 20, 31, 51, 21, 49, 66, 49, 57, 54, 24]"
1250,41,1477440,A,0.003,0.75,180,0.9,14,11,32,0.115,"[0, 0, 5, 12, 7, 14, 11, 11, 26, 57, 48, 55, 12, 16, 24, 43, 42, 43, 28]"
1252,41,1477440,A,0.003,0.75,180,0.9,14,11,32,0.125,"[0, 0, 0, 0, 2, 0, 0, 0, 0, 0, 0, 0, 0, 0, 0, 0, 0, 0, 0]"
1253,41,1477440,A,0.003,0.75,180,0.9,14,11,32,0.13,"[0, 0, 0, 0, 0, 0, 0, 0, 0, 0, 0, 0, 0, 0, 0, 0, 0, 0, 0]"
1254,41,1477440,A,0.003,0.75,180,0.9,14,11,32,0.135,"[0, 0, 0, 0, 0, 0, 0, 0, 0, 0, 32, 41, 44, 54, 50, 70, 48, 62, 46]"
1255,41,1477440,A,0.003,0.75,180,0.9,14,11,32,0.14,"[0, 0, 1, 13, 60, 70, 58, 64, 55, 53, 68, 66, 33, 63, 61, 53, 58, 64, 34]"
1256,41,1477440,A,0.003,0.75,180,0.9,14,11,32,0.145,"[0, 0, 0, 0, 0, 0, 0, 0, 18, 27, 51, 49, 39, 60, 60, 65, 56, 64, 33]"
1258,41,1477440,A,0.003,0.75,180,0.9,14,11,32,0.155,"[0, 0, 0, 0, 0, 0, 0, 0, 0, 0, 16, 43, 47, 62, 71, 64, 73, 75, 60]"
1263,42,1477440,A,0.003,0.75,180,0.9,14,11,32,0.025,"[0, 0, 0, 0, 0, 0, 0, 0, 0, 0, 0, 0, 0, 0, 0, 0, 0, 0, 0]"
1262,42,1477440,A,0.003,0.75,180,0.9,14,11,32,0.02,"[0, 0, 0, 0, 0, 0, 0, 0, 0, 0, 0, 0, 0, 0, 0, 0, 0, 0, 0]"
1260,42,1477440,A,0.003,0.75,180,0.9,14,11,32,0.01,"[0, 0, 0, 0, 0, 0, 0, 0, 0, 0, 0, 0, 0, 0, 0, 0, 0, 0, 0]"
1261,42,1477440,A,0.003,0.75,180,0.9,14,11,32,0.015,"[0, 0, 0, 0, 0, 0, 0, 0, 0, 0, 0, 0, 0, 0, 0, 0, 0, 0, 0]"
1259,41,1477440,A,0.003,0.75,180,0.9,14,11,32,0.16,"[0, 0, 0, 0, 0, 0, 0, 0, 1, 0, 0, 0, 0, 0, 0, 0, 0, 0, 0]"
1257,41,1477440,A,0.003,0.75,180,0.9,14,11,32,0.15,"[0, 0, 0, 0, 0, 0, 0, 0, 19, 53, 54, 55, 58, 61, 60, 72, 64, 69, 59]"
1264,42,1477440,A,0.003,0.75,180,0.9,14,11,32,0.03,"[0, 0, 0, 0, 0, 0, 0, 0, 0, 0, 0, 0, 0, 0, 0, 0, 0, 0, 0]"
1265,42,1477440,A,0.003,0.75,180,0.9,14,11,32,0.035,"[0, 0, 0, 0, 0, 0, 0, 0, 0, 0, 0, 0, 0, 0, 0, 0, 0, 0, 0]"
1267,42,1477440,A,0.003,0.75,180,0.9,14,11,32,0.05,"[0, 0, 0, 0, 0, 0, 0, 0, 0, 0, 0, 0, 0, 0, 0, 0, 0, 0, 0]"
1266,42,1477440,A,0.003,0.75,180,0.9,14,11,32,0.045,"[0, 0, 0, 0, 0, 0, 0, 0, 0, 0, 0, 0, 0, 0, 0, 0, 0, 0, 0]"
1270,42,1477440,A,0.003,0.75,180,0.9,14,11,32,0.065,"[0, 0, 0, 0, 0, 4, 3, 4, 4, 4, 4, 7, 0, 0, 0, 0, 0, 0, 0]"
1271,42,1477440,A,0.003,0.75,180,0.9,14,11,32,0.07,"[0, 0, 0, 0, 0, 0, 0, 0, 0, 0, 0, 0, 0, 0, 0, 0, 0, 0, 0]"
1269,42,1477440,A,0.003,0.75,180,0.9,14,11,32,0.06,"[0, 0, 0, 0, 0, 0, 0, 0, 0, 0, 0, 0, 0, 0, 0, 0, 0, 0, 0]"
1272,42,1477440,A,0.003,0.75,180,0.9,14,11,32,0.075,"[0, 0, 0, 0, 0, 0, 0, 0, 0, 0, 0, 0, 0, 0, 0, 0, 0, 0, 0]"
1268,42,1477440,A,0.003,0.75,180,0.9,14,11,32,0.055,"[0, 0, 0, 0, 0, 0, 0, 0, 0, 1, 2, 1, 0, 4, 2, 6, 3, 7, 0]"
1273,42,1477440,A,0.003,0.75,180,0.9,14,11,32,0.08,"[0, 0, 0, 0, 0, 0, 0, 0, 0, 0, 0, 0, 0, 0, 0, 0, 0, 0, 0]"
1274,42,1477440,A,0.003,0.75,180,0.9,14,11,32,0.085,"[0, 0, 1, 0, 0, 0, 0, 0, 0, 0, 0, 0, 0, 0, 0, 0, 0, 0, 0]"
1275,42,1477440,A,0.003,0.75,180,0.9,14,11,32,0.09,"[0, 0, 0, 0, 0, 0, 0, 0, 0, 0, 0, 0, 0, 0, 0, 0, 0, 0, 0]"
1276,42,1477440,A,0.003,0.75,180,0.9,14,11,32,0.095,"[0, 0, 0, 0, 0, 0, 0, 0, 0, 0, 0, 0, 0, 0, 0, 0, 1, 0, 0]"
1281,42,1477440,A,0.003,0.75,180,0.9,14,11,32,0.12,"[0, 0, 0, 0, 0, 0, 0, 0, 0, 0, 0, 0, 0, 0, 0, 0, 1, 0, 0]"
1277,42,1477440,A,0.003,0.75,180,0.9,14,11,32,0.1,"[0, 0, 0, 0, 0, 0, 0, 0, 0, 0, 0, 0, 0, 0, 0, 0, 0, 0, 0]"
1282,42,1477440,A,0.003,0.75,180,0.9,14,11,32,0.125,"[0, 0, 0, 0, 0, 0, 0, 0, 0, 0, 4, 12, 0, 0, 0, 0, 0, 0, 0]"
1279,42,1477440,A,0.003,0.75,180,0.9,14,11,32,0.11,"[0, 0, 0, 0, 0, 0, 0, 0, 0, 0, 0, 0, 0, 0, 0, 0, 0, 0, 0]"
1278,42,1477440,A,0.003,0.75,180,0.9,14,11,32,0.105,"[0, 0, 0, 0, 1, 6, 0, 0, 0, 0, 6, 5, 10, 8, 9, 3, 9, 15, 13]"
1280,42,1477440,A,0.003,0.75,180,0.9,14,11,32,0.115,"[0, 0, 0, 0, 0, 0, 0, 0, 0, 0, 1, 0, 0, 0, 0, 0, 0, 0, 0]"
1283,42,1477440,A,0.003,0.75,180,0.9,14,11,32,0.13,"[0, 0, 0, 0, 0, 0, 0, 0, 0, 0, 0, 0, 0, 0, 0, 0, 0, 0, 0]"
1285,42,1477440,A,0.003,0.75,180,0.9,14,11,32,0.14,"[0, 0, 0, 0, 0, 0, 0, 0, 39, 57, 62, 57, 50, 65, 60, 54, 55, 72, 19]"
1290,43,1477440,A,0.003,0.75,180,0.9,14,11,32,0.01,"[0, 0, 0, 0, 0, 0, 0, 0, 0, 0, 0, 0, 0, 0, 0, 0, 0, 0, 0]"
1289,42,1477440,A,0.003,0.75,180,0.9,14,11,32,0.16,"[0, 0, 0, 0, 0, 0, 0, 0, 0, 0, 0, 0, 0, 0, 0, 0, 0, 0, 0]"
1287,42,1477440,A,0.003,0.75,180,0.9,14,11,32,0.15,"[0, 0, 11, 23, 53, 60, 49, 59, 59, 67, 63, 54, 50, 58, 68, 55, 65, 59, 50]"
1284,42,1477440,A,0.003,0.75,180,0.9,14,11,32,0.135,"[0, 0, 5, 30, 62, 56, 40, 60, 47, 69, 47, 67, 36, 53, 63, 68, 56, 59, 53]"
1291,43,1477440,A,0.003,0.75,180,0.9,14,11,32,0.015,"[0, 0, 0, 0, 0, 0, 0, 0, 0, 0, 0, 0, 0, 0, 0, 0, 0, 0, 0]"
1288,42,1477440,A,0.003,0.75,180,0.9,14,11,32,0.155,"[0, 0, 0, 0, 0, 0, 0, 0, 0, 0, 47, 54, 49, 61, 74, 72, 61, 63, 22]"
1286,42,1477440,A,0.003,0.75,180,0.9,14,11,32,0.145,"[0, 0, 17, 65, 53, 58, 52, 55, 46, 53, 62, 65, 44, 77, 56, 66, 54, 64, 48]"
1293,43,1477440,A,0.003,0.75,180,0.9,14,11,32,0.025,"[0, 0, 0, 0, 0, 0, 0, 0, 0, 0, 0, 0, 0, 0, 0, 0, 0, 0, 0]"
1292,43,1477440,A,0.003,0.75,180,0.9,14,11,32,0.02,"[0, 0, 0, 0, 0, 0, 0, 0, 0, 0, 0, 0, 0, 0, 0, 0, 0, 0, 0]"
1295,43,1477440,A,0.003,0.75,180,0.9,14,11,32,0.035,"[0, 0, 0, 0, 0, 0, 0, 0, 0, 0, 0, 0, 0, 0, 0, 0, 0, 0, 0]"
1294,43,1477440,A,0.003,0.75,180,0.9,14,11,32,0.03,"[0, 0, 0, 0, 0, 0, 0, 0, 0, 0, 0, 0, 0, 0, 0, 0, 0, 0, 0]"
1296,43,1477440,A,0.003,0.75,180,0.9,14,11,32,0.045,"[0, 0, 0, 0, 0, 0, 0, 0, 0, 0, 0, 0, 0, 0, 0, 0, 0, 0, 0]"
1298,43,1477440,A,0.003,0.75,180,0.9,14,11,32,0.055,"[0, 0, 0, 0, 0, 0, 0, 0, 0, 0, 0, 0, 0, 0, 0, 0, 0, 0, 0]"
1297,43,1477440,A,0.003,0.75,180,0.9,14,11,32,0.05,"[0, 0, 0, 0, 0, 0, 0, 0, 0, 0, 0, 0, 0, 0, 0, 0, 0, 0, 0]"
1299,43,1477440,A,0.003,0.75,180,0.9,14,11,32,0.06,"[0, 0, 0, 0, 0, 0, 0, 0, 0, 0, 0, 0, 0, 0, 0, 0, 0, 0, 0]"
1300,43,1477440,A,0.003,0.75,180,0.9,14,11,32,0.065,"[0, 0, 0, 0, 0, 0, 0, 0, 0, 0, 0, 0, 0, 0, 0, 0, 0, 0, 0]"
1302,43,1477440,A,0.003,0.75,180,0.9,14,11,32,0.075,"[0, 0, 0, 0, 0, 0, 0, 0, 1, 2, 2, 2, 0, 0, 0, 0, 0, 0, 0]"
1303,43,1477440,A,0.003,0.75,180,0.9,14,11,32,0.08,"[0, 0, 0, 0, 6, 8, 0, 0, 4, 6, 14, 25, 10, 17, 25, 27, 31, 33, 6]"
1301,43,1477440,A,0.003,0.75,180,0.9,14,11,32,0.07,"[0, 0, 0, 0, 0, 0, 0, 0, 0, 0, 0, 0, 0, 0, 0, 0, 0, 0, 0]"
1305,43,1477440,A,0.003,0.75,180,0.9,14,11,32,0.09,"[0, 0, 0, 0, 0, 0, 0, 0, 0, 0, 1, 0, 0, 0, 0, 0, 0, 0, 0]"
1306,43,1477440,A,0.003,0.75,180,0.9,14,11,32,0.095,"[0, 0, 0, 0, 0, 0, 0, 0, 0, 0, 0, 0, 0, 0, 0, 0, 2, 5, 5]"
1304,43,1477440,A,0.003,0.75,180,0.9,14,11,32,0.085,"[0, 0, 0, 0, 0, 0, 0, 0, 2, 0, 0, 0, 0, 0, 0, 0, 0, 0, 0]"
1307,43,1477440,A,0.003,0.75,180,0.9,14,11,32,0.1,"[0, 0, 0, 0, 0, 0, 0, 0, 0, 0, 0, 0, 0, 0, 0, 0, 0, 0, 0]"
1308,43,1477440,A,0.003,0.75,180,0.9,14,11,32,0.105,"[0, 0, 0, 0, 0, 0, 0, 0, 0, 0, 0, 0, 0, 0, 0, 0, 0, 0, 0]"
1309,43,1477440,A,0.003,0.75,180,0.9,14,11,32,0.11,"[0, 0, 0, 0, 0, 0, 0, 0, 4, 15, 35, 42, 25, 40, 38, 64, 42, 44, 26]"
1313,43,1477440,A,0.003,0.75,180,0.9,14,11,32,0.13,"[0, 0, 0, 0, 0, 0, 0, 0, 0, 0, 0, 0, 0, 0, 0, 0, 0, 0, 0]"
1315,43,1477440,A,0.003,0.75,180,0.9,14,11,32,0.14,"[0, 0, 0, 0, 0, 0, 0, 0, 0, 0, 13, 45, 49, 64, 65, 57, 56, 55, 42]"
1314,43,1477440,A,0.003,0.75,180,0.9,14,11,32,0.135,"[0, 0, 41, 47, 55, 55, 33, 49, 50, 61, 55, 59, 19, 50, 56, 61, 60, 65, 52]"
1323,44,1477440,A,0.003,0.75,180,0.9,14,11,32,0.025,"[0, 0, 0, 0, 0, 0, 0, 0, 0, 0, 0, 0, 0, 0, 0, 0, 0, 0, 0]"
1319,43,1477440,A,0.003,0.75,180,0.9,14,11,32,0.16,"[0, 0, 0, 0, 0, 0, 0, 0, 0, 0, 2, 34, 0, 0, 0, 0, 46, 65, 56]"
1317,43,1477440,A,0.003,0.75,180,0.9,14,11,32,0.15,"[0, 0, 31, 52, 65, 53, 20, 60, 56, 54, 60, 65, 42, 61, 69, 60, 59, 63, 63]"
1310,43,1477440,A,0.003,0.75,180,0.9,14,11,32,0.115,"[0, 0, 2, 5, 9, 8, 0, 0, 0, 0, 17, 46, 31, 50, 46, 62, 44, 44, 34]"
1329,44,1477440,A,0.003,0.75,180,0.9,14,11,32,0.06,"[0, 0, 0, 0, 0, 0, 0, 0, 0, 0, 0, 0, 0, 0, 0, 0, 0, 0, 0]"
1318,43,1477440,A,0.003,0.75,180,0.9,14,11,32,0.155,"[0, 0, 0, 0, 0, 0, 0, 0, 18, 49, 55, 68, 40, 56, 67, 78, 70, 66, 31]"
1327,44,1477440,A,0.003,0.75,180,0.9,14,11,32,0.05,"[0, 0, 0, 0, 0, 0, 0, 0, 1, 0, 0, 0, 0, 0, 0, 0, 0, 0, 0]"
1311,43,1477440,A,0.003,0.75,180,0.9,14,11,32,0.12,"[0, 0, 0, 0, 0, 0, 0, 0, 8, 34, 60, 51, 32, 48, 61, 49, 56, 51, 13]"
1322,44,1477440,A,0.003,0.75,180,0.9,14,11,32,0.02,"[0, 0, 0, 0, 0, 0, 0, 0, 0, 0, 0, 0, 0, 0, 0, 0, 0, 0, 0]"
1320,44,1477440,A,0.003,0.75,180,0.9,14,11,32,0.01,"[0, 0, 0, 0, 0, 0, 0, 0, 0, 0, 0, 0, 0, 0, 0, 0, 0, 0, 0]"
1325,44,1477440,A,0.003,0.75,180,0.9,14,11,32,0.035,"[0, 0, 0, 0, 0, 0, 0, 0, 0, 0, 0, 0, 0, 0, 0, 0, 0, 0, 0]"
1316,43,1477440,A,0.003,0.75,180,0.9,14,11,32,0.145,"[0, 0, 0, 0, 0, 0, 0, 0, 0, 0, 0, 0, 0, 0, 0, 0, 1, 0, 0]"
1324,44,1477440,A,0.003,0.75,180,0.9,14,11,32,0.03,"[0, 0, 0, 0, 0, 0, 0, 0, 0, 0, 0, 0, 0, 0, 0, 0, 0, 0, 0]"
1312,43,1477440,A,0.003,0.75,180,0.9,14,11,32,0.125,"[0, 0, 0, 0, 0, 0, 0, 0, 4, 8, 31, 50, 39, 49, 56, 61, 46, 51, 21]"
1321,44,1477440,A,0.003,0.75,180,0.9,14,11,32,0.015,"[0, 0, 0, 0, 0, 0, 0, 0, 0, 0, 0, 0, 0, 0, 0, 0, 0, 0, 0]"
1336,44,1477440,A,0.003,0.75,180,0.9,14,11,32,0.095,"[0, 0, 0, 0, 0, 0, 0, 0, 0, 0, 0, 0, 0, 0, 0, 0, 0, 0, 0]"
1335,44,1477440,A,0.003,0.75,180,0.9,14,11,32,0.09,"[0, 0, 0, 0, 0, 0, 0, 0, 0, 0, 0, 2, 0, 0, 0, 0, 0, 0, 0]"
1337,44,1477440,A,0.003,0.75,180,0.9,14,11,32,0.1,"[0, 0, 0, 0, 7, 4, 0, 0, 0, 0, 0, 0, 0, 0, 0, 0, 17, 9, 3]"
1334,44,1477440,A,0.003,0.75,180,0.9,14,11,32,0.085,"[0, 0, 0, 0, 0, 0, 0, 0, 8, 8, 7, 7, 0, 0, 0, 0, 0, 0, 0]"
1340,44,1477440,A,0.003,0.75,180,0.9,14,11,32,0.115,"[0, 0, 3, 12, 13, 10, 0, 0, 0, 0, 0, 0, 0, 0, 0, 0, 0, 0, 0]"
1332,44,1477440,A,0.003,0.75,180,0.9,14,11,32,0.075,"[0, 0, 0, 0, 0, 0, 0, 0, 0, 0, 0, 0, 0, 0, 0, 0, 0, 0, 0]"
1342,44,1477440,A,0.003,0.75,180,0.9,14,11,32,0.125,"[0, 0, 0, 0, 0, 0, 0, 0, 2, 0, 0, 0, 0, 0, 0, 0, 0, 0, 0]"
1326,44,1477440,A,0.003,0.75,180,0.9,14,11,32,0.045,"[0, 0, 0, 0, 0, 0, 0, 0, 0, 0, 0, 0, 0, 0, 0, 0, 0, 0, 0]"
1341,44,1477440,A,0.003,0.75,180,0.9,14,11,32,0.12,"[0, 0, 0, 0, 0, 0, 0, 0, 0, 0, 5, 13, 0, 0, 0, 0, 0, 0, 0]"
1333,44,1477440,A,0.003,0.75,180,0.9,14,11,32,0.08,"[0, 0, 0, 0, 0, 0, 0, 0, 1, 3, 10, 8, 2, 4, 4, 4, 6, 6, 3]"
1338,44,1477440,A,0.003,0.75,180,0.9,14,11,32,0.105,"[0, 0, 0, 0, 0, 0, 0, 0, 0, 0, 0, 0, 0, 0, 0, 0, 0, 0, 0]"
1339,44,1477440,A,0.003,0.75,180,0.9,14,11,32,0.11,"[0, 0, 0, 0, 0, 0, 0, 0, 0, 0, 0, 0, 0, 0, 0, 0, 0, 0, 0]"
1331,44,1477440,A,0.003,0.75,180,0.9,14,11,32,0.07,"[0, 0, 0, 0, 0, 0, 0, 0, 0, 0, 0, 0, 0, 0, 0, 0, 0, 0, 0]"
1328,44,1477440,A,0.003,0.75,180,0.9,14,11,32,0.055,"[0, 0, 0, 0, 0, 0, 0, 0, 0, 0, 0, 0, 0, 0, 0, 0, 0, 0, 0]"
1330,44,1477440,A,0.003,0.75,180,0.9,14,11,32,0.065,"[0, 0, 0, 0, 0, 0, 0, 0, 0, 0, 0, 0, 0, 0, 0, 0, 0, 0, 0]"
1347,44,1477440,A,0.003,0.75,180,0.9,14,11,32,0.15,"[0, 0, 0, 0, 0, 0, 0, 0, 5, 8, 23, 65, 37, 54, 71, 59, 50, 64, 47]"
1348,44,1477440,A,0.003,0.75,180,0.9,14,11,32,0.155,"[0, 0, 0, 0, 0, 0, 0, 0, 0, 0, 14, 23, 22, 78, 73, 68, 49, 73, 39]"
1346,44,1477440,A,0.003,0.75,180,0.9,14,11,32,0.145,"[0, 0, 0, 0, 0, 0, 0, 0, 0, 0, 0, 0, 0, 0, 0, 0, 20, 49, 35]"
1343,44,1477440,A,0.003,0.75,180,0.9,14,11,32,0.13,"[0, 0, 0, 0, 0, 0, 0, 0, 0, 0, 0, 0, 0, 0, 0, 0, 0, 0, 0]"
1344,44,1477440,A,0.003,0.75,180,0.9,14,11,32,0.135,"[0, 0, 0, 0, 0, 0, 0, 0, 0, 0, 12, 28, 24, 26, 50, 45, 60, 72, 39]"
1345,44,1477440,A,0.003,0.75,180,0.9,14,11,32,0.14,"[0, 0, 31, 52, 67, 53, 38, 70, 50, 61, 61, 62, 34, 40, 51, 72, 55, 59, 43]"
1349,44,1477440,A,0.003,0.75,180,0.9,14,11,32,0.16,"[0, 0, 0, 0, 0, 0, 0, 0, 7, 39, 72, 71, 55, 59, 59, 70, 72, 60, 44]"
1350,45,1477440,A,0.003,0.75,180,0.9,14,11,32,0.01,"[0, 0, 0, 0, 0, 0, 0, 0, 0, 0, 0, 0, 0, 0, 0, 0, 0, 0, 0]"
1353,45,1477440,A,0.003,0.75,180,0.9,14,11,32,0.025,"[0, 0, 0, 0, 0, 0, 0, 0, 0, 0, 0, 0, 0, 0, 0, 0, 0, 0, 0]"
1351,45,1477440,A,0.003,0.75,180,0.9,14,11,32,0.015,"[0, 0, 0, 0, 0, 0, 0, 0, 0, 0, 0, 0, 0, 0, 0, 0, 0, 0, 0]"
1352,45,1477440,A,0.003,0.75,180,0.9,14,11,32,0.02,"[0, 0, 0, 0, 0, 0, 0, 0, 0, 0, 0, 0, 0, 0, 0, 0, 0, 0, 0]"
1355,45,1477440,A,0.003,0.75,180,0.9,14,11,32,0.035,"[0, 0, 0, 0, 0, 0, 0, 0, 0, 0, 0, 0, 0, 0, 0, 0, 0, 0, 0]"
1354,45,1477440,A,0.003,0.75,180,0.9,14,11,32,0.03,"[0, 0, 0, 0, 0, 0, 0, 0, 0, 0, 0, 0, 0, 0, 0, 0, 0, 0, 0]"
1360,45,1477440,A,0.003,0.75,180,0.9,14,11,32,0.065,"[0, 0, 0, 0, 0, 0, 0, 0, 0, 0, 0, 0, 0, 0, 0, 0, 0, 0, 0]"
1358,45,1477440,A,0.003,0.75,180,0.9,14,11,32,0.055,"[0, 0, 0, 0, 0, 0, 0, 0, 0, 0, 0, 0, 0, 0, 0, 0, 0, 0, 0]"
1359,45,1477440,A,0.003,0.75,180,0.9,14,11,32,0.06,"[0, 0, 0, 0, 0, 0, 0, 0, 0, 0, 0, 0, 0, 0, 0, 0, 0, 0, 0]"
1362,45,1477440,A,0.003,0.75,180,0.9,14,11,32,0.075,"[0, 0, 0, 0, 0, 0, 0, 0, 0, 0, 0, 0, 0, 0, 0, 0, 0, 0, 0]"
1356,45,1477440,A,0.003,0.75,180,0.9,14,11,32,0.045,"[0, 0, 0, 0, 0, 0, 0, 0, 0, 0, 0, 0, 0, 0, 0, 0, 0, 0, 0]"
1357,45,1477440,A,0.003,0.75,180,0.9,14,11,32,0.05,"[0, 0, 0, 0, 0, 0, 0, 0, 0, 0, 0, 0, 0, 0, 0, 0, 0, 0, 0]"
1369,45,1477440,A,0.003,0.75,180,0.9,14,11,32,0.11,"[0, 0, 0, 0, 0, 0, 0, 0, 0, 0, 0, 0, 0, 0, 0, 0, 0, 0, 0]"
1364,45,1477440,A,0.003,0.75,180,0.9,14,11,32,0.085,"[0, 0, 0, 0, 0, 0, 0, 0, 0, 0, 2, 14, 3, 8, 14, 6, 25, 28, 12]"
1367,45,1477440,A,0.003,0.75,180,0.9,14,11,32,0.1,"[0, 0, 0, 0, 0, 0, 0, 0, 0, 5, 10, 7, 0, 0, 0, 0, 0, 0, 0]"
1361,45,1477440,A,0.003,0.75,180,0.9,14,11,32,0.07,"[0, 0, 0, 0, 0, 0, 0, 0, 0, 0, 0, 0, 0, 0, 0, 0, 0, 0, 0]"
1365,45,1477440,A,0.003,0.75,180,0.9,14,11,32,0.09,"[0, 0, 0, 0, 0, 0, 0, 0, 4, 10, 8, 6, 0, 0, 0, 0, 0, 0, 0]"
1373,45,1477440,A,0.003,0.75,180,0.9,14,11,32,0.13,"[0, 0, 0, 0, 0, 0, 0, 0, 0, 0, 0, 0, 0, 0, 0, 0, 13, 31, 0]"
1363,45,1477440,A,0.003,0.75,180,0.9,14,11,32,0.08,"[0, 0, 0, 0, 0, 0, 0, 0, 0, 0, 0, 0, 0, 0, 0, 0, 0, 0, 0]"
1370,45,1477440,A,0.003,0.75,180,0.9,14,11,32,0.115,"[0, 0, 0, 0, 0, 0, 0, 0, 0, 0, 0, 0, 0, 0, 0, 0, 0, 0, 0]"
1368,45,1477440,A,0.003,0.75,180,0.9,14,11,32,0.105,"[0, 0, 0, 0, 0, 0, 0, 0, 0, 0, 0, 0, 0, 0, 0, 0, 0, 0, 0]"
1366,45,1477440,A,0.003,0.75,180,0.9,14,11,32,0.095,"[0, 0, 0, 0, 0, 0, 0, 0, 0, 0, 4, 8, 10, 18, 22, 27, 33, 36, 4]"
1372,45,1477440,A,0.003,0.75,180,0.9,14,11,32,0.125,"[0, 0, 0, 0, 0, 0, 0, 0, 0, 0, 0, 0, 0, 0, 0, 0, 0, 0, 0]"
1374,45,1477440,A,0.003,0.75,180,0.9,14,11,32,0.135,"[0, 0, 0, 0, 0, 0, 0, 0, 19, 61, 52, 64, 56, 57, 60, 59, 45, 62, 57]"
1384,46,1477440,A,0.003,0.75,180,0.9,14,11,32,0.03,"[0, 0, 0, 0, 0, 0, 0, 0, 0, 0, 0, 0, 0, 0, 0, 0, 0, 0, 0]"
1379,45,1477440,A,0.003,0.75,180,0.9,14,11,32,0.16,"[0, 0, 0, 0, 10, 63, 46, 73, 69, 56, 60, 57, 45, 62, 65, 52, 67, 67, 56]"
1383,46,1477440,A,0.003,0.75,180,0.9,14,11,32,0.025,"[0, 0, 0, 0, 0, 0, 0, 0, 0, 0, 0, 0, 0, 0, 0, 0, 0, 0, 0]"
1375,45,1477440,A,0.003,0.75,180,0.9,14,11,32,0.14,"[0, 0, 0, 0, 0, 0, 0, 0, 0, 0, 34, 47, 12, 33, 51, 61, 51, 71, 31]"
1371,45,1477440,A,0.003,0.75,180,0.9,14,11,32,0.12,"[0, 0, 18, 36, 41, 60, 17, 30, 44, 52, 58, 46, 30, 39, 59, 56, 45, 55, 11]"
1380,46,1477440,A,0.003,0.75,180,0.9,14,11,32,0.01,"[0, 0, 0, 0, 0, 0, 0, 0, 0, 0, 0, 0, 0, 0, 0, 0, 0, 0, 0]"
1377,45,1477440,A,0.003,0.75,180,0.9,14,11,32,0.15,"[0, 0, 0, 0, 0, 0, 0, 0, 0, 0, 12, 48, 11, 43, 48, 62, 63, 58, 48]"
1386,46,1477440,A,0.003,0.75,180,0.9,14,11,32,0.045,"[0, 0, 0, 0, 0, 0, 0, 0, 0, 0, 0, 0, 0, 0, 0, 0, 0, 0, 0]"
1382,46,1477440,A,0.003,0.75,180,0.9,14,11,32,0.02,"[0, 0, 0, 0, 0, 0, 0, 0, 0, 0, 0, 0, 0, 0, 0, 0, 0, 0, 0]"
1390,46,1477440,A,0.003,0.75,180,0.9,14,11,32,0.065,"[0, 0, 0, 0, 0, 0, 0, 0, 4, 4, 3, 8, 1, 0, 0, 0, 0, 0, 0]"
1381,46,1477440,A,0.003,0.75,180,0.9,14,11,32,0.015,"[0, 0, 0, 0, 0, 0, 0, 0, 0, 0, 0, 0, 0, 0, 0, 0, 0, 0, 0]"
1387,46,1477440,A,0.003,0.75,180,0.9,14,11,32,0.05,"[0, 0, 0, 0, 0, 0, 0, 0, 0, 0, 0, 0, 0, 0, 0, 0, 0, 0, 0]"
1376,45,1477440,A,0.003,0.75,180,0.9,14,11,32,0.145,"[0, 0, 0, 0, 7, 27, 17, 40, 64, 63, 66, 66, 25, 65, 65, 64, 55, 69, 43]"
1378,45,1477440,A,0.003,0.75,180,0.9,14,11,32,0.155,"[0, 0, 6, 50, 55, 74, 32, 64, 63, 65, 69, 63, 25, 64, 64, 54, 67, 66, 65]"
1385,46,1477440,A,0.003,0.75,180,0.9,14,11,32,0.035,"[0, 0, 0, 0, 0, 0, 0, 0, 0, 0, 0, 0, 0, 0, 0, 0, 0, 0, 0]"
1392,46,1477440,A,0.003,0.75,180,0.9,14,11,32,0.075,"[0, 0, 0, 0, 0, 0, 0, 0, 0, 0, 0, 0, 0, 0, 0, 0, 0, 0, 0]"
1389,46,1477440,A,0.003,0.75,180,0.9,14,11,32,0.06,"[0, 0, 0, 0, 0, 0, 0, 0, 0, 0, 0, 0, 0, 0, 0, 0, 2, 1, 0]"
1391,46,1477440,A,0.003,0.75,180,0.9,14,11,32,0.07,"[0, 0, 0, 0, 0, 0, 0, 0, 0, 0, 0, 0, 0, 0, 0, 0, 0, 0, 0]"
1388,46,1477440,A,0.003,0.75,180,0.9,14,11,32,0.055,"[0, 0, 0, 0, 0, 3, 0, 0, 0, 0, 0, 0, 0, 0, 0, 0, 0, 0, 0]"
1393,46,1477440,A,0.003,0.75,180,0.9,14,11,32,0.08,"[0, 0, 0, 0, 0, 0, 0, 0, 2, 2, 6, 17, 5, 4, 6, 5, 14, 9, 0]"
1395,46,1477440,A,0.003,0.75,180,0.9,14,11,32,0.09,"[0, 0, 5, 6, 6, 8, 14, 22, 30, 41, 28, 45, 1, 5, 4, 12, 9, 19, 9]"
1396,46,1477440,A,0.003,0.75,180,0.9,14,11,32,0.095,"[0, 0, 0, 0, 0, 0, 0, 0, 0, 0, 1, 16, 0, 0, 0, 0, 0, 0, 0]"
1394,46,1477440,A,0.003,0.75,180,0.9,14,11,32,0.085,"[0, 0, 0, 0, 0, 0, 0, 0, 0, 0, 0, 0, 0, 0, 0, 0, 0, 0, 0]"
1397,46,1477440,A,0.003,0.75,180,0.9,14,11,32,0.1,"[0, 0, 0, 0, 0, 0, 0, 0, 0, 0, 3, 10, 15, 20, 22, 19, 20, 35, 10]"
1398,46,1477440,A,0.003,0.75,180,0.9,14,11,32,0.105,"[0, 0, 0, 0, 0, 0, 0, 0, 1, 10, 9, 32, 0, 0, 0, 0, 0, 0, 0]"
1399,46,1477440,A,0.003,0.75,180,0.9,14,11,32,0.11,"[0, 0, 0, 0, 0, 0, 0, 0, 0, 0, 0, 0, 0, 0, 0, 0, 0, 0, 0]"
1400,46,1477440,A,0.003,0.75,180,0.9,14,11,32,0.115,"[0, 0, 0, 0, 0, 0, 0, 0, 1, 0, 0, 0, 0, 0, 0, 0, 0, 0, 0]"
1401,46,1477440,A,0.003,0.75,180,0.9,14,11,32,0.12,"[0, 0, 0, 0, 1, 4, 0, 0, 0, 0, 0, 0, 0, 0, 0, 0, 0, 0, 0]"
1402,46,1477440,A,0.003,0.75,180,0.9,14,11,32,0.125,"[0, 0, 0, 0, 2, 26, 15, 35, 48, 55, 65, 45, 31, 55, 57, 57, 56, 56, 32]"
1403,46,1477440,A,0.003,0.75,180,0.9,14,11,32,0.13,"[0, 0, 0, 0, 0, 0, 0, 0, 0, 0, 0, 0, 0, 0, 0, 0, 0, 0, 0]"
1404,46,1477440,A,0.003,0.75,180,0.9,14,11,32,0.135,"[0, 0, 0, 0, 1, 0, 0, 0, 0, 0, 26, 49, 48, 53, 56, 62, 61, 65, 46]"
1408,46,1477440,A,0.003,0.75,180,0.9,14,11,32,0.155,"[0, 0, 0, 0, 0, 0, 0, 0, 22, 61, 63, 58, 44, 63, 76, 61, 53, 61, 57]"
1412,47,1477440,A,0.003,0.75,180,0.9,14,11,32,0.02,"[0, 0, 0, 0, 0, 0, 0, 0, 0, 0, 0, 0, 0, 0, 0, 0, 0, 0, 0]"
1411,47,1477440,A,0.003,0.75,180,0.9,14,11,32,0.015,"[0, 0, 0, 0, 0, 0, 0, 0, 0, 0, 0, 0, 0, 0, 0, 0, 0, 0, 0]"
1405,46,1477440,A,0.003,0.75,180,0.9,14,11,32,0.14,"[0, 0, 7, 18, 38, 54, 33, 51, 55, 60, 60, 66, 67, 65, 49, 62, 65, 58, 53]"
1407,46,1477440,A,0.003,0.75,180,0.9,14,11,32,0.15,"[0, 0, 0, 0, 0, 0, 0, 0, 0, 0, 6, 11, 31, 52, 60, 53, 66, 61, 26]"
1409,46,1477440,A,0.003,0.75,180,0.9,14,11,32,0.16,"[0, 0, 0, 0, 0, 0, 0, 0, 0, 0, 22, 56, 55, 61, 70, 80, 60, 58, 54]"
1415,47,1477440,A,0.003,0.75,180,0.9,14,11,32,0.035,"[0, 0, 1, 0, 0, 0, 0, 0, 0, 0, 0, 1, 0, 0, 0, 0, 0, 0, 0]"
1414,47,1477440,A,0.003,0.75,180,0.9,14,11,32,0.03,"[0, 0, 0, 0, 0, 0, 0, 0, 0, 0, 1, 0, 0, 0, 0, 0, 0, 0, 0]"
1410,47,1477440,A,0.003,0.75,180,0.9,14,11,32,0.01,"[0, 0, 0, 0, 0, 0, 0, 0, 0, 0, 0, 0, 0, 0, 0, 0, 0, 0, 0]"
1406,46,1477440,A,0.003,0.75,180,0.9,14,11,32,0.145,"[0, 0, 0, 0, 4, 28, 33, 62, 57, 55, 49, 76, 38, 54, 58, 57, 63, 72, 39]"
1413,47,1477440,A,0.003,0.75,180,0.9,14,11,32,0.025,"[0, 0, 0, 0, 0, 0, 0, 0, 0, 0, 0, 0, 0, 0, 0, 0, 0, 0, 0]"
1417,47,1477440,A,0.003,0.75,180,0.9,14,11,32,0.05,"[0, 0, 0, 0, 0, 0, 0, 0, 0, 0, 0, 0, 0, 0, 0, 0, 0, 0, 0]"
1419,47,1477440,A,0.003,0.75,180,0.9,14,11,32,0.06,"[0, 0, 0, 0, 0, 0, 0, 0, 0, 0, 0, 0, 0, 0, 0, 0, 0, 0, 0]"
1421,47,1477440,A,0.003,0.75,180,0.9,14,11,32,0.07,"[0, 0, 3, 14, 10, 13, 1, 1, 2, 1, 6, 10, 0, 0, 0, 0, 0, 0, 0]"
1418,47,1477440,A,0.003,0.75,180,0.9,14,11,32,0.055,"[0, 0, 0, 0, 0, 0, 0, 0, 0, 6, 3, 1, 0, 0, 0, 0, 0, 0, 0]"
1416,47,1477440,A,0.003,0.75,180,0.9,14,11,32,0.045,"[0, 0, 0, 0, 0, 0, 0, 0, 0, 0, 0, 0, 0, 0, 0, 0, 0, 0, 0]"
1426,47,1477440,A,0.003,0.75,180,0.9,14,11,32,0.095,"[0, 0, 0, 0, 15, 10, 0, 0, 0, 0, 0, 0, 0, 0, 0, 0, 0, 0, 0]"
1420,47,1477440,A,0.003,0.75,180,0.9,14,11,32,0.065,"[0, 0, 0, 0, 0, 0, 0, 0, 0, 0, 0, 0, 0, 0, 0, 0, 0, 0, 0]"
1423,47,1477440,A,0.003,0.75,180,0.9,14,11,32,0.08,"[0, 0, 0, 0, 0, 0, 0, 0, 0, 0, 0, 0, 0, 0, 0, 0, 0, 0, 0]"
1429,47,1477440,A,0.003,0.75,180,0.9,14,11,32,0.11,"[0, 0, 0, 0, 0, 0, 0, 0, 0, 0, 0, 0, 0, 0, 0, 0, 0, 0, 0]"
1431,47,1477440,A,0.003,0.75,180,0.9,14,11,32,0.12,"[0, 0, 1, 0, 0, 0, 0, 0, 0, 0, 0, 0, 0, 0, 0, 0, 0, 0, 0]"
1422,47,1477440,A,0.003,0.75,180,0.9,14,11,32,0.075,"[0, 0, 1, 6, 3, 3, 6, 12, 12, 11, 8, 9, 1, 7, 8, 12, 20, 24, 6]"
1428,47,1477440,A,0.003,0.75,180,0.9,14,11,32,0.105,"[0, 0, 0, 0, 0, 0, 0, 0, 0, 0, 0, 0, 0, 0, 0, 0, 0, 0, 0]"
1432,47,1477440,A,0.003,0.75,180,0.9,14,11,32,0.125,"[0, 0, 0, 0, 0, 0, 0, 0, 0, 0, 0, 0, 0, 0, 0, 0, 0, 0, 0]"
1427,47,1477440,A,0.003,0.75,180,0.9,14,11,32,0.1,"[0, 0, 0, 0, 0, 0, 0, 0, 0, 0, 0, 0, 0, 0, 0, 0, 0, 0, 0]"
1424,47,1477440,A,0.003,0.75,180,0.9,14,11,32,0.085,"[0, 0, 0, 0, 0, 0, 0, 0, 0, 0, 0, 0, 0, 0, 0, 0, 0, 0, 0]"
1435,47,1477440,A,0.003,0.75,180,0.9,14,11,32,0.14,"[0, 0, 0, 0, 0, 0, 0, 0, 0, 0, 0, 0, 0, 0, 0, 0, 0, 0, 0]"
1430,47,1477440,A,0.003,0.75,180,0.9,14,11,32,0.115,"[0, 0, 1, 0, 0, 0, 0, 0, 0, 0, 0, 0, 0, 0, 0, 0, 0, 0, 0]"
1425,47,1477440,A,0.003,0.75,180,0.9,14,11,32,0.09,"[0, 0, 0, 0, 0, 0, 0, 0, 0, 0, 0, 0, 0, 0, 0, 0, 0, 0, 0]"
1442,48,1477440,A,0.003,0.75,180,0.9,14,11,32,0.02,"[0, 0, 0, 0, 0, 0, 0, 0, 0, 0, 0, 0, 0, 0, 0, 0, 0, 0, 0]"
1440,48,1477440,A,0.003,0.75,180,0.9,14,11,32,0.01,"[0, 0, 0, 0, 0, 0, 0, 0, 0, 0, 0, 0, 0, 0, 0, 0, 0, 0, 0]"
1434,47,1477440,A,0.003,0.75,180,0.9,14,11,32,0.135,"[0, 0, 0, 0, 0, 0, 0, 0, 3, 23, 48, 59, 0, 0, 0, 0, 0, 0, 0]"
1438,47,1477440,A,0.003,0.75,180,0.9,14,11,32,0.155,"[0, 0, 0, 0, 0, 0, 0, 0, 0, 0, 13, 47, 65, 68, 61, 68, 63, 71, 59]"
1441,48,1477440,A,0.003,0.75,180,0.9,14,11,32,0.015,"[0, 0, 0, 0, 0, 0, 0, 0, 0, 0, 0, 0, 0, 0, 0, 0, 0, 0, 0]"
1439,47,1477440,A,0.003,0.75,180,0.9,14,11,32,0.16,"[0, 0, 0, 0, 0, 0, 0, 0, 0, 0, 0, 34, 8, 19, 56, 54, 72, 63, 62]"
1436,47,1477440,A,0.003,0.75,180,0.9,14,11,32,0.145,"[0, 0, 0, 0, 0, 0, 0, 0, 0, 0, 0, 0, 0, 0, 0, 0, 0, 0, 0]"
1433,47,1477440,A,0.003,0.75,180,0.9,14,11,32,0.13,"[0, 0, 0, 0, 9, 22, 0, 0, 0, 0, 15, 49, 45, 55, 52, 60, 61, 56, 40]"
1437,47,1477440,A,0.003,0.75,180,0.9,14,11,32,0.15,"[0, 0, 57, 53, 70, 62, 43, 71, 56, 60, 58, 57, 39, 65, 52, 61, 52, 71, 51]"
1443,48,1477440,A,0.003,0.75,180,0.9,14,11,32,0.025,"[0, 0, 0, 0, 0, 0, 0, 0, 0, 0, 0, 0, 0, 0, 0, 0, 0, 0, 0]"
1444,48,1477440,A,0.003,0.75,180,0.9,14,11,32,0.03,"[0, 0, 0, 0, 0, 0, 0, 0, 0, 0, 0, 0, 0, 0, 0, 0, 0, 0, 0]"
1448,48,1477440,A,0.003,0.75,180,0.9,14,11,32,0.055,"[0, 0, 0, 0, 0, 0, 0, 0, 0, 0, 0, 0, 0, 0, 0, 0, 0, 0, 0]"
1445,48,1477440,A,0.003,0.75,180,0.9,14,11,32,0.035,"[0, 0, 0, 0, 0, 0, 0, 0, 0, 0, 0, 0, 0, 0, 0, 0, 0, 0, 0]"
1446,48,1477440,A,0.003,0.75,180,0.9,14,11,32,0.045,"[0, 0, 0, 0, 0, 0, 0, 0, 0, 0, 0, 0, 0, 0, 0, 0, 0, 0, 0]"
1447,48,1477440,A,0.003,0.75,180,0.9,14,11,32,0.05,"[0, 0, 0, 0, 0, 0, 0, 0, 0, 0, 0, 0, 0, 0, 0, 0, 0, 0, 0]"
1449,48,1477440,A,0.003,0.75,180,0.9,14,11,32,0.06,"[0, 0, 0, 0, 0, 0, 0, 0, 0, 0, 0, 0, 0, 0, 0, 0, 0, 0, 0]"
1450,48,1477440,A,0.003,0.75,180,0.9,14,11,32,0.065,"[0, 0, 0, 0, 0, 0, 0, 0, 0, 0, 0, 0, 0, 0, 0, 0, 1, 3, 6]"
1453,48,1477440,A,0.003,0.75,180,0.9,14,11,32,0.08,"[0, 0, 0, 0, 0, 0, 0, 0, 0, 0, 0, 0, 0, 0, 0, 0, 0, 0, 0]"
1452,48,1477440,A,0.003,0.75,180,0.9,14,11,32,0.075,"[0, 0, 0, 0, 0, 0, 0, 0, 0, 0, 0, 0, 0, 0, 0, 0, 0, 0, 0]"
1451,48,1477440,A,0.003,0.75,180,0.9,14,11,32,0.07,"[0, 0, 0, 0, 0, 0, 0, 0, 0, 0, 0, 0, 0, 0, 0, 0, 0, 2, 0]"
1456,48,1477440,A,0.003,0.75,180,0.9,14,11,32,0.095,"[0, 0, 0, 0, 0, 0, 0, 0, 8, 12, 22, 24, 8, 10, 13, 7, 17, 18, 5]"
1454,48,1477440,A,0.003,0.75,180,0.9,14,11,32,0.085,"[0, 0, 0, 0, 0, 0, 0, 0, 0, 0, 0, 0, 0, 0, 0, 0, 0, 0, 0]"
1458,48,1477440,A,0.003,0.75,180,0.9,14,11,32,0.105,"[0, 0, 0, 0, 0, 0, 0, 0, 2, 11, 14, 12, 4, 10, 25, 37, 31, 54, 26]"
1459,48,1477440,A,0.003,0.75,180,0.9,14,11,32,0.11,"[0, 0, 0, 0, 0, 0, 0, 0, 3, 19, 30, 53, 2, 0, 0, 0, 0, 0, 0]"
1457,48,1477440,A,0.003,0.75,180,0.9,14,11,32,0.1,"[0, 0, 0, 0, 0, 0, 0, 0, 2, 2, 12, 10, 0, 0, 0, 0, 0, 0, 0]"
1464,48,1477440,A,0.003,0.75,180,0.9,14,11,32,0.135,"[0, 0, 0, 0, 0, 0, 0, 0, 0, 0, 0, 0, 0, 0, 0, 0, 0, 0, 0]"
1455,48,1477440,A,0.003,0.75,180,0.9,14,11,32,0.09,"[0, 0, 0, 0, 0, 0, 0, 0, 5, 8, 6, 17, 1, 6, 8, 9, 20, 30, 6]"
1460,48,1477440,A,0.003,0.75,180,0.9,14,11,32,0.115,"[0, 0, 0, 0, 0, 0, 0, 0, 19, 27, 50, 54, 6, 5, 21, 50, 36, 49, 40]"
1461,48,1477440,A,0.003,0.75,180,0.9,14,11,32,0.12,"[0, 0, 0, 0, 0, 0, 0, 0, 0, 0, 0, 0, 0, 0, 0, 0, 0, 0, 0]"
1465,48,1477440,A,0.003,0.75,180,0.9,14,11,32,0.14,"[0, 0, 0, 0, 4, 0, 0, 0, 0, 0, 16, 27, 20, 61, 63, 55, 45, 52, 37]"
1470,49,1477440,A,0.003,0.75,180,0.9,14,11,32,0.01,"[0, 0, 0, 0, 0, 0, 0, 0, 0, 0, 0, 0, 0, 0, 0, 0, 0, 0, 0]"
1462,48,1477440,A,0.003,0.75,180,0.9,14,11,32,0.125,"[0, 0, 0, 0, 2, 11, 6, 8, 19, 47, 62, 55, 36, 40, 57, 52, 59, 62, 12]"
1463,48,1477440,A,0.003,0.75,180,0.9,14,11,32,0.13,"[0, 0, 0, 0, 0, 0, 0, 0, 7, 17, 57, 63, 31, 48, 50, 56, 57, 73, 32]"
1467,48,1477440,A,0.003,0.75,180,0.9,14,11,32,0.15,"[0, 0, 0, 0, 0, 0, 0, 0, 19, 36, 40, 71, 47, 61, 72, 64, 53, 60, 37]"
1471,49,1477440,A,0.003,0.75,180,0.9,14,11,32,0.015,"[0, 0, 0, 0, 0, 0, 0, 0, 0, 0, 0, 0, 0, 0, 0, 0, 0, 0, 0]"
1466,48,1477440,A,0.003,0.75,180,0.9,14,11,32,0.145,"[0, 0, 0, 0, 0, 0, 0, 0, 41, 62, 65, 71, 30, 54, 55, 60, 64, 71, 42]"
1472,49,1477440,A,0.003,0.75,180,0.9,14,11,32,0.02,"[0, 0, 0, 0, 0, 0, 0, 0, 0, 0, 0, 0, 0, 0, 0, 0, 0, 0, 0]"
1468,48,1477440,A,0.003,0.75,180,0.9,14,11,32,0.155,"[0, 0, 0, 0, 0, 0, 0, 0, 18, 59, 71, 63, 50, 59, 62, 68, 55, 59, 42]"
1478,49,1477440,A,0.003,0.75,180,0.9,14,11,32,0.055,"[0, 0, 0, 0, 0, 0, 0, 0, 0, 0, 0, 0, 0, 0, 0, 0, 0, 0, 0]"
1469,48,1477440,A,0.003,0.75,180,0.9,14,11,32,0.16,"[0, 0, 0, 0, 0, 0, 0, 0, 0, 0, 0, 0, 0, 0, 0, 0, 37, 59, 50]"
1474,49,1477440,A,0.003,0.75,180,0.9,14,11,32,0.03,"[0, 0, 0, 0, 0, 0, 0, 0, 0, 0, 0, 0, 0, 0, 0, 0, 0, 0, 0]"
1473,49,1477440,A,0.003,0.75,180,0.9,14,11,32,0.025,"[0, 0, 0, 0, 0, 0, 0, 0, 0, 0, 0, 0, 0, 0, 0, 0, 0, 0, 0]"
1475,49,1477440,A,0.003,0.75,180,0.9,14,11,32,0.035,"[0, 0, 0, 0, 0, 0, 0, 0, 0, 0, 0, 0, 0, 0, 0, 0, 0, 0, 0]"
1476,49,1477440,A,0.003,0.75,180,0.9,14,11,32,0.045,"[0, 0, 0, 0, 0, 0, 0, 0, 0, 0, 0, 0, 0, 0, 0, 0, 0, 0, 0]"
1479,49,1477440,A,0.003,0.75,180,0.9,14,11,32,0.06,"[0, 0, 0, 0, 0, 0, 0, 0, 0, 0, 1, 0, 0, 0, 0, 0, 2, 6, 0]"
1481,49,1477440,A,0.003,0.75,180,0.9,14,11,32,0.07,"[0, 0, 0, 0, 0, 0, 0, 0, 0, 0, 0, 0, 0, 0, 0, 0, 0, 0, 0]"
1480,49,1477440,A,0.003,0.75,180,0.9,14,11,32,0.065,"[0, 0, 0, 0, 0, 0, 0, 0, 0, 0, 1, 1, 0, 0, 0, 0, 0, 4, 0]"
1483,49,1477440,A,0.003,0.75,180,0.9,14,11,32,0.08,"[0, 0, 0, 0, 0, 0, 0, 0, 1, 0, 3, 5, 0, 0, 0, 0, 0, 0, 0]"
1477,49,1477440,A,0.003,0.75,180,0.9,14,11,32,0.05,"[0, 0, 0, 0, 0, 0, 0, 0, 0, 0, 1, 0, 0, 0, 0, 0, 0, 0, 0]"
1486,49,1477440,A,0.003,0.75,180,0.9,14,11,32,0.095,"[0, 0, 0, 0, 0, 0, 0, 0, 0, 0, 0, 0, 0, 0, 0, 0, 0, 0, 0]"
1482,49,1477440,A,0.003,0.75,180,0.9,14,11,32,0.075,"[0, 0, 0, 0, 0, 0, 0, 0, 0, 0, 0, 0, 0, 0, 0, 0, 0, 0, 0]"
1485,49,1477440,A,0.003,0.75,180,0.9,14,11,32,0.09,"[0, 0, 0, 0, 0, 0, 0, 0, 0, 0, 0, 0, 0, 0, 0, 0, 0, 0, 0]"
1487,49,1477440,A,0.003,0.75,180,0.9,14,11,32,0.1,"[0, 0, 0, 0, 0, 0, 0, 0, 0, 0, 5, 20, 18, 28, 40, 41, 43, 50, 19]"
1492,49,1477440,A,0.003,0.75,180,0.9,14,11,32,0.125,"[0, 0, 0, 0, 0, 0, 0, 0, 2, 10, 13, 6, 9, 6, 33, 48, 52, 37, 7]"
1489,49,1477440,A,0.003,0.75,180,0.9,14,11,32,0.11,"[0, 0, 23, 31, 38, 51, 20, 41, 53, 46, 43, 52, 18, 36, 57, 44, 49, 45, 8]"
1491,49,1477440,A,0.003,0.75,180,0.9,14,11,32,0.12,"[0, 0, 0, 0, 0, 0, 0, 0, 0, 0, 0, 0, 0, 0, 0, 0, 0, 0, 0]"
1484,49,1477440,A,0.003,0.75,180,0.9,14,11,32,0.085,"[0, 0, 5, 7, 6, 11, 4, 7, 17, 20, 24, 25, 6, 21, 11, 16, 13, 26, 2]"
1488,49,1477440,A,0.003,0.75,180,0.9,14,11,32,0.105,"[0, 0, 0, 0, 4, 5, 0, 0, 0, 0, 0, 0, 0, 0, 0, 0, 0, 0, 0]"
1494,49,1477440,A,0.003,0.75,180,0.9,14,11,32,0.135,"[0, 0, 0, 0, 0, 0, 0, 0, 0, 0, 0, 0, 0, 0, 0, 0, 0, 0, 0]"
1490,49,1477440,A,0.003,0.75,180,0.9,14,11,32,0.115,"[0, 0, 0, 0, 0, 0, 0, 0, 4, 11, 29, 61, 18, 32, 46, 49, 46, 52, 35]"
1493,49,1477440,A,0.003,0.75,180,0.9,14,11,32,0.13,"[0, 0, 0, 0, 0, 0, 0, 0, 13, 42, 46, 48, 13, 45, 53, 53, 59, 55, 37]"
1495,49,1477440,A,0.003,0.75,180,0.9,14,11,32,0.14,"[0, 0, 0, 0, 0, 0, 0, 0, 7, 12, 32, 61, 38, 63, 67, 59, 55, 64, 58]"
1497,49,1477440,A,0.003,0.75,180,0.9,14,11,32,0.15,"[0, 0, 0, 0, 0, 0, 0, 0, 0, 0, 0, 0, 0, 0, 0, 0, 0, 0, 0]"
1496,49,1477440,A,0.003,0.75,180,0.9,14,11,32,0.145,"[0, 0, 0, 0, 0, 0, 0, 0, 0, 0, 8, 34, 49, 63, 66, 46, 60, 68, 29]"
1499,49,1477440,A,0.003,0.75,180,0.9,14,11,32,0.16,"[0, 0, 21, 62, 67, 68, 40, 65, 41, 59, 60, 51, 54, 59, 68, 67, 74, 65, 37]"
1498,49,1477440,A,0.003,0.75,180,0.9,14,11,32,0.155,"[0, 0, 0, 0, 16, 42, 23, 62, 67, 62, 51, 60, 70, 68, 67, 58, 67, 71, 50]"
1501,50,1477440,A,0.003,0.75,180,0.9,14,11,32,0.015,"[0, 0, 0, 0, 0, 0, 0, 0, 0, 0, 0, 0, 0, 0, 0, 0, 0, 0, 0]"
1500,50,1477440,A,0.003,0.75,180,0.9,14,11,32,0.01,"[0, 0, 0, 0, 0, 0, 0, 0, 0, 0, 0, 0, 0, 0, 0, 0, 0, 0, 0]"
1503,50,1477440,A,0.003,0.75,180,0.9,14,11,32,0.025,"[0, 0, 0, 0, 0, 0, 0, 0, 0, 0, 0, 0, 0, 0, 0, 0, 0, 0, 0]"
1505,50,1477440,A,0.003,0.75,180,0.9,14,11,32,0.035,"[0, 0, 0, 0, 0, 0, 0, 0, 0, 0, 0, 0, 0, 0, 0, 0, 0, 0, 0]"
1502,50,1477440,A,0.003,0.75,180,0.9,14,11,32,0.02,"[0, 0, 0, 0, 0, 0, 0, 0, 0, 0, 0, 0, 0, 0, 0, 0, 0, 0, 0]"
1506,50,1477440,A,0.003,0.75,180,0.9,14,11,32,0.045,"[0, 0, 0, 0, 0, 0, 0, 0, 0, 0, 0, 0, 0, 0, 0, 0, 0, 0, 0]"
1504,50,1477440,A,0.003,0.75,180,0.9,14,11,32,0.03,"[0, 0, 0, 0, 0, 0, 0, 0, 0, 0, 0, 0, 0, 0, 0, 0, 0, 1, 0]"
1509,50,1477440,A,0.003,0.75,180,0.9,14,11,32,0.06,"[0, 0, 0, 0, 0, 0, 0, 0, 0, 0, 0, 0, 0, 0, 0, 0, 0, 0, 0]"
1507,50,1477440,A,0.003,0.75,180,0.9,14,11,32,0.05,"[0, 0, 0, 0, 0, 0, 0, 0, 2, 0, 1, 1, 0, 0, 0, 0, 0, 0, 0]"
1508,50,1477440,A,0.003,0.75,180,0.9,14,11,32,0.055,"[0, 0, 0, 0, 0, 0, 0, 0, 0, 0, 0, 0, 0, 0, 0, 0, 0, 0, 0]"
1510,50,1477440,A,0.003,0.75,180,0.9,14,11,32,0.065,"[0, 0, 0, 0, 0, 0, 0, 0, 0, 0, 0, 0, 0, 0, 0, 0, 0, 0, 0]"
1512,50,1477440,A,0.003,0.75,180,0.9,14,11,32,0.075,"[0, 0, 0, 0, 0, 0, 0, 0, 0, 0, 0, 0, 0, 0, 0, 0, 0, 0, 0]"
1514,50,1477440,A,0.003,0.75,180,0.9,14,11,32,0.085,"[0, 0, 0, 0, 0, 0, 0, 0, 0, 0, 0, 0, 0, 0, 0, 0, 0, 0, 0]"
1518,50,1477440,A,0.003,0.75,180,0.9,14,11,32,0.105,"[0, 0, 0, 0, 0, 0, 0, 0, 0, 0, 0, 0, 0, 0, 0, 0, 0, 0, 0]"
1513,50,1477440,A,0.003,0.75,180,0.9,14,11,32,0.08,"[0, 0, 1, 0, 0, 0, 0, 0, 0, 0, 0, 0, 0, 0, 0, 0, 0, 0, 0]"
1520,50,1477440,A,0.003,0.75,180,0.9,14,11,32,0.115,"[0, 0, 0, 0, 0, 0, 0, 0, 0, 0, 0, 0, 0, 0, 0, 0, 0, 0, 0]"
1515,50,1477440,A,0.003,0.75,180,0.9,14,11,32,0.09,"[0, 0, 0, 0, 0, 0, 0, 0, 0, 0, 0, 0, 0, 0, 0, 0, 0, 0, 0]"
1517,50,1477440,A,0.003,0.75,180,0.9,14,11,32,0.1,"[0, 0, 0, 0, 0, 0, 0, 0, 1, 0, 0, 0, 0, 0, 0, 0, 0, 0, 0]"
1519,50,1477440,A,0.003,0.75,180,0.9,14,11,32,0.11,"[0, 0, 1, 10, 17, 17, 1, 0, 0, 0, 0, 0, 0, 0, 0, 0, 0, 0, 0]"
1522,50,1477440,A,0.003,0.75,180,0.9,14,11,32,0.125,"[0, 0, 0, 0, 0, 0, 0, 0, 0, 0, 4, 9, 1, 0, 0, 0, 2, 11, 6]"
1511,50,1477440,A,0.003,0.75,180,0.9,14,11,32,0.07,"[0, 0, 0, 0, 0, 0, 0, 0, 0, 0, 0, 0, 0, 0, 0, 0, 0, 0, 0]"
1516,50,1477440,A,0.003,0.75,180,0.9,14,11,32,0.095,"[0, 0, 0, 0, 0, 0, 0, 0, 0, 0, 12, 22, 0, 0, 0, 0, 0, 0, 0]"
1524,50,1477440,A,0.003,0.75,180,0.9,14,11,32,0.135,"[0, 0, 0, 0, 0, 0, 0, 0, 8, 13, 11, 13, 9, 38, 59, 64, 54, 64, 65]"
1527,50,1477440,A,0.003,0.75,180,0.9,14,11,32,0.15,"[0, 0, 0, 0, 0, 0, 0, 0, 0, 0, 23, 57, 54, 71, 61, 55, 66, 65, 53]"
1532,51,1477440,A,0.003,0.75,180,0.9,14,11,32,0.02,"[0, 0, 0, 0, 0, 0, 0, 0, 0, 0, 0, 0, 0, 0, 0, 0, 0, 0, 0]"
1521,50,1477440,A,0.003,0.75,180,0.9,14,11,32,0.12,"[0, 0, 0, 0, 8, 15, 10, 21, 31, 52, 56, 54, 46, 56, 55, 54, 62, 51, 12]"
1525,50,1477440,A,0.003,0.75,180,0.9,14,11,32,0.14,"[0, 0, 0, 0, 1, 0, 0, 0, 0, 0, 4, 25, 37, 53, 63, 58, 44, 58, 43]"
1530,51,1477440,A,0.003,0.75,180,0.9,14,11,32,0.01,"[0, 0, 0, 0, 0, 0, 0, 0, 0, 0, 0, 0, 0, 0, 0, 0, 0, 0, 0]"
1523,50,1477440,A,0.003,0.75,180,0.9,14,11,32,0.13,"[0, 0, 0, 0, 24, 48, 29, 60, 59, 62, 59, 53, 16, 53, 66, 63, 59, 54, 39]"
1533,51,1477440,A,0.003,0.75,180,0.9,14,11,32,0.025,"[0, 0, 0, 0, 0, 0, 0, 0, 0, 0, 0, 0, 0, 0, 0, 0, 0, 0, 0]"
1534,51,1477440,A,0.003,0.75,180,0.9,14,11,32,0.03,"[0, 0, 0, 0, 0, 0, 0, 0, 0, 0, 0, 0, 0, 0, 0, 0, 0, 0, 0]"
1531,51,1477440,A,0.003,0.75,180,0.9,14,11,32,0.015,"[0, 0, 0, 0, 0, 0, 0, 0, 0, 0, 0, 0, 0, 0, 0, 0, 0, 0, 0]"
1528,50,1477440,A,0.003,0.75,180,0.9,14,11,32,0.155,"[0, 0, 0, 0, 0, 0, 0, 0, 7, 48, 65, 55, 53, 71, 56, 60, 72, 63, 58]"
1529,50,1477440,A,0.003,0.75,180,0.9,14,11,32,0.16,"[0, 0, 0, 0, 17, 52, 2, 58, 44, 67, 61, 60, 49, 74, 67, 59, 59, 57, 40]"
1526,50,1477440,A,0.003,0.75,180,0.9,14,11,32,0.145,"[0, 0, 0, 0, 19, 30, 34, 58, 61, 61, 51, 51, 52, 57, 64, 69, 70, 66, 29]"
1541,51,1477440,A,0.003,0.75,180,0.9,14,11,32,0.07,"[0, 0, 0, 0, 2, 2, 0, 0, 1, 0, 2, 3, 0, 0, 0, 0, 0, 0, 0]"
1535,51,1477440,A,0.003,0.75,180,0.9,14,11,32,0.035,"[0, 0, 0, 0, 0, 0, 0, 0, 0, 0, 0, 0, 0, 0, 0, 0, 0, 0, 0]"
1536,51,1477440,A,0.003,0.75,180,0.9,14,11,32,0.045,"[0, 0, 0, 0, 0, 0, 0, 0, 0, 0, 0, 0, 0, 0, 0, 0, 0, 0, 0]"
1537,51,1477440,A,0.003,0.75,180,0.9,14,11,32,0.05,"[0, 0, 0, 0, 1, 0, 0, 0, 0, 0, 0, 0, 0, 0, 0, 0, 0, 0, 0]"
1539,51,1477440,A,0.003,0.75,180,0.9,14,11,32,0.06,"[0, 0, 0, 0, 0, 0, 0, 0, 0, 0, 0, 0, 0, 0, 0, 0, 0, 0, 0]"
1543,51,1477440,A,0.003,0.75,180,0.9,14,11,32,0.08,"[0, 0, 0, 0, 0, 0, 0, 0, 0, 0, 0, 0, 0, 0, 0, 0, 0, 0, 0]"
1538,51,1477440,A,0.003,0.75,180,0.9,14,11,32,0.055,"[0, 0, 0, 0, 0, 0, 0, 0, 0, 0, 0, 0, 0, 0, 0, 0, 0, 0, 0]"
1540,51,1477440,A,0.003,0.75,180,0.9,14,11,32,0.065,"[0, 0, 0, 0, 0, 0, 0, 0, 0, 0, 0, 0, 0, 0, 0, 0, 0, 0, 0]"
1544,51,1477440,A,0.003,0.75,180,0.9,14,11,32,0.085,"[0, 0, 0, 0, 0, 0, 0, 0, 0, 0, 0, 0, 0, 0, 0, 0, 0, 0, 0]"
1542,51,1477440,A,0.003,0.75,180,0.9,14,11,32,0.075,"[0, 0, 0, 0, 0, 0, 0, 0, 0, 0, 0, 0, 0, 0, 0, 0, 0, 0, 0]"
1545,51,1477440,A,0.003,0.75,180,0.9,14,11,32,0.09,"[0, 0, 0, 0, 0, 0, 0, 0, 0, 0, 0, 0, 0, 0, 0, 0, 2, 5, 2]"
1546,51,1477440,A,0.003,0.75,180,0.9,14,11,32,0.095,"[0, 0, 0, 0, 0, 0, 0, 0, 2, 13, 21, 17, 0, 0, 0, 0, 0, 0, 0]"
1547,51,1477440,A,0.003,0.75,180,0.9,14,11,32,0.1,"[0, 0, 0, 0, 0, 0, 0, 0, 0, 0, 0, 0, 0, 0, 0, 0, 0, 0, 0]"
1548,51,1477440,A,0.003,0.75,180,0.9,14,11,32,0.105,"[0, 0, 0, 0, 0, 0, 0, 0, 10, 22, 17, 19, 5, 24, 32, 26, 29, 33, 9]"
1549,51,1477440,A,0.003,0.75,180,0.9,14,11,32,0.11,"[0, 0, 0, 0, 0, 0, 0, 0, 0, 0, 0, 0, 0, 0, 0, 0, 0, 0, 0]"
1551,51,1477440,A,0.003,0.75,180,0.9,14,11,32,0.12,"[0, 0, 0, 0, 0, 0, 0, 0, 1, 0, 0, 0, 0, 0, 0, 0, 0, 0, 0]"
1550,51,1477440,A,0.003,0.75,180,0.9,14,11,32,0.115,"[0, 0, 0, 0, 0, 0, 0, 0, 0, 0, 0, 0, 0, 0, 0, 0, 0, 0, 0]"
1552,51,1477440,A,0.003,0.75,180,0.9,14,11,32,0.125,"[0, 0, 1, 0, 0, 0, 0, 0, 0, 0, 0, 0, 0, 0, 0, 0, 0, 0, 0]"
1553,51,1477440,A,0.003,0.75,180,0.9,14,11,32,0.13,"[0, 0, 0, 0, 0, 0, 0, 0, 1, 0, 0, 0, 0, 0, 0, 0, 9, 35, 26]"
1555,51,1477440,A,0.003,0.75,180,0.9,14,11,32,0.14,"[0, 0, 0, 0, 0, 0, 0, 0, 16, 63, 58, 56, 40, 62, 61, 53, 61, 56, 35]"
1554,51,1477440,A,0.003,0.75,180,0.9,14,11,32,0.135,"[0, 0, 0, 0, 5, 14, 17, 21, 45, 63, 63, 61, 31, 57, 55, 42, 57, 61, 38]"
1561,52,1477440,A,0.003,0.75,180,0.9,14,11,32,0.015,"[0, 0, 0, 0, 0, 0, 0, 0, 0, 0, 0, 0, 0, 0, 0, 0, 0, 0, 0]"
1556,51,1477440,A,0.003,0.75,180,0.9,14,11,32,0.145,"[0, 0, 17, 41, 57, 60, 44, 53, 65, 65, 57, 60, 33, 62, 64, 61, 53, 58, 42]"
1560,52,1477440,A,0.003,0.75,180,0.9,14,11,32,0.01,"[0, 0, 0, 0, 0, 0, 0, 0, 0, 0, 0, 0, 0, 0, 0, 0, 0, 0, 0]"
1557,51,1477440,A,0.003,0.75,180,0.9,14,11,32,0.15,"[0, 0, 0, 0, 25, 36, 37, 54, 74, 64, 51, 75, 41, 45, 68, 55, 49, 61, 44]"
1566,52,1477440,A,0.003,0.75,180,0.9,14,11,32,0.045,"[0, 0, 0, 0, 0, 0, 0, 0, 0, 0, 0, 0, 0, 0, 0, 0, 0, 0, 0]"
1558,51,1477440,A,0.003,0.75,180,0.9,14,11,32,0.155,"[0, 0, 0, 0, 0, 0, 0, 0, 32, 50, 61, 51, 39, 65, 52, 60, 55, 56, 22]"
1563,52,1477440,A,0.003,0.75,180,0.9,14,11,32,0.025,"[0, 0, 0, 0, 0, 0, 0, 0, 0, 0, 0, 0, 0, 0, 0, 0, 0, 0, 0]"
1562,52,1477440,A,0.003,0.75,180,0.9,14,11,32,0.02,"[0, 0, 0, 0, 0, 0, 0, 0, 0, 0, 0, 0, 0, 0, 0, 0, 0, 0, 0]"
1559,51,1477440,A,0.003,0.75,180,0.9,14,11,32,0.16,"[0, 0, 5, 11, 29, 57, 46, 68, 52, 65, 64, 66, 42, 59, 62, 66, 65, 65, 60]"
1564,52,1477440,A,0.003,0.75,180,0.9,14,11,32,0.03,"[0, 0, 0, 0, 0, 0, 0, 0, 0, 0, 0, 0, 0, 0, 0, 0, 0, 0, 0]"
1565,52,1477440,A,0.003,0.75,180,0.9,14,11,32,0.035,"[0, 0, 0, 0, 0, 0, 0, 0, 0, 0, 0, 0, 0, 0, 0, 0, 0, 0, 0]"
1573,52,1477440,A,0.003,0.75,180,0.9,14,11,32,0.08,"[0, 0, 0, 0, 0, 0, 0, 0, 0, 0, 0, 0, 0, 0, 0, 0, 0, 0, 0]"
1571,52,1477440,A,0.003,0.75,180,0.9,14,11,32,0.07,"[0, 0, 0, 0, 0, 0, 0, 0, 0, 0, 0, 0, 0, 0, 0, 0, 0, 0, 0]"
1577,52,1477440,A,0.003,0.75,180,0.9,14,11,32,0.1,"[0, 0, 0, 0, 0, 0, 0, 0, 0, 0, 0, 0, 0, 0, 0, 0, 0, 0, 0]"
1570,52,1477440,A,0.003,0.75,180,0.9,14,11,32,0.065,"[0, 0, 0, 0, 0, 0, 0, 0, 0, 0, 0, 0, 0, 0, 0, 0, 0, 0, 0]"
1569,52,1477440,A,0.003,0.75,180,0.9,14,11,32,0.06,"[0, 0, 0, 0, 0, 0, 0, 0, 0, 0, 0, 0, 0, 0, 0, 0, 3, 4, 2]"
1568,52,1477440,A,0.003,0.75,180,0.9,14,11,32,0.055,"[0, 0, 0, 0, 0, 0, 0, 0, 0, 0, 2, 4, 0, 0, 0, 0, 0, 0, 0]"
1567,52,1477440,A,0.003,0.75,180,0.9,14,11,32,0.05,"[0, 0, 0, 0, 0, 0, 0, 0, 0, 0, 0, 0, 0, 0, 0, 0, 0, 0, 0]"
1572,52,1477440,A,0.003,0.75,180,0.9,14,11,32,0.075,"[0, 0, 0, 0, 0, 0, 0, 0, 1, 3, 3, 11, 2, 4, 1, 8, 5, 7, 0]"
1575,52,1477440,A,0.003,0.75,180,0.9,14,11,32,0.09,"[0, 0, 0, 0, 0, 0, 0, 0, 0, 0, 0, 0, 0, 0, 0, 0, 1, 0, 0]"
1580,52,1477440,A,0.003,0.75,180,0.9,14,11,32,0.115,"[0, 0, 0, 0, 0, 0, 0, 0, 0, 0, 0, 0, 0, 0, 0, 0, 0, 0, 0]"
1579,52,1477440,A,0.003,0.75,180,0.9,14,11,32,0.11,"[0, 0, 0, 0, 0, 0, 0, 0, 10, 18, 33, 34, 17, 28, 38, 39, 47, 51, 3]"
1583,52,1477440,A,0.003,0.75,180,0.9,14,11,32,0.13,"[0, 0, 0, 0, 0, 0, 0, 0, 0, 0, 0, 0, 0, 0, 0, 0, 4, 33, 10]"
1574,52,1477440,A,0.003,0.75,180,0.9,14,11,32,0.085,"[0, 0, 0, 0, 0, 0, 0, 0, 0, 0, 0, 0, 0, 0, 0, 0, 0, 0, 0]"
1578,52,1477440,A,0.003,0.75,180,0.9,14,11,32,0.105,"[0, 0, 0, 0, 0, 0, 0, 0, 0, 0, 0, 0, 0, 0, 0, 0, 0, 0, 0]"
1581,52,1477440,A,0.003,0.75,180,0.9,14,11,32,0.12,"[0, 0, 0, 0, 0, 0, 0, 0, 1, 0, 0, 0, 0, 0, 0, 0, 0, 0, 0]"
1576,52,1477440,A,0.003,0.75,180,0.9,14,11,32,0.095,"[0, 0, 0, 0, 0, 0, 0, 0, 0, 0, 0, 3, 0, 0, 0, 0, 0, 0, 0]"
1582,52,1477440,A,0.003,0.75,180,0.9,14,11,32,0.125,"[0, 0, 0, 0, 0, 0, 0, 0, 0, 0, 0, 0, 0, 0, 0, 0, 0, 0, 0]"
1584,52,1477440,A,0.003,0.75,180,0.9,14,11,32,0.135,"[0, 0, 0, 0, 0, 0, 0, 0, 0, 0, 0, 0, 0, 0, 0, 0, 0, 0, 0]"
1585,52,1477440,A,0.003,0.75,180,0.9,14,11,32,0.14,"[0, 0, 0, 0, 0, 0, 0, 0, 50, 62, 45, 57, 26, 57, 49, 59, 47, 64, 37]"
1586,52,1477440,A,0.003,0.75,180,0.9,14,11,32,0.145,"[0, 0, 0, 0, 0, 0, 0, 0, 0, 0, 7, 36, 46, 71, 58, 60, 52, 72, 28]"
1589,52,1477440,A,0.003,0.75,180,0.9,14,11,32,0.16,"[0, 0, 0, 0, 0, 0, 0, 0, 0, 0, 0, 0, 0, 0, 0, 0, 0, 0, 0]"
1587,52,1477440,A,0.003,0.75,180,0.9,14,11,32,0.15,"[0, 0, 30, 47, 54, 52, 53, 59, 59, 58, 64, 65, 37, 76, 54, 63, 55, 71, 47]"
1591,53,1477440,A,0.003,0.75,180,0.9,14,11,32,0.015,"[0, 0, 0, 0, 0, 0, 0, 0, 0, 0, 0, 0, 0, 0, 0, 0, 0, 0, 0]"
1590,53,1477440,A,0.003,0.75,180,0.9,14,11,32,0.01,"[0, 0, 0, 0, 0, 0, 0, 0, 0, 0, 0, 0, 0, 0, 0, 0, 0, 0, 0]"
1593,53,1477440,A,0.003,0.75,180,0.9,14,11,32,0.025,"[0, 0, 0, 0, 0, 0, 0, 0, 0, 0, 0, 0, 0, 0, 0, 0, 0, 0, 0]"
1592,53,1477440,A,0.003,0.75,180,0.9,14,11,32,0.02,"[0, 0, 0, 0, 0, 0, 0, 0, 0, 0, 0, 0, 0, 0, 0, 0, 0, 0, 0]"
1588,52,1477440,A,0.003,0.75,180,0.9,14,11,32,0.155,"[0, 0, 0, 0, 0, 0, 0, 0, 0, 0, 12, 48, 53, 50, 67, 59, 70, 59, 50]"
1594,53,1477440,A,0.003,0.75,180,0.9,14,11,32,0.03,"[0, 0, 0, 0, 0, 0, 0, 0, 0, 0, 0, 0, 0, 0, 0, 0, 0, 0, 0]"
1595,53,1477440,A,0.003,0.75,180,0.9,14,11,32,0.035,"[0, 0, 0, 0, 0, 0, 0, 0, 0, 0, 0, 0, 0, 0, 0, 0, 0, 0, 0]"
1597,53,1477440,A,0.003,0.75,180,0.9,14,11,32,0.05,"[0, 0, 0, 0, 0, 0, 0, 0, 0, 0, 0, 0, 0, 0, 0, 0, 0, 0, 0]"
1596,53,1477440,A,0.003,0.75,180,0.9,14,11,32,0.045,"[0, 0, 0, 0, 0, 0, 0, 0, 0, 0, 0, 0, 0, 0, 0, 0, 0, 0, 0]"
1598,53,1477440,A,0.003,0.75,180,0.9,14,11,32,0.055,"[0, 0, 0, 0, 0, 0, 0, 0, 0, 0, 0, 0, 0, 0, 0, 0, 0, 0, 0]"
1599,53,1477440,A,0.003,0.75,180,0.9,14,11,32,0.06,"[0, 0, 0, 0, 0, 0, 0, 0, 0, 0, 0, 0, 0, 0, 0, 0, 0, 0, 0]"
1600,53,1477440,A,0.003,0.75,180,0.9,14,11,32,0.065,"[0, 0, 0, 4, 3, 5, 0, 0, 0, 0, 0, 0, 0, 0, 0, 0, 0, 0, 0]"
1601,53,1477440,A,0.003,0.75,180,0.9,14,11,32,0.07,"[0, 0, 0, 0, 0, 0, 0, 0, 0, 0, 0, 0, 0, 0, 0, 0, 1, 0, 0]"
1602,53,1477440,A,0.003,0.75,180,0.9,14,11,32,0.075,"[0, 0, 0, 0, 0, 0, 0, 0, 0, 0, 0, 0, 0, 0, 0, 0, 0, 0, 0]"
1603,53,1477440,A,0.003,0.75,180,0.9,14,11,32,0.08,"[0, 0, 0, 0, 0, 0, 0, 0, 2, 10, 16, 16, 10, 23, 22, 19, 22, 25, 7]"
1604,53,1477440,A,0.003,0.75,180,0.9,14,11,32,0.085,"[0, 0, 0, 0, 0, 0, 0, 0, 0, 0, 0, 0, 0, 0, 0, 0, 0, 0, 0]"
1607,53,1477440,A,0.003,0.75,180,0.9,14,11,32,0.1,"[0, 0, 0, 0, 0, 0, 0, 0, 0, 0, 0, 0, 0, 0, 0, 0, 0, 0, 0]"
1605,53,1477440,A,0.003,0.75,180,0.9,14,11,32,0.09,"[0, 0, 0, 0, 0, 0, 0, 0, 5, 17, 23, 28, 9, 13, 16, 29, 37, 33, 16]"
1606,53,1477440,A,0.003,0.75,180,0.9,14,11,32,0.095,"[0, 0, 0, 0, 0, 0, 0, 0, 0, 0, 0, 0, 0, 0, 0, 0, 0, 0, 0]"
1610,53,1477440,A,0.003,0.75,180,0.9,14,11,32,0.115,"[0, 0, 11, 6, 11, 22, 33, 28, 44, 38, 37, 53, 17, 28, 47, 40, 54, 46, 33]"
1608,53,1477440,A,0.003,0.75,180,0.9,14,11,32,0.105,"[0, 0, 0, 0, 0, 0, 0, 0, 0, 0, 0, 0, 0, 0, 0, 0, 0, 0, 0]"
1609,53,1477440,A,0.003,0.75,180,0.9,14,11,32,0.11,"[0, 0, 0, 0, 0, 0, 0, 0, 0, 0, 0, 0, 0, 0, 0, 0, 0, 0, 0]"
1612,53,1477440,A,0.003,0.75,180,0.9,14,11,32,0.125,"[0, 0, 0, 0, 0, 0, 0, 0, 0, 0, 0, 0, 0, 0, 0, 0, 0, 0, 0]"
1614,53,1477440,A,0.003,0.75,180,0.9,14,11,32,0.135,"[0, 0, 0, 0, 0, 0, 0, 0, 0, 0, 20, 53, 10, 15, 31, 60, 54, 53, 43]"
1611,53,1477440,A,0.003,0.75,180,0.9,14,11,32,0.12,"[0, 0, 0, 0, 0, 0, 0, 0, 0, 0, 0, 0, 0, 0, 0, 0, 0, 0, 0]"
1613,53,1477440,A,0.003,0.75,180,0.9,14,11,32,0.13,"[0, 0, 0, 0, 0, 0, 0, 0, 0, 0, 9, 50, 44, 61, 51, 53, 46, 62, 36]"
1626,54,1477440,A,0.003,0.75,180,0.9,14,11,32,0.045,"[0, 0, 0, 0, 0, 0, 0, 0, 0, 0, 0, 0, 0, 0, 0, 0, 0, 0, 0]"
1621,54,1477440,A,0.003,0.75,180,0.9,14,11,32,0.015,"[0, 0, 0, 0, 0, 0, 0, 0, 0, 0, 0, 0, 0, 0, 0, 0, 0, 0, 0]"
1622,54,1477440,A,0.003,0.75,180,0.9,14,11,32,0.02,"[0, 0, 0, 0, 0, 0, 0, 0, 0, 0, 0, 0, 0, 0, 0, 0, 0, 0, 0]"
1615,53,1477440,A,0.003,0.75,180,0.9,14,11,32,0.14,"[0, 0, 16, 38, 67, 59, 46, 55, 53, 67, 62, 69, 35, 54, 59, 51, 57, 55, 42]"
1625,54,1477440,A,0.003,0.75,180,0.9,14,11,32,0.035,"[0, 0, 0, 0, 0, 0, 0, 0, 0, 0, 2, 0, 0, 0, 0, 0, 0, 0, 0]"
1617,53,1477440,A,0.003,0.75,180,0.9,14,11,32,0.15,"[0, 0, 8, 62, 52, 66, 52, 64, 52, 59, 58, 66, 47, 68, 60, 55, 55, 63, 37]"
1618,53,1477440,A,0.003,0.75,180,0.9,14,11,32,0.155,"[0, 0, 0, 0, 0, 0, 0, 0, 12, 25, 42, 75, 54, 56, 51, 65, 71, 61, 58]"
1620,54,1477440,A,0.003,0.75,180,0.9,14,11,32,0.01,"[0, 0, 0, 0, 0, 0, 0, 0, 0, 0, 0, 0, 0, 0, 0, 0, 0, 0, 0]"
1619,53,1477440,A,0.003,0.75,180,0.9,14,11,32,0.16,"[0, 0, 16, 43, 69, 63, 32, 58, 58, 74, 57, 72, 52, 53, 65, 54, 69, 53, 44]"
1616,53,1477440,A,0.003,0.75,180,0.9,14,11,32,0.145,"[0, 0, 0, 0, 0, 0, 0, 0, 1, 0, 0, 0, 0, 0, 0, 0, 0, 0, 0]"
1623,54,1477440,A,0.003,0.75,180,0.9,14,11,32,0.025,"[0, 0, 0, 0, 0, 0, 0, 0, 0, 0, 0, 0, 0, 0, 0, 0, 0, 0, 0]"
1624,54,1477440,A,0.003,0.75,180,0.9,14,11,32,0.03,"[0, 0, 0, 0, 0, 0, 0, 0, 0, 0, 0, 1, 0, 3, 1, 1, 1, 2, 0]"
1627,54,1477440,A,0.003,0.75,180,0.9,14,11,32,0.05,"[0, 0, 0, 0, 0, 0, 0, 0, 0, 0, 0, 0, 0, 0, 0, 0, 0, 0, 0]"
1629,54,1477440,A,0.003,0.75,180,0.9,14,11,32,0.06,"[0, 0, 0, 0, 0, 0, 0, 0, 0, 0, 0, 0, 0, 0, 0, 0, 0, 0, 0]"
1632,54,1477440,A,0.003,0.75,180,0.9,14,11,32,0.075,"[0, 0, 0, 0, 0, 0, 0, 0, 0, 0, 0, 0, 0, 0, 0, 0, 0, 0, 0]"
1628,54,1477440,A,0.003,0.75,180,0.9,14,11,32,0.055,"[0, 0, 0, 0, 0, 0, 0, 0, 0, 0, 3, 4, 0, 0, 0, 0, 1, 0, 0]"
1631,54,1477440,A,0.003,0.75,180,0.9,14,11,32,0.07,"[0, 0, 0, 0, 0, 0, 0, 0, 0, 0, 0, 0, 0, 0, 0, 0, 0, 0, 0]"
1630,54,1477440,A,0.003,0.75,180,0.9,14,11,32,0.065,"[0, 0, 0, 0, 0, 0, 0, 0, 0, 0, 0, 0, 0, 0, 0, 0, 0, 0, 0]"
1634,54,1477440,A,0.003,0.75,180,0.9,14,11,32,0.085,"[0, 0, 0, 0, 1, 0, 0, 0, 0, 0, 0, 0, 0, 0, 0, 0, 0, 0, 0]"
1633,54,1477440,A,0.003,0.75,180,0.9,14,11,32,0.08,"[0, 0, 0, 0, 0, 0, 0, 0, 0, 0, 0, 0, 0, 0, 0, 0, 0, 0, 0]"
1636,54,1477440,A,0.003,0.75,180,0.9,14,11,32,0.095,"[0, 0, 0, 0, 0, 0, 0, 0, 0, 0, 3, 3, 0, 0, 0, 0, 0, 0, 0]"
1635,54,1477440,A,0.003,0.75,180,0.9,14,11,32,0.09,"[0, 0, 0, 0, 0, 0, 0, 0, 0, 0, 1, 7, 0, 0, 0, 0, 0, 0, 0]"
1643,54,1477440,A,0.003,0.75,180,0.9,14,11,32,0.13,"[0, 0, 0, 0, 0, 0, 0, 0, 0, 0, 0, 0, 0, 0, 0, 0, 8, 34, 18]"
1639,54,1477440,A,0.003,0.75,180,0.9,14,11,32,0.11,"[0, 0, 0, 0, 0, 0, 0, 0, 0, 0, 0, 0, 0, 0, 0, 0, 0, 0, 0]"
1642,54,1477440,A,0.003,0.75,180,0.9,14,11,32,0.125,"[0, 0, 0, 0, 0, 0, 0, 0, 0, 0, 0, 0, 0, 0, 0, 0, 0, 0, 0]"
1637,54,1477440,A,0.003,0.75,180,0.9,14,11,32,0.1,"[0, 0, 0, 0, 1, 0, 0, 0, 0, 0, 2, 6, 4, 10, 10, 10, 21, 22, 1]"
1640,54,1477440,A,0.003,0.75,180,0.9,14,11,32,0.115,"[0, 0, 0, 0, 0, 0, 0, 0, 0, 0, 8, 27, 8, 33, 44, 61, 53, 43, 21]"
1638,54,1477440,A,0.003,0.75,180,0.9,14,11,32,0.105,"[0, 0, 0, 0, 8, 17, 4, 19, 43, 44, 56, 53, 10, 28, 34, 40, 50, 49, 22]"
1644,54,1477440,A,0.003,0.75,180,0.9,14,11,32,0.135,"[0, 0, 0, 0, 1, 0, 0, 0, 0, 0, 0, 0, 0, 0, 0, 0, 0, 0, 0]"
1641,54,1477440,A,0.003,0.75,180,0.9,14,11,32,0.12,"[0, 0, 7, 34, 40, 54, 20, 55, 52, 53, 53, 62, 38, 34, 47, 43, 44, 57, 12]"
1645,54,1477440,A,0.003,0.75,180,0.9,14,11,32,0.14,"[0, 0, 0, 0, 0, 0, 0, 0, 34, 57, 61, 64, 37, 52, 59, 61, 55, 52, 15]"
1646,54,1477440,A,0.003,0.75,180,0.9,14,11,32,0.145,"[0, 0, 0, 0, 0, 0, 0, 0, 0, 0, 43, 54, 44, 57, 65, 63, 61, 69, 35]"
1647,54,1477440,A,0.003,0.75,180,0.9,14,11,32,0.15,"[0, 0, 0, 0, 0, 0, 0, 0, 39, 65, 77, 58, 55, 66, 55, 50, 54, 60, 44]"
1649,54,1477440,A,0.003,0.75,180,0.9,14,11,32,0.16,"[0, 0, 36, 62, 67, 69, 63, 61, 66, 63, 77, 73, 56, 59, 66, 61, 68, 63, 51]"
1648,54,1477440,A,0.003,0.75,180,0.9,14,11,32,0.155,"[0, 0, 0, 0, 3, 50, 62, 66, 55, 53, 45, 59, 7, 40, 62, 53, 59, 71, 46]"
1651,55,1477440,A,0.003,0.75,180,0.9,14,11,32,0.015,"[0, 0, 0, 0, 0, 0, 0, 0, 0, 0, 0, 0, 0, 0, 0, 0, 0, 0, 0]"
1650,55,1477440,A,0.003,0.75,180,0.9,14,11,32,0.01,"[0, 0, 0, 0, 0, 0, 0, 0, 0, 0, 0, 0, 0, 0, 0, 0, 0, 0, 0]"
1655,55,1477440,A,0.003,0.75,180,0.9,14,11,32,0.035,"[0, 0, 0, 0, 0, 0, 0, 0, 0, 0, 0, 0, 0, 0, 0, 0, 0, 0, 0]"
1653,55,1477440,A,0.003,0.75,180,0.9,14,11,32,0.025,"[0, 0, 0, 0, 0, 0, 0, 0, 0, 0, 0, 1, 0, 1, 1, 0, 1, 0, 0]"
1652,55,1477440,A,0.003,0.75,180,0.9,14,11,32,0.02,"[0, 0, 0, 0, 0, 0, 0, 0, 0, 0, 0, 0, 0, 0, 0, 0, 0, 0, 0]"
1657,55,1477440,A,0.003,0.75,180,0.9,14,11,32,0.05,"[0, 0, 0, 2, 1, 0, 0, 0, 0, 0, 0, 0, 0, 0, 0, 0, 0, 0, 0]"
1654,55,1477440,A,0.003,0.75,180,0.9,14,11,32,0.03,"[0, 0, 0, 0, 0, 0, 0, 0, 0, 0, 0, 0, 0, 0, 0, 0, 0, 0, 0]"
1656,55,1477440,A,0.003,0.75,180,0.9,14,11,32,0.045,"[0, 0, 0, 0, 0, 0, 0, 0, 0, 0, 0, 0, 0, 0, 0, 0, 0, 0, 0]"
1661,55,1477440,A,0.003,0.75,180,0.9,14,11,32,0.07,"[0, 0, 0, 0, 0, 0, 0, 0, 0, 0, 0, 0, 0, 0, 0, 0, 0, 0, 0]"
1658,55,1477440,A,0.003,0.75,180,0.9,14,11,32,0.055,"[0, 0, 0, 0, 0, 0, 0, 0, 0, 0, 0, 0, 0, 0, 0, 0, 0, 0, 0]"
1660,55,1477440,A,0.003,0.75,180,0.9,14,11,32,0.065,"[0, 0, 0, 0, 0, 0, 0, 0, 0, 0, 1, 0, 0, 0, 0, 0, 0, 0, 0]"
1659,55,1477440,A,0.003,0.75,180,0.9,14,11,32,0.06,"[0, 0, 0, 0, 0, 0, 0, 0, 0, 0, 0, 0, 0, 0, 0, 0, 0, 0, 0]"
1663,55,1477440,A,0.003,0.75,180,0.9,14,11,32,0.08,"[0, 0, 0, 0, 0, 0, 0, 0, 0, 0, 2, 7, 0, 0, 0, 0, 0, 0, 0]"
1662,55,1477440,A,0.003,0.75,180,0.9,14,11,32,0.075,"[0, 0, 0, 0, 0, 0, 0, 0, 0, 0, 7, 8, 0, 0, 0, 0, 3, 10, 0]"
1664,55,1477440,A,0.003,0.75,180,0.9,14,11,32,0.085,"[0, 0, 0, 0, 1, 4, 4, 18, 21, 15, 15, 14, 4, 4, 14, 26, 21, 24, 5]"
1666,55,1477440,A,0.003,0.75,180,0.9,14,11,32,0.095,"[0, 0, 2, 11, 22, 23, 4, 4, 17, 27, 31, 30, 6, 5, 9, 18, 25, 29, 3]"
1669,55,1477440,A,0.003,0.75,180,0.9,14,11,32,0.11,"[0, 0, 0, 0, 0, 0, 0, 0, 0, 0, 0, 0, 0, 0, 0, 0, 0, 0, 0]"
1668,55,1477440,A,0.003,0.75,180,0.9,14,11,32,0.105,"[0, 0, 0, 0, 0, 0, 0, 0, 0, 0, 0, 0, 0, 0, 0, 0, 0, 0, 0]"
1667,55,1477440,A,0.003,0.75,180,0.9,14,11,32,0.1,"[0, 0, 0, 0, 0, 0, 0, 0, 0, 0, 0, 0, 0, 0, 0, 0, 0, 0, 0]"
1671,55,1477440,A,0.003,0.75,180,0.9,14,11,32,0.12,"[0, 0, 7, 18, 18, 18, 17, 47, 43, 53, 51, 52, 33, 49, 47, 62, 43, 60, 22]"
1670,55,1477440,A,0.003,0.75,180,0.9,14,11,32,0.115,"[0, 0, 0, 0, 0, 0, 0, 0, 0, 7, 16, 32, 21, 49, 36, 46, 48, 52, 24]"
1673,55,1477440,A,0.003,0.75,180,0.9,14,11,32,0.13,"[0, 0, 0, 0, 0, 0, 0, 0, 0, 0, 0, 0, 0, 0, 0, 0, 0, 0, 0]"
1680,56,1477440,A,0.003,0.75,180,0.9,14,11,32,0.01,"[0, 0, 0, 0, 0, 0, 0, 0, 0, 0, 0, 0, 0, 0, 0, 0, 0, 0, 0]"
1678,55,1477440,A,0.003,0.75,180,0.9,14,11,32,0.155,"[0, 0, 0, 0, 0, 0, 0, 0, 7, 11, 25, 53, 54, 55, 70, 63, 56, 59, 48]"
1676,55,1477440,A,0.003,0.75,180,0.9,14,11,32,0.145,"[0, 0, 0, 0, 0, 0, 0, 0, 0, 0, 0, 0, 0, 0, 0, 0, 0, 0, 0]"
1674,55,1477440,A,0.003,0.75,180,0.9,14,11,32,0.135,"[0, 0, 6, 39, 58, 65, 30, 45, 63, 60, 57, 53, 40, 71, 53, 65, 54, 60, 51]"
1665,55,1477440,A,0.003,0.75,180,0.9,14,11,32,0.09,"[0, 0, 1, 10, 26, 31, 6, 12, 15, 21, 20, 23, 3, 13, 19, 28, 21, 23, 6]"
1672,55,1477440,A,0.003,0.75,180,0.9,14,11,32,0.125,"[0, 0, 15, 45, 27, 35, 31, 43, 51, 55, 51, 59, 42, 52, 45, 60, 56, 50, 29]"
1681,56,1477440,A,0.003,0.75,180,0.9,14,11,32,0.015,"[0, 0, 0, 0, 0, 0, 0, 0, 0, 0, 0, 0, 0, 0, 0, 0, 0, 0, 0]"
1677,55,1477440,A,0.003,0.75,180,0.9,14,11,32,0.15,"[0, 0, 0, 0, 0, 0, 0, 0, 0, 0, 5, 33, 36, 65, 62, 61, 55, 61, 39]"
1682,56,1477440,A,0.003,0.75,180,0.9,14,11,32,0.02,"[0, 0, 0, 0, 0, 0, 0, 0, 0, 0, 0, 0, 0, 0, 0, 0, 0, 0, 0]"
1684,56,1477440,A,0.003,0.75,180,0.9,14,11,32,0.03,"[0, 0, 0, 0, 0, 0, 0, 0, 0, 0, 0, 0, 0, 0, 0, 0, 0, 0, 0]"
1675,55,1477440,A,0.003,0.75,180,0.9,14,11,32,0.14,"[0, 0, 4, 30, 50, 63, 12, 43, 68, 62, 65, 69, 21, 34, 48, 54, 57, 56, 37]"
1679,55,1477440,A,0.003,0.75,180,0.9,14,11,32,0.16,"[0, 0, 0, 0, 0, 0, 0, 0, 0, 0, 0, 0, 0, 0, 0, 0, 0, 0, 0]"
1683,56,1477440,A,0.003,0.75,180,0.9,14,11,32,0.025,"[0, 0, 0, 0, 0, 0, 0, 0, 0, 0, 0, 0, 0, 0, 0, 0, 0, 0, 0]"
1687,56,1477440,A,0.003,0.75,180,0.9,14,11,32,0.05,"[0, 0, 0, 0, 0, 0, 0, 0, 0, 0, 0, 0, 0, 0, 0, 0, 0, 0, 0]"
1688,56,1477440,A,0.003,0.75,180,0.9,14,11,32,0.055,"[0, 0, 0, 0, 0, 0, 0, 0, 0, 0, 0, 0, 0, 0, 0, 0, 0, 0, 0]"
1689,56,1477440,A,0.003,0.75,180,0.9,14,11,32,0.06,"[0, 0, 0, 0, 0, 0, 0, 0, 0, 0, 0, 0, 0, 0, 0, 0, 0, 0, 0]"
1686,56,1477440,A,0.003,0.75,180,0.9,14,11,32,0.045,"[0, 0, 0, 0, 0, 0, 0, 0, 0, 0, 0, 0, 0, 0, 0, 0, 0, 0, 0]"
1685,56,1477440,A,0.003,0.75,180,0.9,14,11,32,0.035,"[0, 0, 0, 0, 0, 0, 0, 0, 0, 0, 0, 0, 0, 0, 0, 0, 0, 0, 0]"
1692,56,1477440,A,0.003,0.75,180,0.9,14,11,32,0.075,"[0, 0, 0, 0, 0, 0, 0, 0, 0, 0, 4, 4, 7, 5, 5, 5, 5, 4, 0]"
1690,56,1477440,A,0.003,0.75,180,0.9,14,11,32,0.065,"[0, 0, 0, 0, 0, 0, 0, 0, 0, 0, 0, 0, 0, 0, 0, 0, 0, 0, 0]"
1693,56,1477440,A,0.003,0.75,180,0.9,14,11,32,0.08,"[0, 0, 0, 0, 0, 0, 0, 0, 1, 7, 6, 8, 0, 0, 0, 0, 0, 0, 0]"
1691,56,1477440,A,0.003,0.75,180,0.9,14,11,32,0.07,"[0, 0, 0, 0, 0, 0, 0, 0, 0, 0, 0, 0, 0, 0, 0, 0, 0, 0, 0]"
1694,56,1477440,A,0.003,0.75,180,0.9,14,11,32,0.085,"[0, 0, 0, 0, 0, 0, 0, 0, 0, 0, 0, 0, 0, 0, 0, 0, 0, 0, 0]"
1696,56,1477440,A,0.003,0.75,180,0.9,14,11,32,0.095,"[0, 0, 0, 0, 0, 0, 0, 0, 0, 0, 7, 11, 4, 3, 3, 3, 15, 21, 7]"
1697,56,1477440,A,0.003,0.75,180,0.9,14,11,32,0.1,"[0, 0, 0, 0, 0, 0, 0, 0, 0, 0, 0, 0, 0, 0, 0, 0, 0, 0, 0]"
1695,56,1477440,A,0.003,0.75,180,0.9,14,11,32,0.09,"[0, 0, 0, 0, 0, 0, 0, 0, 2, 3, 8, 27, 2, 4, 9, 16, 15, 18, 0]"
1698,56,1477440,A,0.003,0.75,180,0.9,14,11,32,0.105,"[0, 0, 0, 0, 0, 0, 0, 0, 0, 0, 7, 8, 0, 0, 0, 0, 2, 3, 0]"
1699,56,1477440,A,0.003,0.75,180,0.9,14,11,32,0.11,"[0, 0, 0, 0, 0, 0, 0, 0, 0, 0, 0, 0, 0, 0, 0, 0, 0, 0, 0]"
1700,56,1477440,A,0.003,0.75,180,0.9,14,11,32,0.115,"[0, 0, 0, 0, 8, 40, 19, 33, 41, 53, 52, 51, 30, 47, 57, 57, 36, 59, 19]"
1702,56,1477440,A,0.003,0.75,180,0.9,14,11,32,0.125,"[0, 0, 0, 0, 0, 0, 0, 0, 0, 0, 0, 0, 0, 0, 0, 0, 0, 0, 0]"
1703,56,1477440,A,0.003,0.75,180,0.9,14,11,32,0.13,"[0, 0, 0, 0, 0, 0, 0, 0, 0, 0, 0, 0, 0, 0, 0, 0, 1, 0, 0]"
1701,56,1477440,A,0.003,0.75,180,0.9,14,11,32,0.12,"[0, 0, 0, 0, 2, 19, 21, 39, 59, 47, 54, 50, 26, 47, 56, 60, 47, 59, 0]"
1704,56,1477440,A,0.003,0.75,180,0.9,14,11,32,0.135,"[0, 0, 0, 0, 3, 29, 12, 27, 50, 51, 49, 57, 6, 18, 27, 38, 37, 57, 6]"
1705,56,1477440,A,0.003,0.75,180,0.9,14,11,32,0.14,"[0, 0, 0, 0, 0, 0, 0, 0, 0, 0, 26, 54, 43, 66, 58, 65, 60, 58, 39]"
1706,56,1477440,A,0.003,0.75,180,0.9,14,11,32,0.145,"[0, 0, 0, 0, 0, 0, 0, 0, 0, 0, 0, 0, 0, 0, 0, 0, 0, 0, 0]"
1707,56,1477440,A,0.003,0.75,180,0.9,14,11,32,0.15,"[0, 0, 0, 0, 0, 0, 0, 0, 0, 0, 0, 0, 0, 0, 0, 0, 10, 8, 0]"
1711,57,1477440,A,0.003,0.75,180,0.9,14,11,32,0.015,"[0, 0, 0, 0, 0, 0, 0, 0, 0, 0, 0, 0, 0, 0, 0, 0, 0, 0, 0]"
1712,57,1477440,A,0.003,0.75,180,0.9,14,11,32,0.02,"[0, 0, 0, 0, 0, 0, 0, 0, 0, 0, 0, 0, 0, 0, 0, 0, 0, 0, 0]"
1710,57,1477440,A,0.003,0.75,180,0.9,14,11,32,0.01,"[0, 0, 0, 0, 0, 0, 0, 0, 0, 0, 0, 0, 0, 0, 0, 0, 0, 0, 0]"
1716,57,1477440,A,0.003,0.75,180,0.9,14,11,32,0.045,"[0, 0, 0, 0, 0, 0, 0, 0, 0, 0, 0, 0, 0, 0, 0, 0, 0, 0, 0]"
1715,57,1477440,A,0.003,0.75,180,0.9,14,11,32,0.035,"[0, 0, 0, 0, 0, 0, 0, 0, 0, 0, 0, 0, 0, 0, 0, 0, 1, 0, 0]"
1709,56,1477440,A,0.003,0.75,180,0.9,14,11,32,0.16,"[0, 0, 0, 0, 37, 72, 61, 65, 60, 66, 61, 65, 47, 65, 58, 58, 60, 53, 1]"
1708,56,1477440,A,0.003,0.75,180,0.9,14,11,32,0.155,"[0, 0, 0, 0, 0, 0, 0, 0, 0, 0, 3, 9, 8, 40, 70, 64, 62, 57, 42]"
1713,57,1477440,A,0.003,0.75,180,0.9,14,11,32,0.025,"[0, 0, 0, 0, 0, 0, 0, 0, 0, 0, 0, 0, 0, 0, 0, 0, 0, 0, 0]"
1714,57,1477440,A,0.003,0.75,180,0.9,14,11,32,0.03,"[0, 0, 0, 0, 0, 0, 0, 0, 0, 0, 0, 0, 0, 0, 0, 0, 0, 0, 0]"
1719,57,1477440,A,0.003,0.75,180,0.9,14,11,32,0.06,"[0, 0, 0, 0, 0, 0, 0, 0, 0, 0, 0, 0, 0, 0, 0, 0, 0, 0, 0]"
1724,57,1477440,A,0.003,0.75,180,0.9,14,11,32,0.085,"[0, 0, 0, 0, 0, 0, 0, 0, 0, 0, 0, 0, 0, 0, 0, 0, 0, 0, 0]"
1723,57,1477440,A,0.003,0.75,180,0.9,14,11,32,0.08,"[0, 0, 0, 0, 0, 0, 0, 0, 0, 0, 0, 0, 0, 0, 0, 0, 0, 0, 0]"
1718,57,1477440,A,0.003,0.75,180,0.9,14,11,32,0.055,"[0, 0, 0, 0, 0, 0, 0, 0, 0, 0, 0, 0, 0, 0, 0, 0, 0, 0, 0]"
1731,57,1477440,A,0.003,0.75,180,0.9,14,11,32,0.12,"[0, 0, 0, 0, 0, 0, 0, 0, 0, 0, 0, 0, 0, 0, 0, 0, 0, 0, 0]"
1717,57,1477440,A,0.003,0.75,180,0.9,14,11,32,0.05,"[0, 0, 0, 0, 0, 0, 0, 0, 0, 0, 0, 0, 0, 0, 0, 0, 0, 0, 0]"
1728,57,1477440,A,0.003,0.75,180,0.9,14,11,32,0.105,"[0, 0, 0, 0, 0, 0, 0, 0, 0, 0, 0, 0, 0, 0, 0, 0, 0, 0, 0]"
1721,57,1477440,A,0.003,0.75,180,0.9,14,11,32,0.07,"[0, 0, 1, 0, 0, 0, 0, 0, 0, 0, 3, 5, 0, 0, 0, 0, 0, 0, 0]"
1720,57,1477440,A,0.003,0.75,180,0.9,14,11,32,0.065,"[0, 0, 0, 0, 0, 0, 0, 0, 0, 0, 1, 3, 1, 1, 2, 2, 3, 7, 0]"
1722,57,1477440,A,0.003,0.75,180,0.9,14,11,32,0.075,"[0, 0, 0, 0, 0, 0, 0, 0, 3, 3, 5, 12, 3, 2, 5, 4, 9, 9, 0]"
1726,57,1477440,A,0.003,0.75,180,0.9,14,11,32,0.095,"[0, 0, 2, 8, 4, 10, 0, 0, 0, 0, 0, 0, 0, 0, 0, 0, 0, 0, 0]"
1727,57,1477440,A,0.003,0.75,180,0.9,14,11,32,0.1,"[0, 0, 0, 0, 0, 0, 0, 0, 0, 0, 0, 0, 0, 0, 0, 0, 0, 0, 0]"
1725,57,1477440,A,0.003,0.75,180,0.9,14,11,32,0.09,"[0, 0, 0, 0, 0, 0, 0, 0, 0, 0, 5, 8, 7, 9, 7, 7, 6, 6, 8]"
1736,57,1477440,A,0.003,0.75,180,0.9,14,11,32,0.145,"[0, 0, 0, 0, 0, 0, 0, 0, 0, 0, 0, 0, 0, 0, 0, 0, 0, 0, 0]"
1729,57,1477440,A,0.003,0.75,180,0.9,14,11,32,0.11,"[0, 0, 0, 0, 0, 0, 0, 0, 0, 0, 1, 12, 0, 0, 0, 0, 0, 0, 0]"
1738,57,1477440,A,0.003,0.75,180,0.9,14,11,32,0.155,"[0, 0, 0, 0, 0, 0, 0, 0, 5, 39, 53, 69, 60, 69, 65, 74, 66, 83, 69]"
1732,57,1477440,A,0.003,0.75,180,0.9,14,11,32,0.125,"[0, 0, 0, 0, 9, 20, 31, 55, 61, 52, 55, 61, 16, 46, 47, 56, 58, 56, 34]"
1730,57,1477440,A,0.003,0.75,180,0.9,14,11,32,0.115,"[0, 0, 0, 0, 0, 0, 0, 0, 0, 0, 0, 0, 0, 0, 0, 0, 0, 0, 0]"
1734,57,1477440,A,0.003,0.75,180,0.9,14,11,32,0.135,"[0, 0, 0, 0, 0, 0, 0, 0, 17, 11, 23, 48, 44, 65, 48, 70, 52, 64, 38]"
1737,57,1477440,A,0.003,0.75,180,0.9,14,11,32,0.15,"[0, 0, 0, 0, 0, 0, 0, 0, 7, 32, 51, 66, 41, 56, 56, 68, 62, 64, 23]"
1741,58,1477440,A,0.003,0.75,180,0.9,14,11,32,0.015,"[0, 0, 0, 0, 0, 0, 0, 0, 0, 0, 0, 0, 0, 0, 0, 0, 0, 0, 0]"
1733,57,1477440,A,0.003,0.75,180,0.9,14,11,32,0.13,"[0, 0, 0, 0, 2, 8, 6, 22, 31, 56, 39, 61, 41, 46, 55, 57, 63, 59, 36]"
1735,57,1477440,A,0.003,0.75,180,0.9,14,11,32,0.14,"[0, 0, 0, 0, 0, 0, 0, 0, 2, 13, 28, 56, 17, 42, 55, 52, 55, 59, 28]"
1740,58,1477440,A,0.003,0.75,180,0.9,14,11,32,0.01,"[0, 0, 0, 0, 0, 0, 0, 0, 0, 0, 0, 0, 0, 0, 0, 0, 0, 0, 0]"
1742,58,1477440,A,0.003,0.75,180,0.9,14,11,32,0.02,"[0, 0, 0, 0, 0, 0, 0, 0, 0, 0, 0, 0, 0, 0, 0, 0, 0, 0, 0]"
1739,57,1477440,A,0.003,0.75,180,0.9,14,11,32,0.16,"[0, 0, 56, 61, 64, 62, 50, 71, 61, 70, 54, 61, 47, 71, 64, 75, 78, 61, 61]"
1743,58,1477440,A,0.003,0.75,180,0.9,14,11,32,0.025,"[0, 0, 0, 0, 0, 0, 0, 0, 0, 0, 0, 0, 0, 0, 0, 0, 0, 0, 0]"
1744,58,1477440,A,0.003,0.75,180,0.9,14,11,32,0.03,"[0, 0, 0, 0, 0, 0, 0, 0, 0, 0, 0, 0, 0, 0, 0, 0, 0, 0, 0]"
1747,58,1477440,A,0.003,0.75,180,0.9,14,11,32,0.05,"[0, 0, 0, 0, 0, 0, 0, 0, 0, 0, 0, 0, 0, 0, 0, 0, 0, 0, 0]"
1746,58,1477440,A,0.003,0.75,180,0.9,14,11,32,0.045,"[0, 0, 0, 0, 0, 0, 0, 0, 0, 0, 0, 0, 0, 0, 0, 0, 0, 0, 0]"
1745,58,1477440,A,0.003,0.75,180,0.9,14,11,32,0.035,"[0, 0, 0, 0, 0, 0, 0, 0, 0, 0, 0, 0, 0, 0, 0, 0, 0, 0, 0]"
1748,58,1477440,A,0.003,0.75,180,0.9,14,11,32,0.055,"[0, 0, 0, 0, 0, 0, 0, 0, 0, 0, 0, 0, 0, 0, 0, 0, 0, 0, 0]"
1749,58,1477440,A,0.003,0.75,180,0.9,14,11,32,0.06,"[0, 0, 0, 0, 0, 0, 0, 0, 0, 0, 0, 0, 0, 0, 0, 0, 0, 0, 0]"
1750,58,1477440,A,0.003,0.75,180,0.9,14,11,32,0.065,"[0, 0, 0, 0, 0, 0, 0, 0, 0, 0, 0, 0, 0, 0, 0, 0, 0, 0, 0]"
1754,58,1477440,A,0.003,0.75,180,0.9,14,11,32,0.085,"[0, 0, 0, 0, 0, 0, 0, 0, 0, 0, 0, 0, 0, 0, 0, 0, 1, 3, 3]"
1751,58,1477440,A,0.003,0.75,180,0.9,14,11,32,0.07,"[0, 0, 3, 8, 11, 9, 0, 1, 5, 5, 7, 4, 0, 0, 0, 0, 0, 0, 0]"
1753,58,1477440,A,0.003,0.75,180,0.9,14,11,32,0.08,"[0, 0, 0, 0, 0, 0, 0, 0, 0, 0, 0, 0, 0, 0, 0, 0, 0, 0, 0]"
1760,58,1477440,A,0.003,0.75,180,0.9,14,11,32,0.115,"[0, 0, 0, 0, 0, 0, 0, 0, 0, 0, 0, 0, 0, 0, 0, 0, 0, 0, 0]"
1752,58,1477440,A,0.003,0.75,180,0.9,14,11,32,0.075,"[0, 0, 0, 0, 0, 0, 0, 0, 0, 0, 0, 0, 0, 0, 0, 0, 0, 0, 0]"
1761,58,1477440,A,0.003,0.75,180,0.9,14,11,32,0.12,"[0, 0, 0, 0, 0, 0, 0, 0, 0, 0, 0, 0, 0, 0, 0, 0, 0, 0, 0]"
1755,58,1477440,A,0.003,0.75,180,0.9,14,11,32,0.09,"[0, 0, 0, 0, 1, 0, 0, 0, 0, 0, 0, 0, 0, 0, 0, 0, 0, 0, 0]"
1757,58,1477440,A,0.003,0.75,180,0.9,14,11,32,0.1,"[0, 0, 0, 0, 0, 0, 0, 0, 0, 0, 0, 0, 0, 0, 0, 0, 0, 0, 0]"
1763,58,1477440,A,0.003,0.75,180,0.9,14,11,32,0.13,"[0, 0, 0, 0, 0, 0, 0, 0, 0, 0, 0, 0, 0, 0, 0, 0, 0, 0, 0]"
1756,58,1477440,A,0.003,0.75,180,0.9,14,11,32,0.095,"[0, 0, 0, 0, 0, 0, 0, 0, 4, 10, 12, 10, 16, 24, 33, 30, 36, 36, 21]"
1762,58,1477440,A,0.003,0.75,180,0.9,14,11,32,0.125,"[0, 0, 0, 0, 0, 0, 0, 0, 25, 40, 65, 64, 19, 33, 42, 53, 49, 38, 19]"
1758,58,1477440,A,0.003,0.75,180,0.9,14,11,32,0.105,"[0, 0, 0, 0, 0, 0, 0, 0, 0, 0, 7, 6, 0, 0, 0, 0, 3, 8, 0]"
1771,59,1477440,A,0.003,0.75,180,0.9,14,11,32,0.015,"[0, 0, 0, 0, 0, 0, 0, 0, 0, 0, 0, 0, 0, 0, 0, 0, 0, 0, 0]"
1765,58,1477440,A,0.003,0.75,180,0.9,14,11,32,0.14,"[0, 0, 0, 0, 0, 0, 0, 0, 0, 0, 0, 0, 0, 0, 0, 0, 0, 0, 0]"
1759,58,1477440,A,0.003,0.75,180,0.9,14,11,32,0.11,"[0, 0, 0, 0, 0, 0, 0, 0, 7, 20, 35, 51, 21, 36, 56, 49, 38, 53, 37]"
1766,58,1477440,A,0.003,0.75,180,0.9,14,11,32,0.145,"[0, 0, 9, 47, 55, 60, 44, 68, 55, 67, 69, 58, 41, 59, 55, 61, 69, 64, 71]"
1778,59,1477440,A,0.003,0.75,180,0.9,14,11,32,0.055,"[0, 0, 0, 0, 0, 0, 0, 0, 0, 0, 0, 0, 0, 0, 0, 0, 0, 0, 0]"
1764,58,1477440,A,0.003,0.75,180,0.9,14,11,32,0.135,"[0, 0, 0, 0, 0, 0, 0, 0, 17, 34, 45, 50, 16, 50, 51, 67, 58, 58, 45]"
1777,59,1477440,A,0.003,0.75,180,0.9,14,11,32,0.05,"[0, 0, 0, 0, 0, 0, 0, 0, 0, 0, 0, 0, 0, 0, 0, 0, 0, 0, 0]"
1768,58,1477440,A,0.003,0.75,180,0.9,14,11,32,0.155,"[0, 0, 0, 0, 0, 0, 0, 0, 7, 44, 67, 51, 56, 64, 58, 61, 73, 75, 45]"
1769,58,1477440,A,0.003,0.75,180,0.9,14,11,32,0.16,"[0, 0, 0, 0, 0, 0, 0, 0, 49, 75, 58, 67, 52, 59, 74, 66, 65, 76, 37]"
1773,59,1477440,A,0.003,0.75,180,0.9,14,11,32,0.025,"[0, 0, 0, 0, 0, 0, 0, 0, 0, 0, 0, 0, 0, 0, 0, 0, 0, 0, 0]"
1770,59,1477440,A,0.003,0.75,180,0.9,14,11,32,0.01,"[0, 0, 0, 0, 0, 0, 0, 0, 0, 0, 0, 0, 0, 0, 0, 0, 0, 0, 0]"
1774,59,1477440,A,0.003,0.75,180,0.9,14,11,32,0.03,"[0, 0, 0, 0, 0, 0, 0, 0, 0, 0, 0, 0, 0, 0, 0, 0, 0, 0, 0]"
1782,59,1477440,A,0.003,0.75,180,0.9,14,11,32,0.075,"[0, 0, 0, 0, 0, 0, 0, 0, 0, 0, 0, 0, 0, 0, 0, 0, 0, 0, 0]"
1772,59,1477440,A,0.003,0.75,180,0.9,14,11,32,0.02,"[0, 0, 0, 0, 0, 0, 0, 0, 0, 0, 0, 0, 0, 0, 0, 0, 0, 0, 0]"
1787,59,1477440,A,0.003,0.75,180,0.9,14,11,32,0.1,"[0, 0, 0, 0, 0, 0, 0, 0, 0, 0, 0, 0, 0, 0, 0, 0, 0, 0, 0]"
1775,59,1477440,A,0.003,0.75,180,0.9,14,11,32,0.035,"[0, 0, 0, 0, 0, 0, 0, 0, 0, 0, 0, 0, 0, 0, 0, 0, 0, 0, 0]"
1767,58,1477440,A,0.003,0.75,180,0.9,14,11,32,0.15,"[0, 0, 0, 0, 5, 19, 10, 46, 64, 56, 50, 63, 36, 60, 56, 58, 43, 58, 52]"
1780,59,1477440,A,0.003,0.75,180,0.9,14,11,32,0.065,"[0, 0, 0, 0, 0, 0, 0, 0, 0, 0, 0, 0, 0, 0, 0, 0, 0, 0, 0]"
1776,59,1477440,A,0.003,0.75,180,0.9,14,11,32,0.045,"[0, 0, 0, 0, 0, 0, 0, 0, 0, 0, 0, 0, 0, 0, 0, 0, 0, 0, 0]"
1779,59,1477440,A,0.003,0.75,180,0.9,14,11,32,0.06,"[0, 0, 0, 0, 0, 0, 0, 0, 0, 0, 0, 0, 0, 0, 0, 0, 0, 0, 0]"
1781,59,1477440,A,0.003,0.75,180,0.9,14,11,32,0.07,"[0, 0, 0, 0, 0, 0, 0, 0, 0, 0, 0, 0, 0, 0, 0, 0, 0, 0, 0]"
1783,59,1477440,A,0.003,0.75,180,0.9,14,11,32,0.08,"[0, 0, 0, 0, 0, 0, 0, 0, 1, 8, 8, 2, 0, 0, 0, 0, 0, 0, 0]"
1790,59,1477440,A,0.003,0.75,180,0.9,14,11,32,0.115,"[0, 0, 0, 0, 0, 0, 0, 0, 0, 0, 0, 0, 0, 0, 0, 0, 2, 11, 5]"
1784,59,1477440,A,0.003,0.75,180,0.9,14,11,32,0.085,"[0, 0, 0, 0, 0, 0, 0, 0, 0, 0, 1, 5, 0, 0, 0, 0, 0, 0, 0]"
1791,59,1477440,A,0.003,0.75,180,0.9,14,11,32,0.12,"[0, 0, 0, 0, 0, 0, 0, 0, 0, 0, 0, 0, 0, 0, 0, 0, 0, 0, 0]"
1788,59,1477440,A,0.003,0.75,180,0.9,14,11,32,0.105,"[0, 0, 0, 0, 0, 0, 0, 0, 0, 0, 0, 0, 0, 0, 0, 0, 0, 0, 0]"
1785,59,1477440,A,0.003,0.75,180,0.9,14,11,32,0.09,"[0, 0, 4, 14, 11, 18, 2, 7, 21, 15, 21, 35, 0, 0, 0, 0, 0, 0, 0]"
1786,59,1477440,A,0.003,0.75,180,0.9,14,11,32,0.095,"[0, 0, 0, 0, 0, 0, 0, 0, 0, 0, 1, 7, 0, 0, 0, 0, 0, 0, 0]"
1789,59,1477440,A,0.003,0.75,180,0.9,14,11,32,0.11,"[0, 0, 0, 0, 0, 0, 0, 0, 0, 0, 0, 0, 0, 0, 0, 0, 0, 0, 0]"
1793,59,1477440,A,0.003,0.75,180,0.9,14,11,32,0.13,"[0, 0, 0, 0, 0, 1, 0, 0, 0, 0, 0, 0, 0, 0, 0, 0, 0, 0, 0]"
1796,59,1477440,A,0.003,0.75,180,0.9,14,11,32,0.145,"[0, 0, 0, 0, 0, 0, 0, 0, 0, 0, 0, 0, 0, 0, 0, 0, 0, 0, 0]"
1795,59,1477440,A,0.003,0.75,180,0.9,14,11,32,0.14,"[0, 0, 0, 0, 0, 0, 0, 0, 0, 0, 5, 17, 10, 51, 51, 52, 50, 58, 53]"
1792,59,1477440,A,0.003,0.75,180,0.9,14,11,32,0.125,"[0, 0, 2, 30, 60, 54, 27, 51, 50, 56, 49, 59, 26, 60, 49, 69, 47, 54, 26]"
1794,59,1477440,A,0.003,0.75,180,0.9,14,11,32,0.135,"[0, 0, 0, 0, 0, 0, 0, 0, 9, 43, 52, 54, 14, 38, 38, 51, 58, 59, 49]"
1797,59,1477440,A,0.003,0.75,180,0.9,14,11,32,0.15,"[0, 0, 0, 0, 0, 0, 0, 0, 0, 0, 0, 0, 0, 0, 0, 0, 0, 0, 0]"
1798,59,1477440,A,0.003,0.75,180,0.9,14,11,32,0.155,"[0, 0, 0, 0, 0, 0, 0, 0, 0, 0, 0, 0, 0, 0, 0, 0, 0, 0, 0]"
1801,60,1477440,A,0.003,0.75,180,0.9,14,11,32,0.015,"[0, 0, 0, 0, 0, 0, 0, 0, 0, 0, 0, 0, 0, 0, 0, 0, 0, 0, 0]"
1800,60,1477440,A,0.003,0.75,180,0.9,14,11,32,0.01,"[0, 0, 0, 0, 0, 0, 0, 0, 0, 0, 0, 0, 0, 0, 0, 0, 0, 0, 0]"
1804,60,1477440,A,0.003,0.75,180,0.9,14,11,32,0.03,"[0, 0, 0, 0, 0, 0, 0, 0, 0, 0, 0, 0, 0, 0, 0, 0, 0, 0, 0]"
1802,60,1477440,A,0.003,0.75,180,0.9,14,11,32,0.02,"[0, 0, 0, 0, 0, 0, 0, 0, 0, 0, 0, 0, 0, 0, 0, 0, 0, 0, 0]"
1805,60,1477440,A,0.003,0.75,180,0.9,14,11,32,0.035,"[0, 0, 0, 0, 0, 0, 0, 0, 0, 0, 0, 0, 0, 0, 0, 0, 0, 0, 0]"
1799,59,1477440,A,0.003,0.75,180,0.9,14,11,32,0.16,"[0, 0, 0, 0, 51, 56, 41, 60, 65, 63, 57, 60, 54, 74, 55, 61, 66, 64, 48]"
1803,60,1477440,A,0.003,0.75,180,0.9,14,11,32,0.025,"[0, 0, 0, 0, 0, 0, 0, 0, 0, 0, 0, 0, 0, 0, 0, 0, 0, 0, 0]"
1808,60,1477440,A,0.003,0.75,180,0.9,14,11,32,0.055,"[0, 0, 0, 0, 0, 0, 0, 0, 0, 0, 0, 0, 0, 0, 0, 0, 0, 0, 0]"
1813,60,1477440,A,0.003,0.75,180,0.9,14,11,32,0.08,"[0, 0, 6, 7, 3, 8, 0, 0, 0, 0, 1, 0, 0, 0, 0, 0, 2, 0, 0]"
1806,60,1477440,A,0.003,0.75,180,0.9,14,11,32,0.045,"[0, 0, 0, 0, 0, 0, 0, 0, 0, 0, 0, 0, 0, 0, 0, 0, 0, 0, 0]"
1807,60,1477440,A,0.003,0.75,180,0.9,14,11,32,0.05,"[0, 0, 0, 0, 0, 0, 0, 0, 0, 2, 3, 5, 0, 4, 6, 6, 4, 7, 0]"
1810,60,1477440,A,0.003,0.75,180,0.9,14,11,32,0.065,"[0, 0, 0, 0, 0, 0, 0, 0, 0, 0, 0, 0, 0, 0, 0, 0, 0, 0, 0]"
1814,60,1477440,A,0.003,0.75,180,0.9,14,11,32,0.085,"[0, 0, 0, 0, 0, 0, 0, 0, 0, 0, 0, 7, 0, 0, 0, 0, 0, 0, 0]"
1811,60,1477440,A,0.003,0.75,180,0.9,14,11,32,0.07,"[0, 0, 0, 0, 0, 0, 0, 0, 0, 0, 0, 0, 0, 0, 0, 0, 3, 4, 0]"
1809,60,1477440,A,0.003,0.75,180,0.9,14,11,32,0.06,"[0, 0, 0, 0, 0, 0, 0, 0, 0, 0, 1, 3, 0, 0, 0, 0, 0, 3, 4]"
1815,60,1477440,A,0.003,0.75,180,0.9,14,11,32,0.09,"[0, 0, 0, 0, 0, 0, 0, 0, 0, 0, 9, 18, 10, 12, 20, 20, 23, 32, 9]"
1812,60,1477440,A,0.003,0.75,180,0.9,14,11,32,0.075,"[0, 0, 0, 0, 0, 0, 0, 0, 0, 0, 0, 0, 0, 0, 0, 0, 0, 0, 0]"
1818,60,1477440,A,0.003,0.75,180,0.9,14,11,32,0.105,"[0, 0, 0, 0, 0, 0, 0, 0, 0, 0, 0, 0, 0, 0, 0, 0, 0, 8, 0]"
1816,60,1477440,A,0.003,0.75,180,0.9,14,11,32,0.095,"[0, 0, 0, 0, 11, 20, 12, 4, 13, 13, 29, 36, 13, 24, 29, 27, 48, 42, 23]"
1817,60,1477440,A,0.003,0.75,180,0.9,14,11,32,0.1,"[0, 0, 0, 0, 1, 3, 0, 0, 0, 0, 0, 0, 0, 0, 0, 0, 0, 0, 0]"
1820,60,1477440,A,0.003,0.75,180,0.9,14,11,32,0.115,"[0, 0, 0, 0, 0, 0, 0, 0, 0, 0, 0, 0, 0, 0, 0, 0, 0, 0, 0]"
1819,60,1477440,A,0.003,0.75,180,0.9,14,11,32,0.11,"[0, 0, 0, 0, 0, 0, 0, 0, 0, 0, 0, 0, 0, 0, 0, 0, 3, 6, 0]"
1827,60,1477440,A,0.003,0.75,180,0.9,14,11,32,0.15,"[0, 0, 29, 46, 61, 62, 49, 65, 71, 57, 62, 61, 55, 68, 60, 62, 59, 57, 50]"
1828,60,1477440,A,0.003,0.75,180,0.9,14,11,32,0.155,"[0, 0, 0, 0, 0, 0, 0, 0, 37, 61, 59, 55, 53, 72, 57, 59, 74, 62, 8]"
1822,60,1477440,A,0.003,0.75,180,0.9,14,11,32,0.125,"[0, 0, 0, 0, 0, 0, 0, 0, 0, 0, 0, 0, 0, 0, 0, 0, 0, 0, 0]"
1825,60,1477440,A,0.003,0.75,180,0.9,14,11,32,0.14,"[0, 0, 8, 20, 12, 26, 50, 57, 61, 57, 65, 65, 35, 59, 63, 57, 57, 52, 52]"
1821,60,1477440,A,0.003,0.75,180,0.9,14,11,32,0.12,"[0, 0, 0, 0, 0, 0, 0, 0, 0, 0, 0, 0, 0, 0, 0, 0, 0, 0, 0]"
1823,60,1477440,A,0.003,0.75,180,0.9,14,11,32,0.13,"[0, 0, 8, 25, 39, 58, 30, 46, 39, 57, 56, 52, 27, 61, 64, 57, 56, 54, 13]"
1829,60,1477440,A,0.003,0.75,180,0.9,14,11,32,0.16,"[0, 0, 0, 0, 0, 0, 0, 0, 0, 0, 17, 55, 53, 66, 65, 74, 56, 62, 46]"
1824,60,1477440,A,0.003,0.75,180,0.9,14,11,32,0.135,"[0, 0, 0, 0, 0, 0, 0, 0, 0, 0, 0, 0, 0, 0, 0, 0, 0, 0, 0]"
1830,61,1477440,A,0.003,0.75,180,0.9,14,11,32,0.01,"[0, 0, 0, 0, 0, 0, 0, 0, 0, 0, 0, 0, 0, 0, 0, 0, 0, 0, 0]"
1838,61,1477440,A,0.003,0.75,180,0.9,14,11,32,0.055,"[0, 0, 0, 0, 0, 0, 0, 0, 0, 0, 0, 0, 0, 0, 0, 0, 0, 0, 0]"
1826,60,1477440,A,0.003,0.75,180,0.9,14,11,32,0.145,"[0, 0, 16, 64, 61, 57, 19, 45, 61, 58, 51, 56, 34, 66, 58, 60, 56, 71, 36]"
1832,61,1477440,A,0.003,0.75,180,0.9,14,11,32,0.02,"[0, 0, 0, 0, 0, 0, 0, 0, 0, 0, 0, 0, 0, 0, 0, 0, 0, 0, 0]"
1831,61,1477440,A,0.003,0.75,180,0.9,14,11,32,0.015,"[0, 0, 0, 0, 0, 0, 0, 0, 0, 0, 0, 0, 0, 0, 0, 0, 0, 0, 0]"
1839,61,1477440,A,0.003,0.75,180,0.9,14,11,32,0.06,"[0, 0, 0, 0, 0, 0, 0, 0, 0, 0, 0, 0, 0, 0, 0, 0, 0, 0, 0]"
1833,61,1477440,A,0.003,0.75,180,0.9,14,11,32,0.025,"[0, 0, 1, 0, 1, 0, 0, 0, 0, 0, 0, 0, 0, 0, 0, 0, 0, 0, 0]"
1836,61,1477440,A,0.003,0.75,180,0.9,14,11,32,0.045,"[0, 0, 0, 0, 0, 0, 0, 0, 0, 0, 0, 0, 0, 0, 0, 0, 0, 0, 0]"
1834,61,1477440,A,0.003,0.75,180,0.9,14,11,32,0.03,"[0, 0, 0, 0, 0, 0, 0, 0, 0, 0, 0, 0, 0, 0, 0, 0, 0, 0, 0]"
1835,61,1477440,A,0.003,0.75,180,0.9,14,11,32,0.035,"[0, 0, 0, 0, 0, 0, 0, 0, 0, 0, 0, 0, 0, 0, 0, 0, 0, 0, 0]"
1841,61,1477440,A,0.003,0.75,180,0.9,14,11,32,0.07,"[0, 0, 0, 0, 0, 0, 0, 0, 0, 0, 0, 5, 4, 6, 6, 3, 6, 4, 0]"
1837,61,1477440,A,0.003,0.75,180,0.9,14,11,32,0.05,"[0, 0, 0, 0, 0, 0, 0, 0, 0, 0, 1, 0, 0, 0, 0, 0, 0, 0, 0]"
1842,61,1477440,A,0.003,0.75,180,0.9,14,11,32,0.075,"[0, 0, 0, 0, 0, 0, 0, 0, 0, 0, 0, 0, 0, 0, 0, 0, 0, 0, 0]"
1840,61,1477440,A,0.003,0.75,180,0.9,14,11,32,0.065,"[0, 0, 0, 0, 2, 2, 0, 0, 0, 0, 0, 0, 0, 0, 0, 0, 0, 0, 0]"
1843,61,1477440,A,0.003,0.75,180,0.9,14,11,32,0.08,"[0, 0, 0, 0, 0, 0, 0, 0, 0, 0, 0, 0, 0, 0, 0, 0, 0, 0, 0]"
1844,61,1477440,A,0.003,0.75,180,0.9,14,11,32,0.085,"[0, 0, 0, 0, 0, 0, 0, 0, 0, 0, 0, 0, 0, 0, 0, 0, 0, 0, 0]"
1846,61,1477440,A,0.003,0.75,180,0.9,14,11,32,0.095,"[0, 0, 0, 0, 0, 0, 0, 0, 1, 0, 0, 0, 0, 0, 0, 0, 0, 0, 0]"
1847,61,1477440,A,0.003,0.75,180,0.9,14,11,32,0.1,"[0, 0, 0, 0, 0, 0, 0, 0, 0, 0, 0, 0, 0, 0, 0, 0, 0, 0, 0]"
1845,61,1477440,A,0.003,0.75,180,0.9,14,11,32,0.09,"[0, 0, 0, 0, 5, 7, 0, 0, 5, 9, 5, 17, 0, 0, 0, 0, 0, 0, 0]"
1848,61,1477440,A,0.003,0.75,180,0.9,14,11,32,0.105,"[0, 0, 0, 0, 0, 0, 0, 0, 0, 0, 0, 0, 0, 0, 0, 0, 0, 0, 0]"
1853,61,1477440,A,0.003,0.75,180,0.9,14,11,32,0.13,"[0, 0, 0, 0, 0, 0, 0, 0, 0, 0, 0, 0, 0, 0, 0, 0, 2, 13, 15]"
1849,61,1477440,A,0.003,0.75,180,0.9,14,11,32,0.11,"[0, 0, 0, 0, 0, 0, 0, 0, 5, 12, 21, 34, 19, 40, 47, 49, 48, 50, 0]"
1851,61,1477440,A,0.003,0.75,180,0.9,14,11,32,0.12,"[0, 0, 0, 0, 11, 23, 5, 36, 46, 54, 53, 47, 29, 42, 51, 46, 53, 60, 21]"
1852,61,1477440,A,0.003,0.75,180,0.9,14,11,32,0.125,"[0, 0, 0, 0, 6, 10, 0, 0, 0, 0, 0, 0, 0, 0, 0, 0, 0, 0, 0]"
1856,61,1477440,A,0.003,0.75,180,0.9,14,11,32,0.145,"[0, 0, 0, 0, 0, 0, 0, 0, 0, 0, 13, 41, 31, 54, 64, 70, 59, 66, 54]"
1850,61,1477440,A,0.003,0.75,180,0.9,14,11,32,0.115,"[0, 0, 0, 0, 0, 0, 0, 0, 0, 0, 0, 0, 0, 0, 0, 0, 0, 0, 0]"
1855,61,1477440,A,0.003,0.75,180,0.9,14,11,32,0.14,"[0, 0, 0, 0, 0, 0, 0, 0, 1, 0, 0, 0, 0, 0, 0, 0, 0, 0, 0]"
1854,61,1477440,A,0.003,0.75,180,0.9,14,11,32,0.135,"[0, 0, 0, 0, 0, 0, 0, 0, 0, 0, 0, 0, 0, 0, 0, 0, 0, 0, 0]"
1858,61,1477440,A,0.003,0.75,180,0.9,14,11,32,0.155,"[0, 0, 0, 0, 11, 20, 17, 61, 62, 74, 50, 67, 48, 70, 65, 65, 66, 64, 63]"
1861,62,1477440,A,0.003,0.75,180,0.9,14,11,32,0.015,"[0, 0, 0, 0, 0, 0, 0, 0, 0, 0, 0, 0, 0, 0, 0, 0, 0, 0, 0]"
1867,62,1477440,A,0.003,0.75,180,0.9,14,11,32,0.05,"[0, 0, 0, 0, 0, 0, 0, 0, 0, 0, 0, 0, 0, 0, 0, 0, 0, 0, 0]"
1860,62,1477440,A,0.003,0.75,180,0.9,14,11,32,0.01,"[0, 0, 0, 0, 0, 0, 0, 0, 0, 0, 0, 0, 0, 0, 0, 0, 0, 0, 0]"
1857,61,1477440,A,0.003,0.75,180,0.9,14,11,32,0.15,"[0, 0, 0, 0, 0, 0, 0, 0, 9, 20, 64, 70, 57, 59, 68, 65, 66, 61, 35]"
1862,62,1477440,A,0.003,0.75,180,0.9,14,11,32,0.02,"[0, 0, 0, 0, 0, 0, 0, 0, 0, 0, 0, 0, 0, 0, 0, 0, 0, 0, 0]"
1859,61,1477440,A,0.003,0.75,180,0.9,14,11,32,0.16,"[0, 0, 0, 0, 6, 53, 56, 60, 62, 68, 67, 68, 46, 65, 63, 69, 58, 62, 61]"
1866,62,1477440,A,0.003,0.75,180,0.9,14,11,32,0.045,"[0, 0, 0, 0, 0, 0, 0, 0, 0, 0, 0, 0, 0, 0, 0, 0, 0, 0, 0]"
1863,62,1477440,A,0.003,0.75,180,0.9,14,11,32,0.025,"[0, 0, 0, 0, 0, 0, 0, 0, 0, 0, 0, 0, 0, 0, 0, 0, 0, 0, 0]"
1864,62,1477440,A,0.003,0.75,180,0.9,14,11,32,0.03,"[0, 0, 0, 0, 0, 0, 0, 0, 0, 0, 0, 0, 0, 0, 0, 0, 0, 0, 0]"
1874,62,1477440,A,0.003,0.75,180,0.9,14,11,32,0.085,"[0, 0, 0, 0, 0, 0, 0, 0, 0, 0, 4, 9, 0, 0, 0, 0, 0, 0, 0]"
1870,62,1477440,A,0.003,0.75,180,0.9,14,11,32,0.065,"[0, 0, 0, 0, 1, 0, 0, 0, 0, 0, 0, 0, 0, 0, 0, 0, 0, 0, 0]"
1872,62,1477440,A,0.003,0.75,180,0.9,14,11,32,0.075,"[0, 0, 0, 0, 0, 0, 0, 0, 0, 0, 0, 0, 0, 0, 0, 0, 0, 0, 0]"
1865,62,1477440,A,0.003,0.75,180,0.9,14,11,32,0.035,"[0, 0, 0, 0, 0, 0, 0, 0, 0, 0, 0, 0, 0, 0, 0, 0, 0, 0, 0]"
1871,62,1477440,A,0.003,0.75,180,0.9,14,11,32,0.07,"[0, 0, 0, 0, 0, 0, 0, 0, 0, 0, 0, 0, 0, 0, 0, 0, 1, 0, 0]"
1868,62,1477440,A,0.003,0.75,180,0.9,14,11,32,0.055,"[0, 0, 1, 0, 0, 0, 0, 0, 0, 0, 0, 0, 0, 0, 0, 0, 0, 0, 0]"
1869,62,1477440,A,0.003,0.75,180,0.9,14,11,32,0.06,"[0, 0, 0, 0, 0, 0, 0, 0, 0, 0, 1, 3, 0, 0, 0, 0, 0, 0, 0]"
1873,62,1477440,A,0.003,0.75,180,0.9,14,11,32,0.08,"[0, 0, 0, 0, 0, 0, 0, 0, 0, 0, 1, 0, 0, 0, 0, 0, 0, 0, 0]"
1875,62,1477440,A,0.003,0.75,180,0.9,14,11,32,0.09,"[0, 0, 0, 0, 0, 0, 0, 0, 0, 0, 0, 0, 0, 0, 0, 0, 0, 0, 0]"
1880,62,1477440,A,0.003,0.75,180,0.9,14,11,32,0.115,"[0, 0, 5, 17, 23, 30, 0, 0, 8, 11, 6, 12, 13, 26, 48, 56, 56, 53, 25]"
1878,62,1477440,A,0.003,0.75,180,0.9,14,11,32,0.105,"[0, 0, 0, 0, 0, 0, 0, 0, 0, 0, 0, 0, 0, 0, 0, 0, 0, 0, 0]"
1879,62,1477440,A,0.003,0.75,180,0.9,14,11,32,0.11,"[0, 0, 0, 0, 11, 16, 9, 10, 25, 28, 34, 38, 17, 20, 26, 34, 32, 42, 26]"
1877,62,1477440,A,0.003,0.75,180,0.9,14,11,32,0.1,"[0, 0, 7, 9, 7, 11, 7, 11, 20, 27, 37, 40, 21, 35, 25, 29, 44, 54, 11]"
1882,62,1477440,A,0.003,0.75,180,0.9,14,11,32,0.125,"[0, 0, 0, 0, 0, 0, 0, 0, 0, 0, 0, 0, 0, 0, 0, 0, 15, 32, 3]"
1876,62,1477440,A,0.003,0.75,180,0.9,14,11,32,0.095,"[0, 0, 4, 8, 13, 29, 7, 17, 37, 43, 40, 44, 4, 16, 20, 23, 22, 20, 15]"
1883,62,1477440,A,0.003,0.75,180,0.9,14,11,32,0.13,"[0, 0, 1, 14, 9, 11, 0, 0, 0, 0, 23, 45, 6, 14, 64, 51, 48, 52, 26]"
1881,62,1477440,A,0.003,0.75,180,0.9,14,11,32,0.12,"[0, 0, 0, 0, 0, 0, 0, 0, 0, 0, 5, 10, 26, 35, 59, 52, 66, 58, 30]"
1884,62,1477440,A,0.003,0.75,180,0.9,14,11,32,0.135,"[0, 0, 0, 0, 0, 0, 0, 0, 0, 0, 0, 0, 0, 0, 0, 0, 0, 0, 0]"
1886,62,1477440,A,0.003,0.75,180,0.9,14,11,32,0.145,"[0, 0, 0, 0, 0, 0, 0, 0, 4, 13, 67, 68, 36, 66, 56, 65, 62, 52, 20]"
1888,62,1477440,A,0.003,0.75,180,0.9,14,11,32,0.155,"[0, 0, 0, 0, 29, 53, 50, 57, 67, 54, 63, 60, 41, 70, 62, 62, 69, 54, 24]"
1885,62,1477440,A,0.003,0.75,180,0.9,14,11,32,0.14,"[0, 0, 0, 0, 0, 0, 0, 0, 10, 46, 62, 52, 14, 38, 63, 55, 58, 52, 25]"
1892,63,1477440,A,0.003,0.75,180,0.9,14,11,32,0.02,"[0, 0, 0, 0, 0, 0, 0, 0, 0, 0, 0, 0, 0, 0, 0, 0, 0, 0, 0]"
1890,63,1477440,A,0.003,0.75,180,0.9,14,11,32,0.01,"[0, 0, 0, 0, 0, 0, 0, 0, 0, 0, 0, 0, 0, 0, 0, 0, 0, 0, 0]"
1891,63,1477440,A,0.003,0.75,180,0.9,14,11,32,0.015,"[0, 0, 0, 0, 0, 0, 0, 0, 0, 0, 0, 0, 0, 0, 0, 0, 0, 0, 0]"
1887,62,1477440,A,0.003,0.75,180,0.9,14,11,32,0.15,"[0, 0, 9, 35, 54, 62, 38, 63, 72, 65, 58, 70, 14, 62, 63, 56, 63, 53, 52]"
1893,63,1477440,A,0.003,0.75,180,0.9,14,11,32,0.025,"[0, 0, 0, 0, 0, 0, 0, 0, 0, 0, 0, 0, 0, 0, 0, 0, 0, 0, 0]"
1889,62,1477440,A,0.003,0.75,180,0.9,14,11,32,0.16,"[0, 0, 0, 0, 0, 0, 0, 0, 0, 0, 27, 60, 47, 49, 65, 62, 66, 64, 36]"
1896,63,1477440,A,0.003,0.75,180,0.9,14,11,32,0.045,"[0, 0, 0, 0, 0, 0, 0, 0, 0, 0, 0, 0, 0, 0, 0, 0, 0, 0, 0]"
1897,63,1477440,A,0.003,0.75,180,0.9,14,11,32,0.05,"[0, 0, 0, 0, 0, 0, 0, 0, 0, 0, 1, 1, 0, 0, 0, 0, 0, 0, 0]"
1898,63,1477440,A,0.003,0.75,180,0.9,14,11,32,0.055,"[0, 0, 0, 0, 3, 3, 0, 0, 0, 0, 0, 0, 0, 0, 0, 0, 0, 0, 0]"
1894,63,1477440,A,0.003,0.75,180,0.9,14,11,32,0.03,"[0, 0, 0, 0, 0, 0, 0, 0, 0, 0, 0, 0, 0, 0, 0, 0, 0, 0, 0]"
1895,63,1477440,A,0.003,0.75,180,0.9,14,11,32,0.035,"[0, 0, 0, 0, 0, 0, 0, 0, 0, 0, 1, 2, 0, 0, 0, 0, 0, 0, 0]"
1899,63,1477440,A,0.003,0.75,180,0.9,14,11,32,0.06,"[0, 0, 0, 0, 0, 0, 0, 0, 0, 0, 0, 0, 0, 0, 0, 0, 0, 0, 0]"
1901,63,1477440,A,0.003,0.75,180,0.9,14,11,32,0.07,"[0, 0, 0, 0, 0, 0, 0, 0, 1, 8, 7, 6, 0, 0, 0, 0, 0, 0, 0]"
1903,63,1477440,A,0.003,0.75,180,0.9,14,11,32,0.08,"[0, 0, 0, 0, 0, 0, 0, 0, 0, 0, 0, 0, 0, 0, 0, 0, 0, 0, 0]"
1900,63,1477440,A,0.003,0.75,180,0.9,14,11,32,0.065,"[0, 0, 0, 0, 1, 3, 0, 0, 0, 0, 0, 0, 0, 0, 0, 0, 0, 0, 0]"
1904,63,1477440,A,0.003,0.75,180,0.9,14,11,32,0.085,"[0, 0, 0, 0, 0, 0, 0, 0, 0, 0, 0, 0, 0, 0, 0, 0, 0, 0, 0]"
1907,63,1477440,A,0.003,0.75,180,0.9,14,11,32,0.1,"[0, 0, 0, 0, 0, 0, 0, 0, 2, 6, 8, 7, 0, 0, 0, 0, 0, 0, 0]"
1902,63,1477440,A,0.003,0.75,180,0.9,14,11,32,0.075,"[0, 0, 0, 0, 0, 0, 0, 0, 0, 0, 0, 0, 0, 0, 0, 0, 0, 0, 0]"
1908,63,1477440,A,0.003,0.75,180,0.9,14,11,32,0.105,"[0, 0, 0, 0, 0, 0, 0, 0, 2, 2, 10, 15, 9, 26, 43, 36, 45, 37, 13]"
1906,63,1477440,A,0.003,0.75,180,0.9,14,11,32,0.095,"[0, 0, 0, 0, 0, 0, 0, 0, 0, 0, 0, 0, 0, 0, 0, 0, 0, 0, 0]"
1909,63,1477440,A,0.003,0.75,180,0.9,14,11,32,0.11,"[0, 0, 0, 0, 0, 0, 0, 0, 0, 0, 0, 0, 0, 0, 0, 0, 0, 0, 0]"
1905,63,1477440,A,0.003,0.75,180,0.9,14,11,32,0.09,"[0, 0, 0, 0, 0, 0, 0, 0, 0, 0, 5, 10, 0, 0, 0, 0, 0, 0, 0]"
1910,63,1477440,A,0.003,0.75,180,0.9,14,11,32,0.115,"[0, 0, 0, 0, 0, 0, 0, 0, 0, 0, 0, 0, 0, 0, 0, 0, 1, 2, 4]"
1911,63,1477440,A,0.003,0.75,180,0.9,14,11,32,0.12,"[0, 0, 0, 0, 0, 0, 0, 0, 0, 0, 0, 0, 0, 0, 0, 0, 0, 0, 0]"
1915,63,1477440,A,0.003,0.75,180,0.9,14,11,32,0.14,"[0, 0, 0, 0, 0, 0, 0, 0, 0, 0, 0, 0, 0, 0, 0, 0, 0, 0, 0]"
1917,63,1477440,A,0.003,0.75,180,0.9,14,11,32,0.15,"[0, 0, 0, 0, 0, 0, 0, 0, 0, 0, 0, 0, 0, 0, 0, 0, 40, 64, 48]"
1921,64,1477440,A,0.003,0.75,180,0.9,14,11,32,0.015,"[0, 0, 0, 0, 0, 0, 0, 0, 0, 0, 0, 0, 0, 0, 0, 0, 0, 0, 0]"
1914,63,1477440,A,0.003,0.75,180,0.9,14,11,32,0.135,"[0, 0, 12, 36, 51, 53, 28, 49, 61, 72, 61, 68, 30, 53, 53, 72, 46, 54, 46]"
1913,63,1477440,A,0.003,0.75,180,0.9,14,11,32,0.13,"[0, 0, 0, 0, 0, 0, 0, 0, 0, 0, 0, 0, 0, 0, 0, 0, 8, 38, 16]"
1920,64,1477440,A,0.003,0.75,180,0.9,14,11,32,0.01,"[0, 0, 0, 0, 0, 0, 0, 0, 0, 0, 0, 0, 0, 0, 0, 0, 0, 0, 0]"
1919,63,1477440,A,0.003,0.75,180,0.9,14,11,32,0.16,"[0, 0, 0, 0, 0, 0, 0, 0, 0, 0, 28, 61, 45, 64, 52, 62, 76, 64, 57]"
1916,63,1477440,A,0.003,0.75,180,0.9,14,11,32,0.145,"[0, 0, 10, 13, 31, 65, 23, 34, 52, 57, 64, 56, 56, 58, 63, 48, 65, 63, 27]"
1922,64,1477440,A,0.003,0.75,180,0.9,14,11,32,0.02,"[0, 0, 0, 0, 0, 0, 0, 0, 0, 0, 0, 0, 0, 0, 0, 0, 0, 0, 0]"
1912,63,1477440,A,0.003,0.75,180,0.9,14,11,32,0.125,"[0, 0, 8, 11, 13, 17, 14, 28, 46, 57, 46, 55, 33, 41, 47, 61, 49, 58, 35]"
1918,63,1477440,A,0.003,0.75,180,0.9,14,11,32,0.155,"[0, 0, 0, 0, 0, 0, 0, 0, 7, 29, 60, 55, 46, 64, 67, 67, 70, 58, 46]"
1925,64,1477440,A,0.003,0.75,180,0.9,14,11,32,0.035,"[0, 0, 1, 0, 0, 0, 0, 0, 0, 0, 0, 0, 0, 0, 0, 0, 0, 0, 0]"
1924,64,1477440,A,0.003,0.75,180,0.9,14,11,32,0.03,"[0, 0, 0, 0, 0, 0, 0, 0, 0, 0, 0, 1, 1, 2, 1, 1, 3, 0, 0]"
1923,64,1477440,A,0.003,0.75,180,0.9,14,11,32,0.025,"[0, 0, 0, 0, 0, 0, 0, 0, 0, 0, 0, 0, 0, 0, 0, 0, 0, 0, 0]"
1926,64,1477440,A,0.003,0.75,180,0.9,14,11,32,0.045,"[0, 0, 0, 0, 0, 0, 0, 0, 0, 0, 0, 0, 0, 0, 0, 0, 0, 0, 0]"
1927,64,1477440,A,0.003,0.75,180,0.9,14,11,32,0.05,"[0, 0, 0, 0, 0, 3, 0, 0, 0, 0, 0, 0, 0, 0, 0, 0, 0, 0, 0]"
1929,64,1477440,A,0.003,0.75,180,0.9,14,11,32,0.06,"[0, 0, 0, 0, 0, 0, 0, 0, 0, 0, 0, 0, 0, 0, 0, 0, 0, 0, 0]"
1928,64,1477440,A,0.003,0.75,180,0.9,14,11,32,0.055,"[0, 0, 0, 0, 0, 0, 0, 0, 0, 0, 0, 0, 0, 0, 0, 0, 0, 0, 0]"
1930,64,1477440,A,0.003,0.75,180,0.9,14,11,32,0.065,"[0, 0, 0, 0, 0, 0, 0, 0, 0, 0, 0, 0, 0, 0, 0, 0, 0, 0, 0]"
1932,64,1477440,A,0.003,0.75,180,0.9,14,11,32,0.075,"[0, 0, 0, 0, 0, 0, 0, 0, 0, 0, 0, 0, 0, 0, 0, 0, 0, 0, 0]"
1935,64,1477440,A,0.003,0.75,180,0.9,14,11,32,0.09,"[0, 0, 0, 0, 0, 0, 0, 0, 0, 0, 0, 0, 0, 0, 0, 0, 0, 0, 0]"
1934,64,1477440,A,0.003,0.75,180,0.9,14,11,32,0.085,"[0, 0, 0, 0, 0, 0, 0, 0, 0, 0, 0, 0, 0, 0, 0, 0, 0, 0, 0]"
1936,64,1477440,A,0.003,0.75,180,0.9,14,11,32,0.095,"[0, 0, 1, 6, 7, 7, 0, 0, 5, 11, 10, 26, 16, 25, 30, 40, 40, 34, 12]"
1931,64,1477440,A,0.003,0.75,180,0.9,14,11,32,0.07,"[0, 0, 0, 0, 0, 0, 0, 0, 0, 0, 0, 0, 0, 0, 0, 0, 0, 0, 0]"
1938,64,1477440,A,0.003,0.75,180,0.9,14,11,32,0.105,"[0, 0, 0, 0, 0, 0, 0, 0, 0, 0, 0, 0, 0, 0, 0, 0, 0, 0, 0]"
1939,64,1477440,A,0.003,0.75,180,0.9,14,11,32,0.11,"[0, 0, 0, 0, 0, 0, 0, 0, 0, 0, 0, 0, 0, 0, 0, 0, 22, 35, 28]"
1933,64,1477440,A,0.003,0.75,180,0.9,14,11,32,0.08,"[0, 0, 0, 0, 0, 0, 0, 0, 0, 0, 0, 0, 0, 0, 0, 0, 0, 0, 0]"
1937,64,1477440,A,0.003,0.75,180,0.9,14,11,32,0.1,"[0, 0, 0, 0, 0, 0, 0, 0, 0, 0, 0, 0, 0, 0, 0, 0, 5, 16, 5]"
1941,64,1477440,A,0.003,0.75,180,0.9,14,11,32,0.12,"[0, 0, 2, 18, 24, 52, 24, 48, 61, 57, 40, 61, 6, 12, 34, 39, 41, 57, 5]"
1942,64,1477440,A,0.003,0.75,180,0.9,14,11,32,0.125,"[0, 0, 0, 0, 0, 0, 0, 0, 0, 0, 8, 5, 1, 0, 0, 0, 0, 0, 0]"
1944,64,1477440,A,0.003,0.75,180,0.9,14,11,32,0.135,"[0, 0, 0, 0, 0, 0, 0, 0, 0, 0, 7, 14, 15, 51, 60, 58, 52, 60, 21]"
1940,64,1477440,A,0.003,0.75,180,0.9,14,11,32,0.115,"[0, 0, 0, 0, 0, 0, 0, 0, 0, 0, 3, 4, 0, 0, 0, 0, 0, 0, 0]"
1943,64,1477440,A,0.003,0.75,180,0.9,14,11,32,0.13,"[0, 0, 0, 0, 0, 0, 0, 0, 0, 0, 10, 9, 0, 0, 0, 0, 0, 0, 0]"
1946,64,1477440,A,0.003,0.75,180,0.9,14,11,32,0.145,"[0, 0, 0, 0, 0, 0, 0, 0, 0, 0, 3, 15, 53, 58, 64, 57, 48, 64, 21]"
1945,64,1477440,A,0.003,0.75,180,0.9,14,11,32,0.14,"[0, 0, 0, 0, 0, 0, 0, 0, 0, 0, 0, 0, 0, 0, 0, 0, 0, 0, 0]"
1947,64,1477440,A,0.003,0.75,180,0.9,14,11,32,0.15,"[0, 0, 37, 60, 58, 56, 51, 52, 69, 67, 65, 65, 41, 57, 60, 71, 58, 42, 18]"
1948,64,1477440,A,0.003,0.75,180,0.9,14,11,32,0.155,"[0, 0, 0, 0, 20, 59, 24, 49, 52, 63, 72, 57, 40, 63, 50, 69, 53, 57, 48]"
1949,64,1477440,A,0.003,0.75,180,0.9,14,11,32,0.16,"[0, 0, 0, 0, 0, 0, 0, 0, 3, 10, 41, 65, 42, 64, 80, 84, 65, 54, 7]"
1950,65,1477440,A,0.003,0.75,180,0.9,14,11,32,0.01,"[0, 0, 0, 0, 0, 0, 0, 0, 0, 0, 0, 0, 0, 0, 0, 0, 0, 0, 0]"
1951,65,1477440,A,0.003,0.75,180,0.9,14,11,32,0.015,"[0, 0, 0, 0, 0, 0, 0, 0, 0, 0, 0, 0, 0, 0, 0, 0, 0, 0, 0]"
1954,65,1477440,A,0.003,0.75,180,0.9,14,11,32,0.03,"[0, 0, 0, 0, 0, 0, 0, 0, 0, 0, 0, 0, 0, 0, 0, 0, 0, 0, 0]"
1952,65,1477440,A,0.003,0.75,180,0.9,14,11,32,0.02,"[0, 0, 0, 0, 0, 0, 0, 0, 0, 0, 0, 0, 0, 0, 0, 0, 0, 0, 0]"
1953,65,1477440,A,0.003,0.75,180,0.9,14,11,32,0.025,"[0, 0, 0, 0, 0, 0, 0, 0, 1, 0, 0, 0, 0, 0, 0, 0, 0, 0, 0]"
1957,65,1477440,A,0.003,0.75,180,0.9,14,11,32,0.05,"[0, 0, 0, 0, 0, 0, 0, 0, 0, 0, 0, 0, 0, 0, 0, 0, 0, 0, 0]"
1956,65,1477440,A,0.003,0.75,180,0.9,14,11,32,0.045,"[0, 0, 0, 0, 0, 0, 0, 0, 0, 0, 0, 0, 0, 0, 0, 0, 0, 0, 0]"
1955,65,1477440,A,0.003,0.75,180,0.9,14,11,32,0.035,"[0, 0, 0, 0, 0, 0, 0, 0, 0, 0, 0, 0, 0, 0, 0, 0, 0, 0, 0]"
1959,65,1477440,A,0.003,0.75,180,0.9,14,11,32,0.06,"[0, 0, 0, 0, 0, 0, 0, 0, 0, 0, 0, 0, 0, 0, 0, 0, 0, 0, 0]"
1960,65,1477440,A,0.003,0.75,180,0.9,14,11,32,0.065,"[0, 0, 0, 0, 0, 0, 0, 0, 0, 0, 0, 0, 0, 0, 0, 0, 1, 4, 0]"
1958,65,1477440,A,0.003,0.75,180,0.9,14,11,32,0.055,"[0, 0, 0, 0, 0, 0, 0, 0, 0, 0, 1, 2, 0, 1, 0, 3, 1, 2, 0]"
1961,65,1477440,A,0.003,0.75,180,0.9,14,11,32,0.07,"[0, 0, 2, 3, 7, 3, 0, 0, 0, 0, 3, 5, 2, 3, 3, 2, 1, 5, 0]"
1965,65,1477440,A,0.003,0.75,180,0.9,14,11,32,0.09,"[0, 0, 0, 0, 0, 0, 0, 0, 0, 0, 0, 0, 0, 0, 0, 0, 0, 0, 0]"
1962,65,1477440,A,0.003,0.75,180,0.9,14,11,32,0.075,"[0, 0, 0, 0, 0, 0, 0, 0, 1, 3, 7, 8, 0, 0, 0, 0, 0, 0, 0]"
1963,65,1477440,A,0.003,0.75,180,0.9,14,11,32,0.08,"[0, 0, 0, 0, 0, 0, 0, 0, 0, 0, 0, 0, 0, 0, 0, 0, 3, 11, 3]"
1964,65,1477440,A,0.003,0.75,180,0.9,14,11,32,0.085,"[0, 0, 1, 3, 6, 5, 0, 0, 5, 17, 18, 17, 14, 13, 26, 18, 29, 33, 2]"
1966,65,1477440,A,0.003,0.75,180,0.9,14,11,32,0.095,"[0, 0, 0, 0, 1, 14, 0, 0, 0, 0, 4, 1, 0, 0, 0, 0, 1, 0, 0]"
1969,65,1477440,A,0.003,0.75,180,0.9,14,11,32,0.11,"[0, 0, 0, 0, 0, 0, 0, 0, 0, 0, 0, 0, 0, 0, 0, 0, 0, 0, 0]"
1970,65,1477440,A,0.003,0.75,180,0.9,14,11,32,0.115,"[0, 0, 0, 0, 0, 0, 0, 0, 0, 0, 0, 0, 0, 0, 0, 0, 0, 0, 0]"
1968,65,1477440,A,0.003,0.75,180,0.9,14,11,32,0.105,"[0, 0, 0, 0, 2, 16, 0, 0, 8, 16, 18, 29, 8, 31, 27, 37, 33, 44, 6]"
1967,65,1477440,A,0.003,0.75,180,0.9,14,11,32,0.1,"[0, 0, 0, 0, 0, 0, 0, 0, 4, 18, 15, 18, 11, 10, 6, 10, 8, 20, 1]"
1971,65,1477440,A,0.003,0.75,180,0.9,14,11,32,0.12,"[0, 0, 0, 0, 0, 0, 0, 0, 10, 28, 42, 58, 7, 16, 36, 56, 49, 57, 38]"
1974,65,1477440,A,0.003,0.75,180,0.9,14,11,32,0.135,"[0, 0, 0, 0, 0, 0, 0, 0, 0, 0, 0, 0, 0, 0, 0, 0, 0, 0, 0]"
1972,65,1477440,A,0.003,0.75,180,0.9,14,11,32,0.125,"[0, 0, 0, 0, 0, 0, 0, 0, 8, 19, 22, 43, 4, 16, 32, 57, 46, 56, 13]"
1975,65,1477440,A,0.003,0.75,180,0.9,14,11,32,0.14,"[0, 0, 0, 0, 22, 45, 41, 65, 41, 60, 54, 66, 24, 54, 41, 50, 41, 68, 43]"
1973,65,1477440,A,0.003,0.75,180,0.9,14,11,32,0.13,"[0, 0, 7, 38, 63, 46, 44, 55, 56, 66, 50, 53, 28, 46, 52, 55, 63, 61, 3]"
1976,65,1477440,A,0.003,0.75,180,0.9,14,11,32,0.145,"[0, 0, 0, 0, 0, 0, 0, 0, 0, 0, 16, 58, 51, 55, 69, 71, 60, 64, 35]"
1978,65,1477440,A,0.003,0.75,180,0.9,14,11,32,0.155,"[0, 0, 0, 0, 0, 0, 0, 0, 0, 0, 0, 0, 0, 0, 0, 0, 0, 0, 0]"
1977,65,1477440,A,0.003,0.75,180,0.9,14,11,32,0.15,"[0, 0, 22, 16, 36, 54, 58, 71, 56, 50, 60, 57, 12, 56, 64, 64, 73, 60, 64]"
1980,66,1477440,A,0.003,0.75,180,0.9,14,11,32,0.01,"[0, 0, 0, 0, 0, 0, 0, 0, 0, 0, 0, 0, 0, 0, 0, 0, 0, 0, 0]"
1985,66,1477440,A,0.003,0.75,180,0.9,14,11,32,0.035,"[0, 0, 0, 0, 0, 0, 0, 0, 0, 0, 0, 0, 0, 0, 0, 0, 0, 0, 0]"
1983,66,1477440,A,0.003,0.75,180,0.9,14,11,32,0.025,"[0, 0, 0, 0, 0, 0, 0, 0, 0, 0, 0, 0, 0, 0, 0, 0, 0, 0, 0]"
1987,66,1477440,A,0.003,0.75,180,0.9,14,11,32,0.05,"[0, 0, 0, 0, 0, 0, 0, 0, 0, 0, 0, 0, 0, 0, 0, 0, 1, 3, 0]"
1984,66,1477440,A,0.003,0.75,180,0.9,14,11,32,0.03,"[0, 0, 0, 0, 0, 0, 0, 0, 0, 0, 0, 0, 0, 0, 0, 0, 0, 0, 0]"
1986,66,1477440,A,0.003,0.75,180,0.9,14,11,32,0.045,"[0, 0, 0, 0, 0, 0, 0, 0, 0, 0, 0, 0, 0, 0, 0, 0, 0, 0, 0]"
1988,66,1477440,A,0.003,0.75,180,0.9,14,11,32,0.055,"[0, 0, 0, 0, 0, 0, 0, 0, 2, 0, 0, 0, 0, 0, 0, 0, 0, 0, 0]"
1982,66,1477440,A,0.003,0.75,180,0.9,14,11,32,0.02,"[0, 0, 0, 0, 0, 0, 0, 0, 0, 0, 0, 0, 0, 0, 0, 0, 0, 0, 0]"
1981,66,1477440,A,0.003,0.75,180,0.9,14,11,32,0.015,"[0, 0, 0, 0, 0, 0, 0, 0, 0, 0, 0, 0, 0, 0, 0, 0, 0, 0, 0]"
1979,65,1477440,A,0.003,0.75,180,0.9,14,11,32,0.16,"[0, 0, 0, 0, 12, 31, 22, 72, 53, 64, 64, 63, 14, 44, 70, 61, 62, 59, 61]"
1989,66,1477440,A,0.003,0.75,180,0.9,14,11,32,0.06,"[0, 0, 0, 0, 2, 6, 0, 0, 0, 0, 0, 0, 0, 0, 0, 0, 0, 0, 0]"
1990,66,1477440,A,0.003,0.75,180,0.9,14,11,32,0.065,"[0, 0, 0, 0, 0, 0, 0, 0, 0, 0, 1, 4, 3, 2, 5, 4, 5, 6, 1]"
1991,66,1477440,A,0.003,0.75,180,0.9,14,11,32,0.07,"[0, 0, 0, 0, 0, 0, 0, 0, 0, 0, 0, 0, 0, 0, 0, 0, 0, 0, 0]"
1992,66,1477440,A,0.003,0.75,180,0.9,14,11,32,0.075,"[0, 0, 0, 0, 0, 0, 0, 0, 0, 0, 0, 0, 0, 0, 0, 0, 0, 0, 0]"
1994,66,1477440,A,0.003,0.75,180,0.9,14,11,32,0.085,"[0, 0, 0, 0, 0, 0, 0, 0, 0, 0, 0, 0, 0, 0, 0, 0, 0, 0, 0]"
1993,66,1477440,A,0.003,0.75,180,0.9,14,11,32,0.08,"[0, 0, 0, 0, 0, 0, 0, 0, 0, 0, 0, 0, 0, 0, 0, 0, 0, 0, 0]"
1995,66,1477440,A,0.003,0.75,180,0.9,14,11,32,0.09,"[0, 0, 0, 0, 0, 0, 0, 0, 0, 0, 0, 0, 0, 0, 0, 0, 0, 0, 0]"
1996,66,1477440,A,0.003,0.75,180,0.9,14,11,32,0.095,"[0, 0, 0, 0, 0, 0, 0, 0, 0, 0, 0, 0, 0, 0, 0, 0, 0, 0, 0]"
1997,66,1477440,A,0.003,0.75,180,0.9,14,11,32,0.1,"[0, 0, 0, 0, 0, 0, 0, 0, 0, 6, 9, 13, 0, 0, 0, 0, 0, 0, 0]"
1998,66,1477440,A,0.003,0.75,180,0.9,14,11,32,0.105,"[0, 0, 0, 0, 0, 0, 0, 0, 3, 17, 28, 32, 21, 31, 42, 42, 35, 48, 9]"
1999,66,1477440,A,0.003,0.75,180,0.9,14,11,32,0.11,"[0, 0, 0, 0, 0, 0, 0, 0, 0, 0, 0, 0, 0, 0, 0, 0, 0, 0, 0]"
2000,66,1477440,A,0.003,0.75,180,0.9,14,11,32,0.115,"[0, 0, 0, 0, 0, 0, 0, 0, 0, 0, 0, 0, 0, 0, 0, 0, 0, 0, 0]"
2002,66,1477440,A,0.003,0.75,180,0.9,14,11,32,0.125,"[0, 0, 0, 0, 0, 0, 0, 0, 0, 0, 0, 0, 0, 0, 0, 0, 0, 0, 0]"
2001,66,1477440,A,0.003,0.75,180,0.9,14,11,32,0.12,"[0, 0, 0, 0, 11, 16, 22, 36, 49, 49, 65, 52, 24, 46, 51, 55, 47, 47, 26]"
2003,66,1477440,A,0.003,0.75,180,0.9,14,11,32,0.13,"[0, 0, 0, 0, 8, 11, 13, 47, 48, 55, 64, 61, 34, 43, 51, 62, 53, 66, 26]"
2004,66,1477440,A,0.003,0.75,180,0.9,14,11,32,0.135,"[0, 0, 0, 0, 0, 0, 0, 0, 0, 0, 15, 56, 20, 47, 48, 57, 54, 64, 16]"
2006,66,1477440,A,0.003,0.75,180,0.9,14,11,32,0.145,"[0, 0, 12, 26, 58, 67, 44, 58, 54, 66, 55, 63, 42, 51, 54, 53, 71, 61, 5]"
2009,66,1477440,A,0.003,0.75,180,0.9,14,11,32,0.16,"[0, 0, 0, 0, 0, 0, 0, 0, 0, 0, 0, 0, 0, 0, 0, 0, 0, 0, 0]"
2010,67,1477440,A,0.003,0.75,180,0.9,14,11,32,0.01,"[0, 0, 0, 0, 0, 0, 0, 0, 0, 0, 0, 0, 0, 0, 0, 0, 0, 0, 0]"
2007,66,1477440,A,0.003,0.75,180,0.9,14,11,32,0.15,"[0, 0, 0, 0, 23, 40, 13, 41, 62, 57, 49, 64, 34, 65, 69, 61, 61, 55, 43]"
2005,66,1477440,A,0.003,0.75,180,0.9,14,11,32,0.14,"[0, 0, 5, 25, 37, 50, 31, 66, 55, 53, 47, 70, 48, 59, 66, 62, 68, 47, 46]"
2011,67,1477440,A,0.003,0.75,180,0.9,14,11,32,0.015,"[0, 0, 0, 0, 0, 0, 0, 0, 0, 0, 0, 0, 0, 0, 0, 0, 0, 0, 0]"
2013,67,1477440,A,0.003,0.75,180,0.9,14,11,32,0.025,"[0, 0, 0, 0, 0, 0, 0, 0, 0, 0, 0, 0, 0, 0, 0, 0, 0, 0, 0]"
2008,66,1477440,A,0.003,0.75,180,0.9,14,11,32,0.155,"[0, 0, 0, 0, 0, 0, 0, 0, 7, 18, 57, 54, 56, 54, 65, 59, 65, 50, 44]"
2014,67,1477440,A,0.003,0.75,180,0.9,14,11,32,0.03,"[0, 0, 0, 0, 0, 0, 0, 0, 0, 0, 0, 0, 0, 0, 0, 0, 0, 0, 0]"
2012,67,1477440,A,0.003,0.75,180,0.9,14,11,32,0.02,"[0, 0, 0, 0, 0, 0, 0, 0, 0, 0, 0, 0, 0, 0, 0, 0, 0, 0, 0]"
2016,67,1477440,A,0.003,0.75,180,0.9,14,11,32,0.045,"[0, 0, 0, 0, 0, 0, 0, 0, 0, 0, 0, 0, 0, 0, 0, 0, 0, 0, 0]"
2015,67,1477440,A,0.003,0.75,180,0.9,14,11,32,0.035,"[0, 0, 0, 0, 0, 0, 0, 0, 0, 0, 0, 0, 0, 0, 0, 0, 0, 0, 0]"
2019,67,1477440,A,0.003,0.75,180,0.9,14,11,32,0.06,"[0, 0, 0, 0, 0, 0, 0, 0, 0, 0, 0, 0, 0, 0, 0, 0, 0, 0, 0]"
2018,67,1477440,A,0.003,0.75,180,0.9,14,11,32,0.055,"[0, 0, 0, 0, 0, 0, 0, 0, 0, 0, 0, 0, 0, 0, 0, 0, 0, 0, 0]"
2017,67,1477440,A,0.003,0.75,180,0.9,14,11,32,0.05,"[0, 0, 0, 0, 0, 0, 0, 0, 0, 0, 0, 0, 0, 0, 0, 0, 0, 0, 0]"
2020,67,1477440,A,0.003,0.75,180,0.9,14,11,32,0.065,"[0, 0, 0, 0, 0, 0, 0, 0, 0, 0, 0, 0, 0, 0, 0, 0, 0, 0, 0]"
2021,67,1477440,A,0.003,0.75,180,0.9,14,11,32,0.07,"[0, 0, 0, 0, 0, 0, 0, 0, 0, 0, 0, 0, 0, 0, 0, 0, 0, 0, 0]"
2022,67,1477440,A,0.003,0.75,180,0.9,14,11,32,0.075,"[0, 0, 0, 0, 0, 0, 0, 0, 0, 0, 0, 0, 0, 0, 0, 0, 0, 0, 0]"
2023,67,1477440,A,0.003,0.75,180,0.9,14,11,32,0.08,"[0, 0, 0, 0, 0, 0, 0, 0, 0, 0, 0, 0, 0, 0, 0, 0, 0, 0, 0]"
2025,67,1477440,A,0.003,0.75,180,0.9,14,11,32,0.09,"[0, 0, 0, 0, 0, 0, 0, 0, 0, 0, 0, 0, 0, 0, 0, 0, 0, 0, 0]"
2026,67,1477440,A,0.003,0.75,180,0.9,14,11,32,0.095,"[0, 0, 0, 0, 0, 0, 0, 0, 1, 0, 0, 0, 0, 0, 0, 0, 0, 0, 0]"
2024,67,1477440,A,0.003,0.75,180,0.9,14,11,32,0.085,"[0, 0, 0, 0, 3, 7, 0, 0, 0, 0, 0, 0, 0, 0, 0, 0, 2, 3, 0]"
2027,67,1477440,A,0.003,0.75,180,0.9,14,11,32,0.1,"[0, 0, 0, 0, 0, 0, 0, 0, 0, 0, 0, 0, 0, 0, 0, 0, 7, 11, 9]"
2028,67,1477440,A,0.003,0.75,180,0.9,14,11,32,0.105,"[0, 0, 0, 0, 0, 0, 0, 0, 0, 0, 0, 0, 0, 0, 0, 0, 0, 0, 0]"
2029,67,1477440,A,0.003,0.75,180,0.9,14,11,32,0.11,"[0, 0, 0, 0, 0, 0, 0, 0, 0, 0, 0, 0, 0, 0, 0, 0, 9, 9, 0]"
2030,67,1477440,A,0.003,0.75,180,0.9,14,11,32,0.115,"[0, 0, 0, 0, 0, 0, 0, 0, 0, 0, 2, 13, 0, 0, 0, 0, 0, 0, 0]"
2031,67,1477440,A,0.003,0.75,180,0.9,14,11,32,0.12,"[0, 0, 0, 0, 0, 0, 0, 0, 0, 0, 0, 0, 0, 0, 0, 0, 0, 0, 0]"
2033,67,1477440,A,0.003,0.75,180,0.9,14,11,32,0.13,"[0, 0, 0, 0, 0, 0, 0, 0, 0, 0, 0, 0, 0, 0, 0, 0, 0, 0, 0]"
2036,67,1477440,A,0.003,0.75,180,0.9,14,11,32,0.145,"[0, 0, 0, 0, 0, 0, 0, 0, 0, 0, 0, 0, 0, 0, 0, 0, 0, 0, 0]"
2035,67,1477440,A,0.003,0.75,180,0.9,14,11,32,0.14,"[0, 0, 0, 0, 0, 0, 0, 0, 0, 0, 0, 0, 0, 0, 0, 0, 1, 0, 0]"
2032,67,1477440,A,0.003,0.75,180,0.9,14,11,32,0.125,"[0, 0, 5, 10, 22, 33, 8, 7, 31, 55, 49, 61, 13, 29, 51, 56, 42, 68, 34]"
2034,67,1477440,A,0.003,0.75,180,0.9,14,11,32,0.135,"[0, 0, 0, 0, 0, 0, 0, 0, 10, 43, 39, 53, 36, 51, 62, 54, 60, 48, 31]"
2037,67,1477440,A,0.003,0.75,180,0.9,14,11,32,0.15,"[0, 0, 19, 19, 68, 57, 48, 55, 64, 61, 47, 50, 42, 56, 63, 61, 59, 65, 22]"
2042,68,1477440,A,0.003,0.75,180,0.9,14,11,32,0.02,"[0, 0, 0, 0, 0, 0, 0, 0, 0, 0, 0, 0, 0, 0, 0, 0, 0, 0, 0]"
2041,68,1477440,A,0.003,0.75,180,0.9,14,11,32,0.015,"[0, 0, 0, 0, 0, 0, 0, 0, 0, 0, 0, 0, 0, 0, 0, 0, 0, 0, 0]"
2040,68,1477440,A,0.003,0.75,180,0.9,14,11,32,0.01,"[0, 0, 0, 0, 0, 0, 0, 0, 0, 0, 0, 0, 0, 0, 0, 0, 0, 0, 0]"
2039,67,1477440,A,0.003,0.75,180,0.9,14,11,32,0.16,"[0, 0, 0, 0, 0, 0, 0, 0, 26, 64, 47, 68, 46, 64, 60, 62, 62, 68, 52]"
2043,68,1477440,A,0.003,0.75,180,0.9,14,11,32,0.025,"[0, 0, 0, 0, 0, 0, 0, 0, 0, 0, 0, 0, 0, 0, 0, 0, 0, 0, 0]"
2044,68,1477440,A,0.003,0.75,180,0.9,14,11,32,0.03,"[0, 0, 0, 0, 0, 0, 0, 0, 0, 0, 0, 0, 0, 0, 0, 0, 0, 0, 0]"
2045,68,1477440,A,0.003,0.75,180,0.9,14,11,32,0.035,"[0, 0, 0, 0, 0, 0, 0, 0, 0, 0, 0, 0, 0, 0, 0, 0, 0, 0, 0]"
2038,67,1477440,A,0.003,0.75,180,0.9,14,11,32,0.155,"[0, 0, 14, 39, 56, 60, 58, 64, 63, 59, 58, 73, 41, 65, 56, 58, 63, 68, 55]"
2046,68,1477440,A,0.003,0.75,180,0.9,14,11,32,0.045,"[0, 0, 0, 0, 0, 0, 0, 0, 0, 0, 0, 0, 0, 0, 0, 0, 0, 0, 0]"
2047,68,1477440,A,0.003,0.75,180,0.9,14,11,32,0.05,"[0, 0, 0, 0, 0, 0, 0, 0, 0, 0, 0, 0, 0, 0, 0, 0, 0, 0, 0]"
2049,68,1477440,A,0.003,0.75,180,0.9,14,11,32,0.06,"[0, 0, 0, 0, 0, 0, 0, 0, 0, 0, 0, 0, 0, 0, 0, 0, 0, 0, 0]"
2048,68,1477440,A,0.003,0.75,180,0.9,14,11,32,0.055,"[0, 0, 0, 0, 0, 0, 0, 0, 0, 0, 0, 0, 0, 0, 0, 0, 0, 0, 0]"
2050,68,1477440,A,0.003,0.75,180,0.9,14,11,32,0.065,"[0, 0, 2, 5, 2, 6, 5, 10, 10, 13, 17, 17, 4, 6, 7, 7, 8, 10, 3]"
2054,68,1477440,A,0.003,0.75,180,0.9,14,11,32,0.085,"[0, 0, 0, 0, 0, 0, 0, 0, 0, 0, 0, 2, 0, 0, 0, 0, 0, 0, 0]"
2052,68,1477440,A,0.003,0.75,180,0.9,14,11,32,0.075,"[0, 0, 0, 0, 0, 0, 0, 0, 0, 0, 0, 0, 0, 0, 0, 0, 3, 11, 2]"
2051,68,1477440,A,0.003,0.75,180,0.9,14,11,32,0.07,"[0, 0, 0, 0, 0, 0, 0, 0, 0, 0, 0, 0, 0, 0, 0, 0, 0, 0, 0]"
2053,68,1477440,A,0.003,0.75,180,0.9,14,11,32,0.08,"[0, 0, 0, 0, 0, 0, 0, 0, 2, 1, 3, 2, 0, 0, 0, 0, 0, 0, 0]"
2055,68,1477440,A,0.003,0.75,180,0.9,14,11,32,0.09,"[0, 0, 4, 3, 7, 8, 7, 12, 10, 18, 23, 22, 0, 0, 0, 0, 0, 0, 0]"
2056,68,1477440,A,0.003,0.75,180,0.9,14,11,32,0.095,"[0, 0, 0, 0, 0, 0, 0, 0, 0, 0, 0, 0, 0, 0, 0, 0, 2, 4, 0]"
2058,68,1477440,A,0.003,0.75,180,0.9,14,11,32,0.105,"[0, 0, 0, 0, 1, 0, 0, 0, 0, 0, 0, 0, 0, 0, 0, 0, 0, 0, 0]"
2057,68,1477440,A,0.003,0.75,180,0.9,14,11,32,0.1,"[0, 0, 0, 0, 0, 0, 0, 0, 1, 0, 2, 3, 15, 22, 24, 26, 24, 37, 18]"
2061,68,1477440,A,0.003,0.75,180,0.9,14,11,32,0.12,"[0, 0, 0, 0, 0, 0, 0, 0, 0, 0, 0, 0, 0, 0, 0, 0, 0, 0, 0]"
2060,68,1477440,A,0.003,0.75,180,0.9,14,11,32,0.115,"[0, 0, 0, 0, 0, 0, 0, 0, 0, 0, 7, 26, 10, 25, 36, 41, 44, 52, 26]"
2063,68,1477440,A,0.003,0.75,180,0.9,14,11,32,0.13,"[0, 0, 0, 0, 0, 0, 0, 0, 0, 0, 0, 0, 0, 0, 0, 0, 0, 0, 0]"
2059,68,1477440,A,0.003,0.75,180,0.9,14,11,32,0.11,"[0, 0, 0, 0, 5, 12, 12, 30, 48, 43, 48, 53, 16, 28, 43, 42, 38, 50, 5]"
2068,68,1477440,A,0.003,0.75,180,0.9,14,11,32,0.155,"[0, 0, 0, 0, 0, 0, 0, 0, 0, 0, 0, 0, 0, 0, 0, 0, 0, 0, 0]"
2064,68,1477440,A,0.003,0.75,180,0.9,14,11,32,0.135,"[0, 0, 11, 48, 54, 59, 31, 58, 54, 63, 60, 56, 12, 43, 62, 57, 53, 54, 12]"
2070,69,1477440,A,0.003,0.75,180,0.9,14,11,32,0.01,"[0, 0, 0, 0, 0, 0, 0, 0, 0, 0, 0, 0, 0, 0, 0, 0, 0, 0, 0]"
2062,68,1477440,A,0.003,0.75,180,0.9,14,11,32,0.125,"[0, 0, 0, 0, 2, 8, 0, 0, 0, 0, 0, 0, 0, 0, 0, 0, 0, 0, 0]"
2071,69,1477440,A,0.003,0.75,180,0.9,14,11,32,0.015,"[0, 0, 0, 0, 0, 0, 0, 0, 0, 0, 0, 0, 0, 0, 0, 0, 0, 0, 0]"
2072,69,1477440,A,0.003,0.75,180,0.9,14,11,32,0.02,"[0, 0, 0, 0, 0, 0, 0, 0, 0, 0, 0, 0, 0, 0, 0, 0, 0, 0, 0]"
2065,68,1477440,A,0.003,0.75,180,0.9,14,11,32,0.14,"[0, 0, 12, 17, 44, 63, 44, 49, 72, 55, 65, 60, 39, 54, 44, 61, 61, 54, 42]"
2066,68,1477440,A,0.003,0.75,180,0.9,14,11,32,0.145,"[0, 0, 0, 0, 0, 0, 0, 0, 0, 0, 0, 0, 0, 0, 0, 0, 0, 0, 0]"
2069,68,1477440,A,0.003,0.75,180,0.9,14,11,32,0.16,"[0, 0, 32, 51, 74, 59, 41, 67, 70, 61, 51, 58, 44, 65, 64, 65, 59, 76, 48]"
2067,68,1477440,A,0.003,0.75,180,0.9,14,11,32,0.15,"[0, 0, 0, 0, 0, 0, 0, 0, 0, 0, 0, 0, 0, 0, 0, 0, 0, 0, 0]"
2073,69,1477440,A,0.003,0.75,180,0.9,14,11,32,0.025,"[0, 0, 0, 0, 0, 0, 0, 0, 0, 0, 0, 0, 0, 0, 0, 0, 0, 0, 0]"
2074,69,1477440,A,0.003,0.75,180,0.9,14,11,32,0.03,"[0, 0, 0, 0, 0, 0, 0, 0, 0, 0, 0, 0, 0, 0, 0, 0, 0, 0, 0]"
2076,69,1477440,A,0.003,0.75,180,0.9,14,11,32,0.045,"[0, 0, 0, 0, 0, 0, 0, 0, 0, 0, 0, 0, 0, 0, 0, 0, 0, 0, 0]"
2075,69,1477440,A,0.003,0.75,180,0.9,14,11,32,0.035,"[0, 0, 0, 0, 0, 0, 0, 0, 0, 0, 0, 0, 0, 0, 0, 0, 0, 0, 0]"
2081,69,1477440,A,0.003,0.75,180,0.9,14,11,32,0.07,"[0, 0, 0, 0, 0, 0, 0, 0, 0, 0, 5, 4, 0, 0, 0, 0, 0, 0, 0]"
2079,69,1477440,A,0.003,0.75,180,0.9,14,11,32,0.06,"[0, 0, 0, 0, 0, 0, 0, 0, 0, 0, 4, 1, 0, 0, 0, 0, 0, 0, 0]"
2080,69,1477440,A,0.003,0.75,180,0.9,14,11,32,0.065,"[0, 0, 0, 0, 0, 0, 0, 0, 0, 0, 1, 2, 0, 0, 0, 0, 0, 0, 0]"
2078,69,1477440,A,0.003,0.75,180,0.9,14,11,32,0.055,"[0, 0, 0, 0, 0, 0, 0, 0, 0, 0, 4, 2, 0, 0, 0, 0, 0, 0, 0]"
2084,69,1477440,A,0.003,0.75,180,0.9,14,11,32,0.085,"[0, 0, 0, 0, 0, 0, 0, 0, 0, 0, 2, 0, 0, 0, 0, 0, 0, 0, 0]"
2077,69,1477440,A,0.003,0.75,180,0.9,14,11,32,0.05,"[0, 0, 0, 0, 0, 0, 0, 0, 0, 0, 0, 0, 0, 0, 0, 0, 0, 0, 0]"
2083,69,1477440,A,0.003,0.75,180,0.9,14,11,32,0.08,"[0, 0, 0, 0, 0, 0, 0, 0, 0, 0, 0, 0, 0, 0, 0, 0, 0, 0, 0]"
2085,69,1477440,A,0.003,0.75,180,0.9,14,11,32,0.09,"[0, 0, 0, 0, 0, 0, 0, 0, 2, 5, 7, 6, 0, 0, 0, 0, 0, 0, 0]"
2082,69,1477440,A,0.003,0.75,180,0.9,14,11,32,0.075,"[0, 0, 0, 0, 1, 8, 0, 0, 0, 0, 0, 0, 0, 0, 0, 0, 0, 0, 0]"
2086,69,1477440,A,0.003,0.75,180,0.9,14,11,32,0.095,"[0, 0, 0, 0, 0, 0, 0, 0, 0, 0, 0, 0, 0, 0, 0, 0, 0, 0, 0]"
2091,69,1477440,A,0.003,0.75,180,0.9,14,11,32,0.12,"[0, 0, 3, 12, 16, 36, 13, 38, 47, 57, 57, 54, 38, 61, 47, 56, 51, 56, 19]"
2092,69,1477440,A,0.003,0.75,180,0.9,14,11,32,0.125,"[0, 0, 0, 0, 0, 0, 0, 0, 9, 7, 12, 28, 14, 16, 45, 48, 60, 51, 24]"
2093,69,1477440,A,0.003,0.75,180,0.9,14,11,32,0.13,"[0, 0, 0, 0, 0, 0, 0, 0, 0, 0, 0, 0, 0, 0, 0, 0, 0, 0, 0]"
2088,69,1477440,A,0.003,0.75,180,0.9,14,11,32,0.105,"[0, 0, 0, 0, 0, 0, 0, 0, 0, 0, 1, 5, 0, 0, 0, 0, 0, 0, 0]"
2094,69,1477440,A,0.003,0.75,180,0.9,14,11,32,0.135,"[0, 0, 0, 0, 0, 0, 0, 0, 0, 0, 0, 0, 0, 0, 0, 0, 8, 23, 7]"
2090,69,1477440,A,0.003,0.75,180,0.9,14,11,32,0.115,"[0, 0, 0, 0, 0, 0, 0, 0, 0, 0, 1, 0, 0, 0, 0, 0, 0, 0, 0]"
2096,69,1477440,A,0.003,0.75,180,0.9,14,11,32,0.145,"[0, 0, 0, 0, 0, 0, 0, 0, 0, 0, 0, 0, 0, 0, 0, 0, 0, 0, 0]"
2089,69,1477440,A,0.003,0.75,180,0.9,14,11,32,0.11,"[0, 0, 0, 0, 0, 0, 0, 0, 14, 15, 20, 33, 16, 30, 35, 29, 36, 36, 1]"
2087,69,1477440,A,0.003,0.75,180,0.9,14,11,32,0.1,"[0, 0, 0, 0, 16, 29, 9, 15, 20, 31, 43, 39, 26, 18, 28, 32, 26, 30, 0]"
2095,69,1477440,A,0.003,0.75,180,0.9,14,11,32,0.14,"[0, 0, 0, 0, 22, 60, 46, 45, 53, 49, 57, 64, 47, 70, 59, 60, 54, 50, 35]"
2098,69,1477440,A,0.003,0.75,180,0.9,14,11,32,0.155,"[0, 0, 10, 55, 69, 69, 44, 66, 52, 53, 57, 64, 53, 67, 55, 62, 58, 62, 53]"
2097,69,1477440,A,0.003,0.75,180,0.9,14,11,32,0.15,"[0, 0, 11, 47, 62, 62, 47, 74, 73, 54, 72, 67, 44, 56, 62, 66, 70, 64, 26]"
2099,69,1477440,A,0.003,0.75,180,0.9,14,11,32,0.16,"[0, 0, 0, 0, 7, 12, 16, 57, 65, 61, 63, 61, 27, 62, 62, 73, 59, 54, 59]"
2100,70,1477440,A,0.003,0.75,180,0.9,14,11,32,0.01,"[0, 0, 0, 0, 0, 0, 0, 0, 0, 0, 0, 0, 0, 0, 0, 0, 0, 0, 0]"
2101,70,1477440,A,0.003,0.75,180,0.9,14,11,32,0.015,"[0, 0, 0, 0, 0, 0, 0, 0, 0, 0, 0, 0, 0, 0, 0, 0, 0, 0, 0]"
2102,70,1477440,A,0.003,0.75,180,0.9,14,11,32,0.02,"[0, 0, 0, 0, 0, 0, 0, 0, 0, 0, 0, 0, 0, 0, 0, 0, 0, 0, 0]"
2104,70,1477440,A,0.003,0.75,180,0.9,14,11,32,0.03,"[0, 0, 0, 0, 0, 0, 0, 0, 0, 0, 0, 0, 0, 0, 0, 0, 0, 0, 0]"
2105,70,1477440,A,0.003,0.75,180,0.9,14,11,32,0.035,"[0, 0, 0, 0, 0, 0, 0, 0, 0, 0, 0, 0, 0, 0, 0, 0, 0, 0, 0]"
2106,70,1477440,A,0.003,0.75,180,0.9,14,11,32,0.045,"[0, 0, 0, 0, 0, 0, 0, 0, 0, 0, 0, 0, 0, 0, 0, 0, 1, 0, 0]"
2103,70,1477440,A,0.003,0.75,180,0.9,14,11,32,0.025,"[0, 0, 0, 0, 0, 0, 0, 0, 0, 0, 0, 0, 0, 0, 0, 0, 0, 0, 0]"
2108,70,1477440,A,0.003,0.75,180,0.9,14,11,32,0.055,"[0, 0, 0, 0, 0, 0, 0, 0, 0, 0, 0, 0, 0, 0, 0, 0, 0, 0, 0]"
2111,70,1477440,A,0.003,0.75,180,0.9,14,11,32,0.07,"[0, 0, 0, 0, 0, 0, 0, 0, 0, 0, 0, 0, 0, 0, 0, 0, 0, 0, 0]"
2107,70,1477440,A,0.003,0.75,180,0.9,14,11,32,0.05,"[0, 0, 0, 0, 0, 0, 0, 0, 0, 0, 0, 0, 0, 0, 0, 0, 0, 0, 0]"
2109,70,1477440,A,0.003,0.75,180,0.9,14,11,32,0.06,"[0, 0, 0, 0, 0, 0, 0, 0, 0, 0, 0, 0, 0, 0, 0, 0, 0, 0, 0]"
2113,70,1477440,A,0.003,0.75,180,0.9,14,11,32,0.08,"[0, 0, 0, 0, 2, 4, 0, 0, 4, 6, 12, 13, 0, 0, 0, 0, 0, 0, 0]"
2110,70,1477440,A,0.003,0.75,180,0.9,14,11,32,0.065,"[0, 0, 0, 0, 5, 6, 0, 0, 0, 0, 0, 0, 0, 0, 0, 0, 0, 0, 0]"
2117,70,1477440,A,0.003,0.75,180,0.9,14,11,32,0.1,"[0, 0, 0, 0, 0, 0, 0, 0, 1, 0, 0, 0, 0, 0, 0, 0, 0, 0, 0]"
2116,70,1477440,A,0.003,0.75,180,0.9,14,11,32,0.095,"[0, 0, 0, 0, 0, 0, 0, 0, 0, 0, 0, 0, 0, 0, 0, 0, 0, 0, 0]"
2112,70,1477440,A,0.003,0.75,180,0.9,14,11,32,0.075,"[0, 0, 0, 0, 0, 0, 0, 0, 0, 0, 0, 0, 0, 0, 0, 0, 3, 5, 2]"
2114,70,1477440,A,0.003,0.75,180,0.9,14,11,32,0.085,"[0, 0, 0, 0, 0, 0, 0, 0, 0, 2, 11, 15, 9, 9, 9, 9, 19, 22, 0]"
2119,70,1477440,A,0.003,0.75,180,0.9,14,11,32,0.11,"[0, 0, 0, 0, 13, 20, 1, 0, 3, 16, 13, 20, 14, 36, 46, 49, 35, 54, 21]"
2115,70,1477440,A,0.003,0.75,180,0.9,14,11,32,0.09,"[0, 0, 0, 0, 0, 0, 0, 0, 5, 12, 18, 16, 6, 13, 14, 26, 34, 34, 3]"
2118,70,1477440,A,0.003,0.75,180,0.9,14,11,32,0.105,"[0, 0, 0, 0, 0, 0, 0, 0, 3, 16, 25, 36, 4, 8, 14, 27, 27, 36, 13]"
2121,70,1477440,A,0.003,0.75,180,0.9,14,11,32,0.12,"[0, 0, 10, 9, 11, 16, 16, 24, 40, 51, 45, 57, 22, 40, 50, 47, 60, 55, 24]"
2120,70,1477440,A,0.003,0.75,180,0.9,14,11,32,0.115,"[0, 0, 0, 0, 0, 0, 0, 0, 0, 0, 0, 0, 0, 0, 0, 0, 3, 7, 0]"
2124,70,1477440,A,0.003,0.75,180,0.9,14,11,32,0.135,"[0, 0, 0, 0, 0, 0, 0, 0, 7, 26, 53, 62, 24, 50, 55, 59, 57, 57, 52]"
2126,70,1477440,A,0.003,0.75,180,0.9,14,11,32,0.145,"[0, 0, 0, 0, 1, 0, 0, 0, 0, 0, 11, 36, 50, 72, 60, 60, 63, 51, 46]"
2125,70,1477440,A,0.003,0.75,180,0.9,14,11,32,0.14,"[0, 0, 0, 0, 6, 43, 48, 55, 58, 57, 58, 50, 40, 49, 51, 52, 53, 62, 44]"
2122,70,1477440,A,0.003,0.75,180,0.9,14,11,32,0.125,"[0, 0, 8, 32, 45, 54, 30, 44, 40, 60, 55, 57, 21, 44, 58, 46, 54, 45, 32]"
2127,70,1477440,A,0.003,0.75,180,0.9,14,11,32,0.15,"[0, 0, 0, 0, 0, 0, 0, 0, 47, 43, 61, 66, 36, 66, 59, 62, 49, 62, 38]"
2130,71,1477440,A,0.003,0.75,180,0.9,14,11,32,0.01,"[0, 0, 0, 0, 0, 0, 0, 0, 0, 0, 0, 0, 0, 0, 0, 0, 0, 0, 0]"
2129,70,1477440,A,0.003,0.75,180,0.9,14,11,32,0.16,"[0, 0, 0, 0, 0, 0, 0, 0, 43, 60, 49, 74, 50, 72, 65, 55, 76, 51, 46]"
2134,71,1477440,A,0.003,0.75,180,0.9,14,11,32,0.03,"[0, 0, 0, 0, 0, 0, 0, 0, 0, 0, 0, 0, 0, 0, 0, 0, 0, 0, 0]"
2132,71,1477440,A,0.003,0.75,180,0.9,14,11,32,0.02,"[0, 0, 0, 0, 0, 0, 0, 0, 0, 0, 0, 0, 0, 0, 0, 0, 0, 0, 0]"
2123,70,1477440,A,0.003,0.75,180,0.9,14,11,32,0.13,"[0, 0, 0, 0, 16, 28, 29, 56, 42, 50, 51, 54, 35, 58, 47, 56, 49, 42, 19]"
2131,71,1477440,A,0.003,0.75,180,0.9,14,11,32,0.015,"[0, 0, 0, 0, 0, 0, 0, 0, 0, 0, 0, 0, 0, 0, 0, 0, 0, 0, 0]"
2133,71,1477440,A,0.003,0.75,180,0.9,14,11,32,0.025,"[0, 0, 0, 0, 0, 0, 0, 0, 0, 0, 0, 0, 0, 0, 0, 0, 0, 0, 0]"
2128,70,1477440,A,0.003,0.75,180,0.9,14,11,32,0.155,"[0, 0, 0, 0, 0, 0, 0, 0, 3, 63, 62, 59, 32, 56, 62, 59, 61, 54, 44]"
2135,71,1477440,A,0.003,0.75,180,0.9,14,11,32,0.035,"[0, 0, 0, 0, 0, 0, 0, 0, 0, 0, 0, 0, 0, 0, 0, 0, 0, 0, 0]"
2136,71,1477440,A,0.003,0.75,180,0.9,14,11,32,0.045,"[0, 0, 0, 0, 0, 0, 0, 0, 0, 0, 0, 0, 0, 0, 0, 0, 0, 0, 0]"
2137,71,1477440,A,0.003,0.75,180,0.9,14,11,32,0.05,"[0, 0, 0, 0, 0, 0, 0, 0, 0, 0, 0, 0, 0, 0, 0, 0, 0, 0, 0]"
2138,71,1477440,A,0.003,0.75,180,0.9,14,11,32,0.055,"[0, 0, 0, 0, 0, 0, 0, 0, 0, 0, 0, 0, 0, 0, 0, 0, 0, 0, 0]"
2142,71,1477440,A,0.003,0.75,180,0.9,14,11,32,0.075,"[0, 0, 3, 1, 0, 0, 0, 0, 0, 0, 0, 0, 0, 0, 0, 0, 0, 0, 0]"
2139,71,1477440,A,0.003,0.75,180,0.9,14,11,32,0.06,"[0, 0, 0, 0, 0, 0, 0, 0, 0, 0, 0, 0, 0, 0, 0, 0, 0, 0, 0]"
2141,71,1477440,A,0.003,0.75,180,0.9,14,11,32,0.07,"[0, 0, 2, 3, 12, 10, 0, 0, 0, 0, 0, 0, 0, 0, 0, 0, 0, 0, 0]"
2140,71,1477440,A,0.003,0.75,180,0.9,14,11,32,0.065,"[0, 0, 0, 0, 0, 0, 0, 0, 0, 0, 0, 0, 0, 0, 0, 0, 0, 0, 0]"
2144,71,1477440,A,0.003,0.75,180,0.9,14,11,32,0.085,"[0, 0, 0, 0, 1, 0, 0, 0, 0, 0, 0, 0, 0, 0, 0, 0, 0, 0, 0]"
2143,71,1477440,A,0.003,0.75,180,0.9,14,11,32,0.08,"[0, 0, 0, 0, 0, 0, 0, 0, 0, 0, 0, 0, 0, 0, 0, 0, 0, 0, 0]"
2146,71,1477440,A,0.003,0.75,180,0.9,14,11,32,0.095,"[0, 0, 0, 0, 2, 2, 0, 0, 0, 0, 0, 0, 0, 0, 0, 0, 0, 0, 0]"
2145,71,1477440,A,0.003,0.75,180,0.9,14,11,32,0.09,"[0, 0, 4, 4, 17, 19, 1, 5, 4, 18, 27, 28, 9, 10, 13, 22, 30, 28, 4]"
2150,71,1477440,A,0.003,0.75,180,0.9,14,11,32,0.115,"[0, 0, 0, 0, 1, 0, 0, 0, 0, 0, 0, 0, 0, 0, 0, 0, 0, 0, 0]"
2148,71,1477440,A,0.003,0.75,180,0.9,14,11,32,0.105,"[0, 0, 0, 0, 0, 0, 0, 0, 0, 0, 0, 0, 0, 0, 0, 0, 0, 0, 0]"
2147,71,1477440,A,0.003,0.75,180,0.9,14,11,32,0.1,"[0, 0, 0, 0, 1, 9, 0, 0, 5, 7, 14, 29, 4, 9, 7, 17, 24, 18, 6]"
2149,71,1477440,A,0.003,0.75,180,0.9,14,11,32,0.11,"[0, 0, 0, 0, 0, 0, 0, 0, 0, 0, 0, 0, 0, 0, 0, 0, 0, 0, 0]"
2151,71,1477440,A,0.003,0.75,180,0.9,14,11,32,0.12,"[0, 0, 0, 0, 0, 0, 0, 0, 0, 0, 0, 0, 0, 0, 0, 0, 0, 0, 0]"
2153,71,1477440,A,0.003,0.75,180,0.9,14,11,32,0.13,"[0, 0, 0, 0, 13, 27, 34, 53, 60, 56, 61, 62, 21, 40, 67, 63, 58, 61, 30]"
2152,71,1477440,A,0.003,0.75,180,0.9,14,11,32,0.125,"[0, 0, 0, 0, 7, 8, 11, 34, 34, 45, 38, 55, 32, 53, 56, 58, 51, 58, 26]"
2154,71,1477440,A,0.003,0.75,180,0.9,14,11,32,0.135,"[0, 0, 0, 0, 0, 0, 0, 0, 22, 49, 47, 46, 41, 65, 58, 55, 62, 50, 29]"
2156,71,1477440,A,0.003,0.75,180,0.9,14,11,32,0.145,"[0, 0, 7, 13, 49, 46, 18, 59, 54, 77, 51, 53, 53, 61, 57, 73, 65, 63, 25]"
2160,72,1477440,A,0.003,0.75,180,0.9,14,11,32,0.01,"[0, 0, 0, 0, 0, 0, 0, 0, 0, 0, 0, 0, 0, 0, 0, 0, 0, 0, 0]"
2161,72,1477440,A,0.003,0.75,180,0.9,14,11,32,0.015,"[0, 0, 0, 0, 0, 0, 0, 0, 0, 0, 0, 0, 0, 0, 0, 0, 0, 0, 0]"
2155,71,1477440,A,0.003,0.75,180,0.9,14,11,32,0.14,"[0, 0, 0, 0, 0, 0, 0, 0, 7, 10, 52, 51, 40, 57, 59, 55, 54, 54, 25]"
2158,71,1477440,A,0.003,0.75,180,0.9,14,11,32,0.155,"[0, 0, 0, 0, 0, 0, 0, 0, 0, 0, 1, 0, 0, 0, 0, 0, 0, 0, 0]"
2157,71,1477440,A,0.003,0.75,180,0.9,14,11,32,0.15,"[0, 0, 0, 0, 0, 0, 0, 0, 0, 0, 16, 55, 57, 64, 58, 60, 67, 72, 22]"
2159,71,1477440,A,0.003,0.75,180,0.9,14,11,32,0.16,"[0, 0, 0, 0, 10, 22, 42, 75, 66, 70, 69, 67, 54, 55, 67, 69, 70, 59, 45]"
2162,72,1477440,A,0.003,0.75,180,0.9,14,11,32,0.02,"[0, 0, 0, 0, 0, 0, 0, 0, 0, 0, 0, 0, 0, 0, 0, 0, 0, 0, 0]"
2169,72,1477440,A,0.003,0.75,180,0.9,14,11,32,0.06,"[0, 0, 0, 0, 0, 0, 0, 0, 0, 0, 0, 0, 0, 0, 0, 0, 0, 0, 0]"
2163,72,1477440,A,0.003,0.75,180,0.9,14,11,32,0.025,"[0, 0, 0, 0, 0, 0, 0, 0, 0, 0, 0, 0, 0, 0, 0, 0, 0, 0, 0]"
2167,72,1477440,A,0.003,0.75,180,0.9,14,11,32,0.05,"[0, 0, 0, 0, 0, 0, 0, 0, 0, 0, 0, 0, 0, 0, 0, 0, 0, 0, 0]"
2164,72,1477440,A,0.003,0.75,180,0.9,14,11,32,0.03,"[0, 0, 0, 0, 0, 0, 0, 0, 0, 0, 0, 0, 0, 0, 0, 0, 0, 0, 0]"
2165,72,1477440,A,0.003,0.75,180,0.9,14,11,32,0.035,"[0, 0, 0, 0, 0, 0, 0, 0, 0, 0, 0, 0, 0, 0, 0, 0, 0, 0, 0]"
2168,72,1477440,A,0.003,0.75,180,0.9,14,11,32,0.055,"[0, 0, 0, 0, 0, 0, 0, 0, 0, 0, 0, 0, 0, 0, 0, 0, 0, 0, 0]"
2166,72,1477440,A,0.003,0.75,180,0.9,14,11,32,0.045,"[0, 0, 0, 0, 0, 0, 0, 0, 0, 0, 0, 0, 0, 0, 0, 0, 0, 0, 0]"
2171,72,1477440,A,0.003,0.75,180,0.9,14,11,32,0.07,"[0, 0, 0, 0, 0, 0, 0, 0, 0, 0, 0, 0, 0, 0, 0, 0, 0, 0, 0]"
2170,72,1477440,A,0.003,0.75,180,0.9,14,11,32,0.065,"[0, 0, 0, 0, 0, 0, 0, 0, 0, 0, 0, 0, 0, 0, 0, 0, 0, 0, 0]"
2172,72,1477440,A,0.003,0.75,180,0.9,14,11,32,0.075,"[0, 0, 0, 0, 0, 0, 0, 0, 0, 0, 0, 0, 0, 0, 0, 0, 0, 0, 0]"
2173,72,1477440,A,0.003,0.75,180,0.9,14,11,32,0.08,"[0, 0, 0, 0, 0, 0, 0, 0, 0, 0, 0, 0, 0, 0, 0, 0, 1, 1, 4]"
2177,72,1477440,A,0.003,0.75,180,0.9,14,11,32,0.1,"[0, 0, 0, 0, 0, 0, 0, 0, 0, 0, 0, 0, 0, 0, 0, 0, 0, 0, 0]"
2178,72,1477440,A,0.003,0.75,180,0.9,14,11,32,0.105,"[0, 0, 0, 0, 0, 0, 0, 0, 0, 0, 0, 0, 0, 0, 0, 0, 0, 0, 0]"
2176,72,1477440,A,0.003,0.75,180,0.9,14,11,32,0.095,"[0, 0, 0, 0, 0, 0, 0, 0, 0, 0, 0, 0, 0, 0, 0, 0, 0, 0, 0]"
2174,72,1477440,A,0.003,0.75,180,0.9,14,11,32,0.085,"[0, 0, 0, 0, 0, 0, 0, 0, 4, 6, 4, 18, 8, 9, 22, 14, 24, 19, 7]"
2175,72,1477440,A,0.003,0.75,180,0.9,14,11,32,0.09,"[0, 0, 0, 0, 6, 13, 5, 22, 24, 20, 18, 19, 9, 5, 7, 9, 17, 21, 9]"
2182,72,1477440,A,0.003,0.75,180,0.9,14,11,32,0.125,"[0, 0, 0, 0, 0, 0, 0, 0, 1, 0, 4, 16, 10, 21, 39, 62, 48, 55, 33]"
2180,72,1477440,A,0.003,0.75,180,0.9,14,11,32,0.115,"[0, 0, 0, 0, 0, 0, 0, 0, 0, 0, 0, 0, 0, 0, 0, 0, 0, 0, 0]"
2183,72,1477440,A,0.003,0.75,180,0.9,14,11,32,0.13,"[0, 0, 0, 0, 1, 0, 0, 0, 38, 42, 54, 59, 38, 59, 49, 46, 56, 54, 28]"
2184,72,1477440,A,0.003,0.75,180,0.9,14,11,32,0.135,"[0, 0, 0, 0, 0, 0, 0, 0, 0, 0, 0, 0, 0, 0, 0, 0, 0, 0, 0]"
2179,72,1477440,A,0.003,0.75,180,0.9,14,11,32,0.11,"[0, 0, 3, 25, 37, 43, 30, 58, 43, 50, 49, 42, 21, 44, 54, 40, 53, 56, 9]"
2181,72,1477440,A,0.003,0.75,180,0.9,14,11,32,0.12,"[0, 0, 26, 58, 49, 59, 40, 43, 52, 55, 45, 55, 42, 52, 55, 59, 49, 46, 15]"
2185,72,1477440,A,0.003,0.75,180,0.9,14,11,32,0.14,"[0, 0, 0, 0, 0, 0, 0, 0, 4, 11, 19, 54, 20, 49, 63, 56, 66, 62, 8]"
2187,72,1477440,A,0.003,0.75,180,0.9,14,11,32,0.15,"[0, 0, 0, 0, 0, 0, 0, 0, 0, 0, 0, 0, 0, 0, 0, 0, 0, 0, 0]"
2186,72,1477440,A,0.003,0.75,180,0.9,14,11,32,0.145,"[0, 0, 0, 0, 0, 0, 0, 0, 0, 0, 18, 47, 51, 55, 58, 68, 66, 63, 45]"
2190,73,1477440,A,0.003,0.75,180,0.9,14,11,32,0.01,"[0, 0, 0, 0, 0, 0, 0, 0, 0, 0, 0, 0, 0, 0, 0, 0, 0, 0, 0]"
2189,72,1477440,A,0.003,0.75,180,0.9,14,11,32,0.16,"[0, 0, 7, 46, 48, 76, 55, 53, 63, 55, 60, 58, 66, 57, 62, 59, 63, 69, 39]"
2188,72,1477440,A,0.003,0.75,180,0.9,14,11,32,0.155,"[0, 0, 0, 0, 4, 37, 16, 50, 57, 62, 62, 61, 36, 65, 66, 69, 63, 62, 48]"
2191,73,1477440,A,0.003,0.75,180,0.9,14,11,32,0.015,"[0, 0, 0, 0, 0, 0, 0, 0, 0, 0, 0, 0, 0, 0, 0, 0, 0, 0, 0]"
2194,73,1477440,A,0.003,0.75,180,0.9,14,11,32,0.03,"[0, 0, 0, 0, 0, 0, 0, 0, 0, 0, 0, 0, 0, 0, 0, 0, 0, 0, 0]"
2192,73,1477440,A,0.003,0.75,180,0.9,14,11,32,0.02,"[0, 0, 0, 0, 0, 0, 0, 0, 0, 0, 0, 0, 0, 0, 0, 0, 0, 0, 0]"
2193,73,1477440,A,0.003,0.75,180,0.9,14,11,32,0.025,"[0, 0, 0, 0, 0, 0, 0, 0, 0, 0, 0, 0, 0, 0, 0, 0, 0, 0, 0]"
2195,73,1477440,A,0.003,0.75,180,0.9,14,11,32,0.035,"[0, 0, 0, 0, 0, 0, 0, 0, 0, 0, 0, 0, 0, 0, 0, 0, 0, 0, 0]"
2197,73,1477440,A,0.003,0.75,180,0.9,14,11,32,0.05,"[0, 0, 0, 0, 0, 0, 0, 0, 0, 0, 0, 0, 0, 0, 0, 0, 0, 0, 0]"
2198,73,1477440,A,0.003,0.75,180,0.9,14,11,32,0.055,"[0, 0, 0, 0, 0, 0, 0, 0, 0, 0, 0, 0, 0, 0, 0, 0, 0, 0, 0]"
2199,73,1477440,A,0.003,0.75,180,0.9,14,11,32,0.06,"[0, 0, 0, 0, 0, 0, 0, 0, 0, 0, 0, 0, 0, 0, 0, 0, 0, 0, 0]"
2196,73,1477440,A,0.003,0.75,180,0.9,14,11,32,0.045,"[0, 0, 0, 0, 0, 0, 0, 0, 0, 0, 0, 0, 0, 0, 0, 0, 0, 0, 0]"
2200,73,1477440,A,0.003,0.75,180,0.9,14,11,32,0.065,"[0, 0, 0, 0, 0, 0, 0, 0, 0, 0, 0, 0, 0, 0, 0, 0, 0, 0, 0]"
2201,73,1477440,A,0.003,0.75,180,0.9,14,11,32,0.07,"[0, 0, 0, 0, 0, 0, 0, 0, 0, 0, 0, 0, 0, 0, 0, 0, 0, 0, 0]"
2203,73,1477440,A,0.003,0.75,180,0.9,14,11,32,0.08,"[0, 0, 0, 0, 0, 0, 0, 0, 0, 0, 0, 0, 0, 0, 0, 0, 0, 0, 0]"
2202,73,1477440,A,0.003,0.75,180,0.9,14,11,32,0.075,"[0, 0, 0, 0, 0, 0, 0, 0, 0, 0, 0, 0, 0, 0, 0, 0, 0, 0, 0]"
2210,73,1477440,A,0.003,0.75,180,0.9,14,11,32,0.115,"[0, 0, 0, 0, 0, 0, 0, 0, 0, 0, 0, 0, 0, 0, 0, 0, 4, 13, 0]"
2208,73,1477440,A,0.003,0.75,180,0.9,14,11,32,0.105,"[0, 0, 0, 0, 0, 0, 0, 0, 0, 0, 0, 0, 0, 0, 0, 0, 0, 0, 0]"
2204,73,1477440,A,0.003,0.75,180,0.9,14,11,32,0.085,"[0, 0, 9, 5, 8, 11, 0, 0, 8, 7, 10, 6, 5, 4, 4, 11, 6, 7, 0]"
2206,73,1477440,A,0.003,0.75,180,0.9,14,11,32,0.095,"[0, 0, 0, 0, 0, 0, 0, 0, 1, 12, 20, 28, 8, 16, 20, 18, 17, 26, 0]"
2209,73,1477440,A,0.003,0.75,180,0.9,14,11,32,0.11,"[0, 0, 0, 0, 0, 0, 0, 0, 1, 0, 0, 0, 0, 0, 0, 0, 0, 0, 0]"
2207,73,1477440,A,0.003,0.75,180,0.9,14,11,32,0.1,"[0, 0, 0, 0, 1, 0, 0, 0, 3, 24, 29, 30, 2, 1, 3, 16, 17, 13, 0]"
2205,73,1477440,A,0.003,0.75,180,0.9,14,11,32,0.09,"[0, 0, 13, 18, 31, 30, 2, 7, 11, 23, 36, 33, 14, 28, 26, 34, 36, 40, 0]"
2212,73,1477440,A,0.003,0.75,180,0.9,14,11,32,0.125,"[0, 0, 0, 0, 0, 0, 0, 0, 0, 0, 0, 0, 0, 0, 0, 0, 0, 0, 0]"
2211,73,1477440,A,0.003,0.75,180,0.9,14,11,32,0.12,"[0, 0, 0, 0, 0, 0, 0, 0, 1, 11, 19, 18, 0, 0, 0, 0, 0, 0, 0]"
2214,73,1477440,A,0.003,0.75,180,0.9,14,11,32,0.135,"[0, 0, 0, 0, 0, 0, 0, 0, 0, 0, 2, 16, 37, 63, 63, 52, 59, 48, 46]"
2216,73,1477440,A,0.003,0.75,180,0.9,14,11,32,0.145,"[0, 0, 0, 0, 0, 0, 0, 0, 15, 47, 52, 68, 23, 43, 49, 62, 57, 71, 45]"
2218,73,1477440,A,0.003,0.75,180,0.9,14,11,32,0.155,"[0, 0, 0, 0, 0, 0, 0, 0, 0, 0, 14, 45, 46, 68, 68, 67, 57, 71, 52]"
2215,73,1477440,A,0.003,0.75,180,0.9,14,11,32,0.14,"[0, 0, 16, 40, 57, 62, 19, 50, 64, 58, 60, 66, 51, 59, 58, 74, 60, 50, 24]"
2220,74,1477440,A,0.003,0.75,180,0.9,14,11,32,0.01,"[0, 0, 0, 0, 0, 0, 0, 0, 0, 0, 0, 0, 0, 0, 0, 0, 0, 0, 0]"
2213,73,1477440,A,0.003,0.75,180,0.9,14,11,32,0.13,"[0, 0, 0, 0, 0, 0, 0, 0, 8, 33, 56, 63, 49, 51, 48, 60, 59, 48, 10]"
2221,74,1477440,A,0.003,0.75,180,0.9,14,11,32,0.015,"[0, 0, 0, 0, 0, 0, 0, 0, 0, 0, 0, 0, 0, 0, 0, 0, 0, 0, 0]"
2219,73,1477440,A,0.003,0.75,180,0.9,14,11,32,0.16,"[0, 0, 0, 0, 1, 0, 0, 0, 22, 52, 77, 59, 43, 66, 63, 56, 58, 57, 12]"
2223,74,1477440,A,0.003,0.75,180,0.9,14,11,32,0.025,"[0, 0, 0, 0, 0, 0, 0, 0, 0, 0, 0, 0, 0, 0, 0, 0, 0, 0, 0]"
2222,74,1477440,A,0.003,0.75,180,0.9,14,11,32,0.02,"[0, 0, 0, 0, 0, 0, 0, 0, 0, 0, 0, 0, 0, 0, 0, 0, 0, 0, 0]"
2217,73,1477440,A,0.003,0.75,180,0.9,14,11,32,0.15,"[0, 0, 8, 41, 41, 70, 61, 57, 68, 54, 60, 65, 38, 65, 61, 52, 67, 56, 13]"
2224,74,1477440,A,0.003,0.75,180,0.9,14,11,32,0.03,"[0, 0, 0, 0, 0, 1, 0, 0, 0, 0, 0, 0, 0, 0, 0, 0, 0, 0, 0]"
2226,74,1477440,A,0.003,0.75,180,0.9,14,11,32,0.045,"[0, 0, 0, 0, 0, 0, 0, 0, 0, 0, 0, 0, 0, 0, 0, 0, 0, 0, 0]"
2227,74,1477440,A,0.003,0.75,180,0.9,14,11,32,0.05,"[0, 0, 0, 0, 0, 0, 0, 0, 0, 0, 0, 0, 0, 0, 0, 0, 0, 0, 0]"
2230,74,1477440,A,0.003,0.75,180,0.9,14,11,32,0.065,"[0, 0, 0, 0, 0, 0, 0, 0, 0, 0, 1, 0, 0, 0, 0, 0, 0, 0, 0]"
2225,74,1477440,A,0.003,0.75,180,0.9,14,11,32,0.035,"[0, 0, 0, 0, 0, 0, 0, 0, 0, 0, 0, 0, 0, 0, 0, 0, 0, 0, 0]"
2231,74,1477440,A,0.003,0.75,180,0.9,14,11,32,0.07,"[0, 0, 0, 0, 0, 4, 0, 0, 0, 0, 0, 0, 0, 0, 0, 0, 0, 0, 0]"
2229,74,1477440,A,0.003,0.75,180,0.9,14,11,32,0.06,"[0, 0, 0, 0, 0, 0, 0, 0, 0, 0, 0, 0, 0, 0, 0, 0, 0, 0, 0]"
2228,74,1477440,A,0.003,0.75,180,0.9,14,11,32,0.055,"[0, 0, 0, 0, 0, 0, 0, 0, 0, 0, 0, 0, 0, 0, 0, 0, 0, 0, 0]"
2233,74,1477440,A,0.003,0.75,180,0.9,14,11,32,0.08,"[0, 0, 0, 0, 0, 0, 0, 0, 0, 0, 0, 0, 0, 0, 0, 0, 0, 0, 0]"
2232,74,1477440,A,0.003,0.75,180,0.9,14,11,32,0.075,"[0, 0, 0, 4, 3, 3, 0, 0, 0, 0, 0, 0, 0, 0, 0, 0, 0, 0, 0]"
2234,74,1477440,A,0.003,0.75,180,0.9,14,11,32,0.085,"[0, 0, 0, 0, 2, 8, 0, 0, 0, 0, 0, 0, 0, 0, 0, 0, 0, 0, 0]"
2235,74,1477440,A,0.003,0.75,180,0.9,14,11,32,0.09,"[0, 0, 0, 0, 0, 0, 0, 0, 2, 7, 17, 12, 0, 0, 0, 0, 0, 0, 0]"
2236,74,1477440,A,0.003,0.75,180,0.9,14,11,32,0.095,"[0, 0, 0, 0, 0, 0, 0, 0, 0, 0, 0, 0, 0, 0, 0, 0, 0, 0, 0]"
2237,74,1477440,A,0.003,0.75,180,0.9,14,11,32,0.1,"[0, 0, 0, 0, 0, 0, 0, 0, 0, 0, 0, 0, 0, 0, 0, 0, 0, 0, 0]"
2241,74,1477440,A,0.003,0.75,180,0.9,14,11,32,0.12,"[0, 0, 0, 0, 0, 0, 0, 0, 0, 0, 0, 0, 0, 0, 0, 0, 0, 0, 0]"
2238,74,1477440,A,0.003,0.75,180,0.9,14,11,32,0.105,"[0, 0, 0, 0, 0, 0, 0, 0, 11, 24, 15, 10, 0, 0, 0, 0, 0, 0, 0]"
2240,74,1477440,A,0.003,0.75,180,0.9,14,11,32,0.115,"[0, 0, 0, 0, 5, 9, 0, 0, 0, 0, 0, 0, 0, 0, 0, 0, 0, 0, 0]"
2239,74,1477440,A,0.003,0.75,180,0.9,14,11,32,0.11,"[0, 0, 0, 0, 0, 0, 0, 0, 0, 0, 0, 0, 0, 0, 0, 0, 0, 0, 0]"
2243,74,1477440,A,0.003,0.75,180,0.9,14,11,32,0.13,"[0, 0, 0, 0, 0, 0, 0, 0, 0, 0, 8, 38, 8, 46, 53, 51, 54, 55, 39]"
2242,74,1477440,A,0.003,0.75,180,0.9,14,11,32,0.125,"[0, 0, 0, 0, 0, 0, 0, 0, 0, 0, 0, 0, 0, 0, 0, 0, 7, 30, 48]"
2245,74,1477440,A,0.003,0.75,180,0.9,14,11,32,0.14,"[0, 0, 8, 6, 48, 53, 25, 44, 52, 57, 57, 60, 51, 63, 65, 51, 59, 44, 30]"
2244,74,1477440,A,0.003,0.75,180,0.9,14,11,32,0.135,"[0, 0, 0, 0, 0, 0, 0, 0, 4, 35, 68, 59, 34, 50, 66, 65, 55, 62, 32]"
2247,74,1477440,A,0.003,0.75,180,0.9,14,11,32,0.15,"[0, 0, 0, 0, 0, 0, 0, 0, 22, 42, 66, 58, 56, 57, 54, 58, 61, 55, 50]"
2248,74,1477440,A,0.003,0.75,180,0.9,14,11,32,0.155,"[0, 0, 0, 0, 0, 0, 0, 0, 0, 0, 0, 0, 0, 0, 0, 0, 0, 0, 0]"
2246,74,1477440,A,0.003,0.75,180,0.9,14,11,32,0.145,"[0, 0, 7, 39, 60, 69, 50, 54, 53, 56, 49, 58, 37, 45, 66, 64, 58, 65, 47]"
2250,75,1477440,A,0.003,0.75,180,0.9,14,11,32,0.01,"[0, 0, 0, 0, 0, 0, 0, 0, 0, 0, 0, 0, 0, 0, 0, 0, 0, 0, 0]"
2249,74,1477440,A,0.003,0.75,180,0.9,14,11,32,0.16,"[0, 0, 0, 0, 0, 0, 0, 0, 19, 57, 67, 68, 49, 71, 55, 72, 59, 61, 71]"
2252,75,1477440,A,0.003,0.75,180,0.9,14,11,32,0.02,"[0, 0, 0, 0, 0, 0, 0, 0, 0, 0, 0, 0, 0, 0, 0, 0, 0, 0, 0]"
2251,75,1477440,A,0.003,0.75,180,0.9,14,11,32,0.015,"[0, 0, 0, 0, 0, 0, 0, 0, 0, 0, 0, 0, 0, 0, 0, 0, 0, 0, 0]"
2253,75,1477440,A,0.003,0.75,180,0.9,14,11,32,0.025,"[0, 0, 0, 0, 0, 0, 0, 0, 0, 0, 0, 0, 0, 0, 0, 0, 0, 0, 0]"
2255,75,1477440,A,0.003,0.75,180,0.9,14,11,32,0.035,"[0, 0, 0, 0, 0, 0, 0, 0, 0, 0, 0, 0, 0, 0, 0, 0, 0, 0, 0]"
2257,75,1477440,A,0.003,0.75,180,0.9,14,11,32,0.05,"[0, 0, 0, 0, 0, 0, 0, 0, 0, 0, 0, 0, 0, 0, 0, 0, 0, 0, 0]"
2260,75,1477440,A,0.003,0.75,180,0.9,14,11,32,0.065,"[0, 0, 0, 0, 0, 0, 0, 0, 0, 0, 0, 0, 0, 0, 0, 0, 0, 0, 0]"
2258,75,1477440,A,0.003,0.75,180,0.9,14,11,32,0.055,"[0, 0, 0, 0, 0, 0, 0, 0, 0, 0, 0, 0, 0, 0, 0, 0, 0, 0, 0]"
2254,75,1477440,A,0.003,0.75,180,0.9,14,11,32,0.03,"[0, 0, 0, 0, 0, 0, 0, 0, 0, 0, 0, 0, 0, 0, 0, 0, 0, 0, 0]"
2256,75,1477440,A,0.003,0.75,180,0.9,14,11,32,0.045,"[0, 0, 0, 0, 0, 0, 0, 0, 0, 0, 0, 0, 0, 0, 0, 0, 0, 0, 0]"
2262,75,1477440,A,0.003,0.75,180,0.9,14,11,32,0.075,"[0, 0, 1, 0, 0, 0, 0, 0, 0, 0, 0, 0, 0, 0, 0, 0, 0, 0, 0]"
2259,75,1477440,A,0.003,0.75,180,0.9,14,11,32,0.06,"[0, 0, 0, 0, 0, 0, 0, 0, 0, 0, 0, 0, 0, 0, 0, 0, 0, 0, 0]"
2261,75,1477440,A,0.003,0.75,180,0.9,14,11,32,0.07,"[0, 0, 0, 0, 0, 0, 0, 0, 0, 0, 0, 0, 0, 0, 0, 0, 0, 0, 0]"
2263,75,1477440,A,0.003,0.75,180,0.9,14,11,32,0.08,"[0, 0, 0, 0, 0, 0, 0, 0, 6, 5, 8, 8, 0, 1, 6, 4, 6, 9, 0]"
2267,75,1477440,A,0.003,0.75,180,0.9,14,11,32,0.1,"[0, 0, 0, 0, 0, 0, 0, 0, 0, 0, 1, 0, 0, 0, 0, 0, 0, 0, 0]"
2265,75,1477440,A,0.003,0.75,180,0.9,14,11,32,0.09,"[0, 0, 3, 10, 5, 14, 8, 11, 6, 9, 23, 21, 2, 8, 6, 18, 27, 30, 10]"
2264,75,1477440,A,0.003,0.75,180,0.9,14,11,32,0.085,"[0, 0, 0, 0, 0, 0, 0, 0, 0, 0, 0, 0, 0, 0, 0, 0, 0, 0, 0]"
2270,75,1477440,A,0.003,0.75,180,0.9,14,11,32,0.115,"[0, 0, 0, 0, 0, 0, 0, 0, 0, 0, 2, 2, 0, 0, 0, 0, 0, 0, 0]"
2266,75,1477440,A,0.003,0.75,180,0.9,14,11,32,0.095,"[0, 0, 0, 0, 0, 0, 0, 0, 0, 0, 0, 0, 0, 0, 0, 0, 0, 0, 0]"
2272,75,1477440,A,0.003,0.75,180,0.9,14,11,32,0.125,"[0, 0, 0, 0, 0, 0, 0, 0, 0, 0, 0, 0, 0, 0, 0, 0, 0, 0, 0]"
2271,75,1477440,A,0.003,0.75,180,0.9,14,11,32,0.12,"[0, 0, 0, 0, 0, 0, 0, 0, 0, 0, 0, 0, 0, 0, 0, 0, 0, 0, 0]"
2268,75,1477440,A,0.003,0.75,180,0.9,14,11,32,0.105,"[0, 0, 0, 0, 31, 43, 15, 14, 27, 39, 38, 42, 10, 40, 45, 45, 52, 49, 22]"
2278,75,1477440,A,0.003,0.75,180,0.9,14,11,32,0.155,"[0, 0, 0, 0, 0, 0, 0, 0, 0, 0, 0, 0, 0, 0, 0, 0, 30, 61, 56]"
2276,75,1477440,A,0.003,0.75,180,0.9,14,11,32,0.145,"[0, 0, 0, 0, 0, 0, 0, 0, 22, 51, 56, 70, 54, 66, 54, 60, 61, 56, 35]"
2275,75,1477440,A,0.003,0.75,180,0.9,14,11,32,0.14,"[0, 0, 0, 0, 3, 25, 17, 44, 55, 61, 64, 54, 59, 58, 61, 58, 69, 59, 46]"
2274,75,1477440,A,0.003,0.75,180,0.9,14,11,32,0.135,"[0, 0, 0, 0, 0, 0, 0, 0, 0, 0, 0, 0, 0, 0, 0, 0, 0, 0, 0]"
2277,75,1477440,A,0.003,0.75,180,0.9,14,11,32,0.15,"[0, 0, 0, 0, 0, 0, 0, 0, 0, 0, 0, 0, 0, 0, 0, 0, 0, 0, 0]"
2269,75,1477440,A,0.003,0.75,180,0.9,14,11,32,0.11,"[0, 0, 14, 18, 35, 50, 14, 28, 49, 44, 49, 49, 9, 23, 36, 29, 37, 45, 19]"
2280,76,1477440,A,0.003,0.75,180,0.9,14,11,32,0.01,"[0, 0, 0, 0, 0, 0, 0, 0, 0, 0, 0, 0, 0, 0, 0, 0, 0, 0, 0]"
2281,76,1477440,A,0.003,0.75,180,0.9,14,11,32,0.015,"[0, 0, 0, 0, 0, 0, 0, 0, 0, 0, 0, 0, 0, 0, 0, 0, 0, 0, 0]"
2273,75,1477440,A,0.003,0.75,180,0.9,14,11,32,0.13,"[0, 0, 2, 13, 48, 54, 48, 76, 47, 52, 47, 70, 24, 31, 56, 53, 55, 51, 26]"
2282,76,1477440,A,0.003,0.75,180,0.9,14,11,32,0.02,"[0, 0, 0, 0, 0, 0, 0, 0, 0, 0, 0, 0, 0, 0, 0, 0, 0, 0, 0]"
2279,75,1477440,A,0.003,0.75,180,0.9,14,11,32,0.16,"[0, 0, 19, 55, 61, 54, 50, 64, 67, 62, 53, 57, 55, 69, 63, 86, 59, 64, 52]"
2283,76,1477440,A,0.003,0.75,180,0.9,14,11,32,0.025,"[0, 0, 0, 0, 0, 0, 0, 0, 0, 0, 0, 0, 0, 0, 0, 0, 0, 0, 0]"
2286,76,1477440,A,0.003,0.75,180,0.9,14,11,32,0.045,"[0, 0, 0, 0, 0, 1, 0, 0, 0, 0, 0, 0, 0, 0, 0, 0, 0, 0, 0]"
2285,76,1477440,A,0.003,0.75,180,0.9,14,11,32,0.035,"[0, 0, 0, 0, 0, 0, 0, 0, 0, 0, 0, 0, 0, 0, 0, 0, 0, 0, 0]"
2284,76,1477440,A,0.003,0.75,180,0.9,14,11,32,0.03,"[0, 0, 0, 0, 0, 0, 0, 0, 0, 0, 0, 0, 0, 0, 0, 0, 0, 0, 0]"
2288,76,1477440,A,0.003,0.75,180,0.9,14,11,32,0.055,"[0, 0, 0, 0, 0, 0, 0, 0, 0, 0, 0, 0, 0, 0, 0, 0, 0, 0, 0]"
2289,76,1477440,A,0.003,0.75,180,0.9,14,11,32,0.06,"[0, 0, 0, 0, 0, 0, 0, 0, 0, 0, 0, 0, 0, 0, 0, 0, 0, 0, 0]"
2287,76,1477440,A,0.003,0.75,180,0.9,14,11,32,0.05,"[0, 0, 0, 0, 0, 0, 0, 0, 0, 0, 0, 0, 0, 0, 0, 0, 0, 0, 0]"
2291,76,1477440,A,0.003,0.75,180,0.9,14,11,32,0.07,"[0, 0, 0, 0, 0, 0, 0, 0, 0, 0, 0, 0, 0, 0, 0, 0, 0, 0, 0]"
2292,76,1477440,A,0.003,0.75,180,0.9,14,11,32,0.075,"[0, 0, 0, 0, 0, 0, 0, 0, 0, 0, 0, 2, 0, 0, 0, 0, 0, 0, 0]"
2293,76,1477440,A,0.003,0.75,180,0.9,14,11,32,0.08,"[0, 0, 0, 0, 0, 0, 0, 0, 0, 0, 0, 0, 0, 0, 0, 0, 0, 0, 0]"
2290,76,1477440,A,0.003,0.75,180,0.9,14,11,32,0.065,"[0, 0, 0, 0, 0, 0, 0, 0, 0, 0, 0, 0, 0, 0, 0, 0, 0, 0, 0]"
2294,76,1477440,A,0.003,0.75,180,0.9,14,11,32,0.085,"[0, 0, 0, 0, 0, 0, 0, 0, 5, 6, 11, 19, 2, 0, 0, 0, 0, 0, 0]"
2295,76,1477440,A,0.003,0.75,180,0.9,14,11,32,0.09,"[0, 0, 0, 0, 0, 0, 0, 0, 0, 0, 0, 0, 0, 0, 0, 0, 0, 0, 0]"
2297,76,1477440,A,0.003,0.75,180,0.9,14,11,32,0.1,"[0, 0, 0, 0, 0, 0, 0, 0, 0, 0, 0, 0, 0, 0, 0, 0, 5, 14, 19]"
2296,76,1477440,A,0.003,0.75,180,0.9,14,11,32,0.095,"[0, 0, 0, 0, 0, 0, 0, 0, 0, 0, 5, 25, 2, 6, 7, 11, 13, 27, 8]"
2298,76,1477440,A,0.003,0.75,180,0.9,14,11,32,0.105,"[0, 0, 0, 0, 0, 0, 0, 0, 0, 0, 0, 0, 0, 0, 0, 0, 0, 0, 0]"
2301,76,1477440,A,0.003,0.75,180,0.9,14,11,32,0.12,"[0, 0, 0, 0, 0, 0, 0, 0, 0, 0, 0, 0, 0, 0, 0, 0, 9, 28, 12]"
2300,76,1477440,A,0.003,0.75,180,0.9,14,11,32,0.115,"[0, 0, 0, 0, 0, 0, 0, 0, 0, 0, 1, 17, 6, 17, 30, 37, 42, 53, 31]"
2299,76,1477440,A,0.003,0.75,180,0.9,14,11,32,0.11,"[0, 0, 7, 13, 26, 31, 14, 17, 14, 32, 43, 49, 35, 39, 50, 42, 63, 54, 0]"
2302,76,1477440,A,0.003,0.75,180,0.9,14,11,32,0.125,"[0, 0, 0, 0, 17, 35, 18, 36, 45, 59, 54, 42, 12, 22, 30, 30, 49, 63, 39]"
2303,76,1477440,A,0.003,0.75,180,0.9,14,11,32,0.13,"[0, 0, 0, 0, 7, 9, 0, 0, 3, 10, 38, 46, 14, 21, 42, 51, 50, 50, 2]"
2304,76,1477440,A,0.003,0.75,180,0.9,14,11,32,0.135,"[0, 0, 0, 0, 0, 0, 0, 0, 7, 42, 52, 53, 45, 52, 60, 52, 67, 49, 61]"
2306,76,1477440,A,0.003,0.75,180,0.9,14,11,32,0.145,"[0, 0, 8, 17, 29, 59, 43, 73, 63, 53, 62, 56, 21, 58, 55, 65, 50, 56, 31]"
2313,77,1477440,A,0.003,0.75,180,0.9,14,11,32,0.025,"[0, 0, 0, 0, 0, 0, 0, 0, 0, 0, 0, 0, 0, 0, 0, 0, 0, 0, 0]"
2309,76,1477440,A,0.003,0.75,180,0.9,14,11,32,0.16,"[0, 0, 0, 0, 10, 28, 15, 58, 62, 57, 66, 62, 13, 45, 56, 64, 67, 61, 63]"
2311,77,1477440,A,0.003,0.75,180,0.9,14,11,32,0.015,"[0, 0, 0, 0, 0, 0, 0, 0, 0, 0, 0, 0, 0, 0, 0, 0, 0, 0, 0]"
2307,76,1477440,A,0.003,0.75,180,0.9,14,11,32,0.15,"[0, 0, 1, 0, 0, 0, 0, 0, 0, 41, 57, 63, 14, 51, 59, 51, 66, 58, 57]"
2310,77,1477440,A,0.003,0.75,180,0.9,14,11,32,0.01,"[0, 0, 0, 0, 0, 0, 0, 0, 0, 0, 0, 0, 0, 0, 0, 0, 0, 0, 0]"
2308,76,1477440,A,0.003,0.75,180,0.9,14,11,32,0.155,"[0, 0, 0, 0, 0, 0, 0, 0, 0, 0, 16, 66, 46, 48, 56, 79, 47, 56, 55]"
2312,77,1477440,A,0.003,0.75,180,0.9,14,11,32,0.02,"[0, 0, 0, 0, 0, 0, 0, 0, 0, 0, 0, 0, 0, 0, 0, 0, 0, 0, 0]"
2305,76,1477440,A,0.003,0.75,180,0.9,14,11,32,0.14,"[0, 0, 0, 0, 8, 25, 28, 58, 46, 49, 47, 49, 48, 51, 68, 53, 77, 53, 54]"
2314,77,1477440,A,0.003,0.75,180,0.9,14,11,32,0.03,"[0, 0, 0, 0, 0, 0, 0, 0, 0, 0, 0, 0, 0, 0, 0, 0, 0, 0, 0]"
2318,77,1477440,A,0.003,0.75,180,0.9,14,11,32,0.055,"[0, 0, 0, 0, 0, 0, 0, 0, 0, 7, 13, 13, 0, 7, 7, 5, 8, 7, 3]"
2315,77,1477440,A,0.003,0.75,180,0.9,14,11,32,0.035,"[0, 0, 0, 2, 2, 0, 2, 1, 2, 3, 2, 2, 2, 1, 2, 3, 3, 3, 0]"
2317,77,1477440,A,0.003,0.75,180,0.9,14,11,32,0.05,"[0, 0, 0, 0, 0, 0, 0, 0, 0, 0, 0, 0, 0, 0, 0, 0, 0, 0, 0]"
2316,77,1477440,A,0.003,0.75,180,0.9,14,11,32,0.045,"[0, 0, 0, 0, 0, 0, 0, 0, 0, 0, 0, 0, 0, 0, 0, 0, 1, 2, 0]"
2327,77,1477440,A,0.003,0.75,180,0.9,14,11,32,0.1,"[0, 0, 0, 0, 0, 0, 0, 0, 0, 0, 2, 9, 0, 0, 0, 0, 0, 0, 0]"
2325,77,1477440,A,0.003,0.75,180,0.9,14,11,32,0.09,"[0, 0, 0, 0, 0, 0, 0, 0, 0, 0, 0, 0, 0, 0, 0, 0, 0, 0, 0]"
2322,77,1477440,A,0.003,0.75,180,0.9,14,11,32,0.075,"[0, 0, 0, 0, 0, 0, 0, 0, 0, 0, 0, 0, 0, 0, 0, 0, 0, 0, 0]"
2319,77,1477440,A,0.003,0.75,180,0.9,14,11,32,0.06,"[0, 0, 0, 0, 0, 0, 0, 0, 0, 0, 0, 0, 0, 0, 0, 0, 0, 0, 0]"
2321,77,1477440,A,0.003,0.75,180,0.9,14,11,32,0.07,"[0, 0, 0, 0, 0, 0, 0, 0, 0, 0, 0, 0, 0, 0, 0, 0, 0, 0, 0]"
2326,77,1477440,A,0.003,0.75,180,0.9,14,11,32,0.095,"[0, 0, 0, 0, 0, 0, 0, 0, 0, 0, 0, 0, 0, 0, 0, 0, 5, 5, 9]"
2320,77,1477440,A,0.003,0.75,180,0.9,14,11,32,0.065,"[0, 0, 0, 0, 0, 0, 0, 0, 0, 0, 0, 0, 0, 0, 0, 0, 0, 0, 0]"
2323,77,1477440,A,0.003,0.75,180,0.9,14,11,32,0.08,"[0, 0, 0, 0, 0, 0, 0, 0, 0, 0, 0, 0, 0, 0, 0, 0, 0, 0, 0]"
2330,77,1477440,A,0.003,0.75,180,0.9,14,11,32,0.115,"[0, 0, 7, 12, 14, 22, 5, 17, 29, 41, 42, 56, 29, 28, 40, 43, 54, 59, 32]"
2324,77,1477440,A,0.003,0.75,180,0.9,14,11,32,0.085,"[0, 0, 0, 0, 0, 0, 0, 0, 0, 0, 0, 0, 0, 0, 0, 0, 3, 6, 4]"
2329,77,1477440,A,0.003,0.75,180,0.9,14,11,32,0.11,"[0, 0, 5, 10, 12, 20, 12, 42, 58, 45, 42, 46, 21, 31, 41, 49, 49, 51, 10]"
2328,77,1477440,A,0.003,0.75,180,0.9,14,11,32,0.105,"[0, 0, 0, 0, 0, 0, 0, 0, 0, 0, 0, 0, 0, 0, 0, 0, 0, 0, 0]"
2333,77,1477440,A,0.003,0.75,180,0.9,14,11,32,0.13,"[0, 0, 0, 0, 0, 0, 0, 0, 8, 46, 53, 46, 36, 68, 64, 52, 59, 51, 36]"
2331,77,1477440,A,0.003,0.75,180,0.9,14,11,32,0.12,"[0, 0, 0, 0, 0, 0, 0, 0, 2, 5, 25, 47, 20, 39, 51, 66, 54, 56, 29]"
2334,77,1477440,A,0.003,0.75,180,0.9,14,11,32,0.135,"[0, 0, 7, 31, 63, 62, 37, 32, 52, 42, 65, 73, 26, 52, 56, 58, 69, 54, 10]"
2336,77,1477440,A,0.003,0.75,180,0.9,14,11,32,0.145,"[0, 0, 0, 0, 0, 0, 0, 0, 0, 0, 8, 18, 0, 0, 0, 0, 0, 0, 0]"
2335,77,1477440,A,0.003,0.75,180,0.9,14,11,32,0.14,"[0, 0, 0, 0, 4, 18, 7, 26, 50, 60, 48, 61, 28, 53, 65, 53, 64, 60, 26]"
2332,77,1477440,A,0.003,0.75,180,0.9,14,11,32,0.125,"[0, 0, 5, 12, 25, 38, 18, 36, 40, 61, 45, 46, 14, 42, 61, 58, 58, 61, 16]"
2338,77,1477440,A,0.003,0.75,180,0.9,14,11,32,0.155,"[0, 0, 0, 0, 0, 0, 0, 0, 0, 0, 0, 0, 0, 0, 0, 0, 0, 0, 0]"
2340,78,1477440,A,0.003,0.75,180,0.9,14,11,32,0.01,"[0, 0, 0, 0, 0, 0, 0, 0, 0, 0, 0, 0, 0, 0, 0, 0, 0, 0, 0]"
2339,77,1477440,A,0.003,0.75,180,0.9,14,11,32,0.16,"[0, 0, 0, 0, 0, 0, 0, 0, 0, 0, 0, 0, 0, 0, 0, 0, 0, 0, 0]"
2337,77,1477440,A,0.003,0.75,180,0.9,14,11,32,0.15,"[0, 0, 0, 0, 0, 0, 0, 0, 0, 0, 0, 0, 0, 0, 0, 0, 20, 45, 51]"
2343,78,1477440,A,0.003,0.75,180,0.9,14,11,32,0.025,"[0, 0, 0, 1, 2, 1, 0, 0, 0, 0, 0, 0, 0, 0, 0, 0, 0, 0, 0]"
2342,78,1477440,A,0.003,0.75,180,0.9,14,11,32,0.02,"[0, 0, 0, 0, 0, 0, 0, 0, 0, 0, 0, 0, 0, 0, 0, 0, 0, 0, 0]"
2341,78,1477440,A,0.003,0.75,180,0.9,14,11,32,0.015,"[0, 0, 0, 0, 0, 0, 0, 0, 0, 0, 0, 0, 0, 0, 0, 0, 0, 0, 0]"
2344,78,1477440,A,0.003,0.75,180,0.9,14,11,32,0.03,"[0, 0, 0, 0, 0, 0, 0, 0, 0, 0, 0, 0, 0, 0, 0, 0, 0, 0, 0]"
2345,78,1477440,A,0.003,0.75,180,0.9,14,11,32,0.035,"[0, 0, 0, 0, 0, 0, 0, 0, 0, 0, 0, 0, 0, 0, 0, 0, 0, 0, 0]"
2347,78,1477440,A,0.003,0.75,180,0.9,14,11,32,0.05,"[0, 0, 0, 0, 0, 0, 0, 0, 0, 0, 0, 0, 0, 0, 0, 0, 0, 0, 0]"
2348,78,1477440,A,0.003,0.75,180,0.9,14,11,32,0.055,"[0, 0, 0, 0, 0, 0, 0, 0, 1, 0, 0, 0, 0, 0, 0, 0, 0, 0, 0]"
2346,78,1477440,A,0.003,0.75,180,0.9,14,11,32,0.045,"[0, 0, 0, 0, 0, 0, 0, 0, 0, 0, 0, 0, 0, 0, 0, 0, 0, 0, 0]"
2351,78,1477440,A,0.003,0.75,180,0.9,14,11,32,0.07,"[0, 0, 0, 0, 0, 0, 0, 0, 0, 0, 0, 0, 0, 0, 0, 0, 0, 0, 0]"
2349,78,1477440,A,0.003,0.75,180,0.9,14,11,32,0.06,"[0, 0, 0, 0, 0, 0, 0, 0, 0, 0, 0, 0, 0, 0, 0, 0, 0, 0, 0]"
2350,78,1477440,A,0.003,0.75,180,0.9,14,11,32,0.065,"[0, 0, 0, 0, 0, 0, 0, 0, 0, 0, 0, 0, 0, 0, 0, 0, 0, 0, 0]"
2352,78,1477440,A,0.003,0.75,180,0.9,14,11,32,0.075,"[0, 0, 0, 0, 0, 0, 0, 0, 0, 0, 0, 2, 0, 0, 0, 0, 0, 0, 0]"
2353,78,1477440,A,0.003,0.75,180,0.9,14,11,32,0.08,"[0, 0, 0, 0, 0, 0, 0, 0, 0, 0, 0, 0, 0, 0, 0, 0, 0, 0, 0]"
2355,78,1477440,A,0.003,0.75,180,0.9,14,11,32,0.09,"[0, 0, 1, 4, 6, 7, 0, 0, 0, 0, 4, 8, 6, 6, 4, 22, 19, 21, 0]"
2356,78,1477440,A,0.003,0.75,180,0.9,14,11,32,0.095,"[0, 0, 0, 0, 0, 0, 0, 0, 1, 0, 0, 0, 0, 0, 0, 0, 0, 0, 0]"
2357,78,1477440,A,0.003,0.75,180,0.9,14,11,32,0.1,"[0, 0, 0, 0, 0, 0, 0, 0, 0, 0, 0, 0, 0, 0, 0, 0, 0, 0, 0]"
2362,78,1477440,A,0.003,0.75,180,0.9,14,11,32,0.125,"[0, 0, 0, 0, 0, 0, 0, 0, 5, 27, 37, 44, 31, 45, 45, 69, 48, 47, 8]"
2354,78,1477440,A,0.003,0.75,180,0.9,14,11,32,0.085,"[0, 0, 0, 0, 0, 0, 0, 0, 0, 0, 0, 0, 0, 0, 0, 0, 4, 7, 0]"
2361,78,1477440,A,0.003,0.75,180,0.9,14,11,32,0.12,"[0, 0, 0, 0, 0, 0, 0, 0, 0, 0, 0, 0, 0, 0, 0, 0, 0, 0, 0]"
2358,78,1477440,A,0.003,0.75,180,0.9,14,11,32,0.105,"[0, 0, 0, 0, 0, 0, 0, 0, 1, 5, 9, 5, 21, 35, 37, 32, 44, 36, 26]"
2363,78,1477440,A,0.003,0.75,180,0.9,14,11,32,0.13,"[0, 0, 0, 0, 0, 0, 0, 0, 6, 12, 45, 49, 26, 63, 66, 62, 56, 61, 25]"
2360,78,1477440,A,0.003,0.75,180,0.9,14,11,32,0.115,"[0, 0, 0, 0, 0, 0, 0, 0, 0, 0, 0, 0, 0, 0, 0, 0, 3, 18, 21]"
2359,78,1477440,A,0.003,0.75,180,0.9,14,11,32,0.11,"[0, 0, 0, 0, 0, 0, 0, 0, 0, 0, 0, 0, 0, 0, 0, 0, 0, 0, 0]"
2366,78,1477440,A,0.003,0.75,180,0.9,14,11,32,0.145,"[0, 0, 0, 0, 0, 0, 0, 0, 4, 47, 64, 68, 18, 67, 65, 59, 61, 60, 41]"
2365,78,1477440,A,0.003,0.75,180,0.9,14,11,32,0.14,"[0, 0, 0, 0, 0, 0, 0, 0, 0, 0, 5, 26, 36, 56, 65, 55, 69, 59, 4]"
2369,78,1477440,A,0.003,0.75,180,0.9,14,11,32,0.16,"[0, 0, 0, 0, 0, 0, 0, 0, 0, 0, 0, 0, 0, 0, 0, 0, 0, 0, 0]"
2364,78,1477440,A,0.003,0.75,180,0.9,14,11,32,0.135,"[0, 0, 0, 0, 0, 0, 0, 0, 12, 52, 57, 59, 40, 70, 53, 64, 52, 63, 54]"
2377,79,1477440,A,0.003,0.75,180,0.9,14,11,32,0.05,"[0, 0, 0, 0, 0, 0, 0, 0, 0, 0, 0, 0, 0, 0, 0, 0, 0, 0, 0]"
2373,79,1477440,A,0.003,0.75,180,0.9,14,11,32,0.025,"[0, 0, 0, 0, 0, 0, 0, 0, 0, 0, 0, 0, 0, 0, 0, 0, 0, 0, 0]"
2379,79,1477440,A,0.003,0.75,180,0.9,14,11,32,0.06,"[0, 0, 0, 0, 2, 1, 0, 0, 0, 0, 0, 0, 0, 0, 0, 0, 1, 1, 0]"
2375,79,1477440,A,0.003,0.75,180,0.9,14,11,32,0.035,"[0, 0, 0, 0, 0, 0, 0, 0, 0, 0, 0, 0, 0, 0, 0, 0, 0, 0, 0]"
2372,79,1477440,A,0.003,0.75,180,0.9,14,11,32,0.02,"[0, 0, 0, 0, 0, 0, 0, 0, 0, 0, 0, 0, 0, 0, 0, 0, 0, 0, 0]"
2370,79,1477440,A,0.003,0.75,180,0.9,14,11,32,0.01,"[0, 0, 0, 0, 0, 0, 0, 0, 0, 0, 0, 0, 0, 0, 0, 0, 0, 0, 0]"
2371,79,1477440,A,0.003,0.75,180,0.9,14,11,32,0.015,"[0, 0, 0, 0, 0, 0, 0, 0, 0, 0, 0, 0, 0, 0, 0, 0, 0, 0, 0]"
2374,79,1477440,A,0.003,0.75,180,0.9,14,11,32,0.03,"[0, 0, 0, 0, 0, 0, 0, 0, 0, 0, 0, 0, 0, 0, 0, 0, 0, 0, 0]"
2367,78,1477440,A,0.003,0.75,180,0.9,14,11,32,0.15,"[0, 0, 0, 0, 0, 0, 0, 0, 10, 46, 57, 75, 42, 46, 56, 59, 64, 69, 49]"
2376,79,1477440,A,0.003,0.75,180,0.9,14,11,32,0.045,"[0, 0, 0, 0, 3, 0, 0, 0, 0, 0, 0, 0, 0, 0, 0, 0, 0, 0, 0]"
2380,79,1477440,A,0.003,0.75,180,0.9,14,11,32,0.065,"[0, 0, 0, 0, 0, 0, 0, 0, 0, 0, 0, 0, 0, 0, 0, 0, 0, 0, 0]"
2368,78,1477440,A,0.003,0.75,180,0.9,14,11,32,0.155,"[0, 0, 0, 0, 0, 0, 0, 0, 25, 56, 67, 62, 33, 58, 62, 64, 55, 51, 35]"
2378,79,1477440,A,0.003,0.75,180,0.9,14,11,32,0.055,"[0, 0, 0, 0, 0, 0, 0, 0, 0, 0, 0, 0, 0, 0, 0, 0, 0, 0, 0]"
2381,79,1477440,A,0.003,0.75,180,0.9,14,11,32,0.07,"[0, 0, 0, 0, 0, 0, 0, 0, 0, 0, 0, 0, 0, 0, 0, 0, 1, 0, 0]"
2382,79,1477440,A,0.003,0.75,180,0.9,14,11,32,0.075,"[0, 0, 0, 0, 0, 0, 0, 0, 0, 0, 0, 0, 0, 0, 0, 0, 0, 0, 0]"
2385,79,1477440,A,0.003,0.75,180,0.9,14,11,32,0.09,"[0, 0, 0, 0, 0, 0, 0, 0, 0, 0, 0, 0, 0, 0, 0, 0, 0, 0, 0]"
2383,79,1477440,A,0.003,0.75,180,0.9,14,11,32,0.08,"[0, 0, 0, 0, 0, 0, 0, 0, 0, 0, 0, 0, 0, 0, 0, 0, 0, 0, 0]"
2387,79,1477440,A,0.003,0.75,180,0.9,14,11,32,0.1,"[0, 0, 0, 0, 4, 9, 0, 0, 0, 0, 0, 0, 0, 0, 0, 0, 0, 0, 0]"
2386,79,1477440,A,0.003,0.75,180,0.9,14,11,32,0.095,"[0, 0, 1, 2, 6, 9, 2, 4, 1, 13, 12, 10, 0, 4, 12, 12, 21, 28, 2]"
2388,79,1477440,A,0.003,0.75,180,0.9,14,11,32,0.105,"[0, 0, 0, 0, 0, 0, 0, 0, 0, 0, 5, 10, 0, 0, 0, 0, 0, 0, 0]"
2390,79,1477440,A,0.003,0.75,180,0.9,14,11,32,0.115,"[0, 0, 0, 0, 0, 0, 0, 0, 0, 0, 0, 0, 0, 0, 0, 0, 1, 9, 0]"
2384,79,1477440,A,0.003,0.75,180,0.9,14,11,32,0.085,"[0, 0, 7, 7, 12, 18, 7, 23, 30, 42, 22, 35, 13, 10, 15, 19, 19, 17, 4]"
2392,79,1477440,A,0.003,0.75,180,0.9,14,11,32,0.125,"[0, 0, 0, 0, 0, 0, 0, 0, 7, 24, 23, 30, 18, 51, 50, 66, 57, 56, 12]"
2391,79,1477440,A,0.003,0.75,180,0.9,14,11,32,0.12,"[0, 0, 0, 0, 0, 0, 0, 0, 0, 0, 0, 0, 0, 0, 0, 0, 0, 0, 0]"
2389,79,1477440,A,0.003,0.75,180,0.9,14,11,32,0.11,"[0, 0, 0, 0, 9, 20, 14, 19, 19, 41, 43, 55, 25, 41, 45, 41, 44, 39, 21]"
2393,79,1477440,A,0.003,0.75,180,0.9,14,11,32,0.13,"[0, 0, 0, 0, 0, 0, 0, 0, 0, 0, 0, 0, 0, 0, 0, 0, 0, 0, 0]"
2396,79,1477440,A,0.003,0.75,180,0.9,14,11,32,0.145,"[0, 0, 0, 0, 0, 0, 0, 0, 0, 0, 0, 0, 0, 0, 0, 0, 0, 0, 0]"
2395,79,1477440,A,0.003,0.75,180,0.9,14,11,32,0.14,"[0, 0, 0, 0, 0, 0, 0, 0, 0, 0, 0, 0, 0, 0, 0, 0, 0, 0, 0]"
2397,79,1477440,A,0.003,0.75,180,0.9,14,11,32,0.15,"[0, 0, 0, 0, 0, 0, 0, 0, 0, 0, 0, 0, 0, 0, 0, 0, 0, 0, 0]"
2394,79,1477440,A,0.003,0.75,180,0.9,14,11,32,0.135,"[0, 0, 0, 0, 1, 0, 0, 0, 0, 0, 3, 19, 0, 0, 0, 0, 0, 0, 0]"
2399,79,1477440,A,0.003,0.75,180,0.9,14,11,32,0.16,"[0, 0, 0, 0, 0, 0, 0, 0, 0, 0, 0, 0, 0, 0, 0, 0, 0, 0, 0]"
2398,79,1477440,A,0.003,0.75,180,0.9,14,11,32,0.155,"[0, 0, 0, 0, 0, 0, 0, 0, 0, 0, 0, 0, 0, 0, 0, 0, 0, 0, 0]"
2400,80,1477440,A,0.003,0.75,180,0.9,14,11,32,0.01,"[0, 0, 0, 0, 0, 0, 0, 0, 0, 0, 0, 0, 0, 0, 0, 0, 0, 0, 0]"
2401,80,1477440,A,0.003,0.75,180,0.9,14,11,32,0.015,"[0, 0, 0, 0, 0, 0, 0, 0, 0, 0, 0, 0, 0, 0, 0, 0, 0, 0, 0]"
2402,80,1477440,A,0.003,0.75,180,0.9,14,11,32,0.02,"[0, 0, 0, 0, 0, 0, 0, 0, 0, 0, 0, 0, 0, 0, 0, 0, 0, 0, 0]"
2406,80,1477440,A,0.003,0.75,180,0.9,14,11,32,0.045,"[0, 0, 0, 0, 0, 0, 0, 0, 0, 0, 0, 0, 0, 0, 0, 0, 0, 0, 0]"
2410,80,1477440,A,0.003,0.75,180,0.9,14,11,32,0.065,"[0, 0, 0, 0, 0, 0, 0, 0, 0, 0, 3, 5, 0, 0, 0, 0, 0, 0, 0]"
2403,80,1477440,A,0.003,0.75,180,0.9,14,11,32,0.025,"[0, 0, 0, 0, 0, 0, 0, 0, 0, 0, 0, 0, 0, 0, 0, 0, 0, 0, 0]"
2405,80,1477440,A,0.003,0.75,180,0.9,14,11,32,0.035,"[0, 0, 0, 0, 0, 0, 0, 0, 0, 0, 0, 0, 0, 0, 0, 0, 0, 0, 0]"
2407,80,1477440,A,0.003,0.75,180,0.9,14,11,32,0.05,"[0, 0, 0, 0, 0, 0, 0, 0, 0, 0, 0, 0, 0, 0, 0, 0, 0, 0, 0]"
2404,80,1477440,A,0.003,0.75,180,0.9,14,11,32,0.03,"[0, 0, 0, 0, 0, 0, 0, 0, 0, 0, 0, 0, 0, 0, 0, 0, 0, 0, 0]"
2409,80,1477440,A,0.003,0.75,180,0.9,14,11,32,0.06,"[0, 0, 0, 0, 0, 0, 0, 0, 0, 0, 0, 0, 0, 0, 0, 0, 0, 0, 0]"
2408,80,1477440,A,0.003,0.75,180,0.9,14,11,32,0.055,"[0, 0, 0, 0, 0, 0, 0, 0, 3, 10, 7, 6, 0, 0, 0, 0, 0, 0, 0]"
2411,80,1477440,A,0.003,0.75,180,0.9,14,11,32,0.07,"[0, 0, 0, 0, 0, 0, 0, 0, 0, 0, 1, 0, 0, 0, 0, 0, 0, 0, 0]"
2413,80,1477440,A,0.003,0.75,180,0.9,14,11,32,0.08,"[0, 0, 1, 4, 7, 12, 10, 8, 18, 16, 23, 21, 1, 9, 6, 4, 5, 7, 0]"
2412,80,1477440,A,0.003,0.75,180,0.9,14,11,32,0.075,"[0, 0, 0, 0, 0, 0, 0, 0, 0, 0, 0, 0, 0, 0, 0, 0, 0, 0, 0]"
2416,80,1477440,A,0.003,0.75,180,0.9,14,11,32,0.095,"[0, 0, 0, 0, 5, 9, 0, 0, 0, 0, 4, 10, 0, 0, 0, 0, 0, 0, 0]"
2421,80,1477440,A,0.003,0.75,180,0.9,14,11,32,0.12,"[0, 0, 0, 0, 0, 0, 0, 0, 0, 0, 0, 0, 0, 0, 0, 0, 0, 0, 0]"
2419,80,1477440,A,0.003,0.75,180,0.9,14,11,32,0.11,"[0, 0, 0, 0, 0, 0, 0, 0, 0, 0, 0, 0, 0, 0, 0, 0, 0, 0, 0]"
2415,80,1477440,A,0.003,0.75,180,0.9,14,11,32,0.09,"[0, 0, 0, 0, 0, 0, 0, 0, 1, 10, 12, 19, 0, 0, 0, 0, 0, 0, 0]"
2417,80,1477440,A,0.003,0.75,180,0.9,14,11,32,0.1,"[0, 0, 0, 0, 0, 0, 0, 0, 0, 0, 0, 0, 0, 0, 0, 0, 0, 0, 0]"
2414,80,1477440,A,0.003,0.75,180,0.9,14,11,32,0.085,"[0, 0, 0, 0, 0, 0, 0, 0, 0, 0, 0, 0, 0, 0, 0, 0, 0, 0, 0]"
2424,80,1477440,A,0.003,0.75,180,0.9,14,11,32,0.135,"[0, 0, 0, 0, 0, 0, 0, 0, 0, 0, 9, 7, 10, 16, 52, 65, 58, 63, 8]"
2420,80,1477440,A,0.003,0.75,180,0.9,14,11,32,0.115,"[0, 0, 0, 0, 0, 0, 0, 0, 0, 0, 2, 0, 0, 0, 0, 0, 0, 0, 0]"
2422,80,1477440,A,0.003,0.75,180,0.9,14,11,32,0.125,"[0, 0, 0, 0, 4, 16, 14, 25, 30, 59, 41, 60, 29, 61, 52, 56, 53, 57, 37]"
2426,80,1477440,A,0.003,0.75,180,0.9,14,11,32,0.145,"[0, 0, 0, 0, 0, 0, 0, 0, 0, 0, 0, 0, 0, 0, 0, 0, 0, 0, 0]"
2429,80,1477440,A,0.003,0.75,180,0.9,14,11,32,0.16,"[0, 0, 0, 0, 0, 0, 0, 0, 0, 0, 23, 54, 36, 75, 71, 63, 71, 76, 7]"
2418,80,1477440,A,0.003,0.75,180,0.9,14,11,32,0.105,"[0, 0, 0, 0, 0, 0, 0, 0, 0, 0, 6, 9, 0, 0, 0, 0, 0, 0, 0]"
2430,81,1477440,A,0.003,0.75,180,0.9,14,11,32,0.01,"[0, 0, 0, 0, 0, 0, 0, 0, 0, 0, 0, 0, 0, 0, 0, 0, 0, 0, 0]"
2425,80,1477440,A,0.003,0.75,180,0.9,14,11,32,0.14,"[0, 0, 0, 0, 0, 0, 0, 0, 0, 0, 0, 0, 0, 0, 0, 0, 0, 0, 0]"
2428,80,1477440,A,0.003,0.75,180,0.9,14,11,32,0.155,"[0, 0, 0, 0, 0, 0, 0, 0, 0, 0, 14, 25, 36, 54, 66, 78, 65, 62, 26]"
2427,80,1477440,A,0.003,0.75,180,0.9,14,11,32,0.15,"[0, 0, 0, 0, 0, 0, 0, 0, 21, 47, 65, 72, 46, 53, 56, 61, 71, 54, 45]"
2431,81,1477440,A,0.003,0.75,180,0.9,14,11,32,0.015,"[0, 0, 0, 0, 0, 0, 0, 0, 0, 0, 0, 0, 0, 0, 0, 0, 0, 0, 0]"
2423,80,1477440,A,0.003,0.75,180,0.9,14,11,32,0.13,"[0, 0, 2, 19, 21, 56, 36, 40, 57, 63, 59, 50, 35, 55, 48, 62, 52, 52, 39]"
2435,81,1477440,A,0.003,0.75,180,0.9,14,11,32,0.035,"[0, 0, 0, 0, 0, 0, 0, 0, 0, 0, 0, 0, 0, 0, 0, 0, 0, 0, 0]"
2432,81,1477440,A,0.003,0.75,180,0.9,14,11,32,0.02,"[0, 0, 0, 0, 0, 0, 0, 0, 0, 0, 0, 0, 0, 0, 0, 0, 0, 0, 0]"
2436,81,1477440,A,0.003,0.75,180,0.9,14,11,32,0.045,"[0, 0, 2, 2, 0, 1, 0, 0, 0, 0, 0, 0, 0, 0, 0, 0, 0, 0, 0]"
2438,81,1477440,A,0.003,0.75,180,0.9,14,11,32,0.055,"[0, 0, 1, 0, 5, 6, 0, 0, 0, 0, 0, 0, 0, 0, 0, 0, 0, 0, 0]"
2434,81,1477440,A,0.003,0.75,180,0.9,14,11,32,0.03,"[0, 0, 0, 0, 0, 0, 0, 0, 0, 0, 0, 0, 0, 0, 0, 0, 0, 0, 0]"
2440,81,1477440,A,0.003,0.75,180,0.9,14,11,32,0.065,"[0, 0, 0, 0, 0, 0, 0, 0, 0, 0, 0, 0, 0, 0, 0, 0, 0, 0, 0]"
2437,81,1477440,A,0.003,0.75,180,0.9,14,11,32,0.05,"[0, 0, 0, 0, 0, 0, 0, 0, 0, 0, 2, 1, 0, 0, 0, 0, 0, 0, 0]"
2441,81,1477440,A,0.003,0.75,180,0.9,14,11,32,0.07,"[0, 0, 0, 0, 0, 0, 0, 0, 0, 4, 3, 5, 0, 0, 0, 0, 0, 0, 0]"
2433,81,1477440,A,0.003,0.75,180,0.9,14,11,32,0.025,"[0, 0, 0, 0, 0, 0, 0, 0, 0, 0, 0, 0, 0, 0, 0, 0, 0, 0, 0]"
2442,81,1477440,A,0.003,0.75,180,0.9,14,11,32,0.075,"[0, 0, 0, 0, 0, 0, 0, 0, 0, 0, 0, 0, 0, 0, 0, 0, 0, 0, 0]"
2439,81,1477440,A,0.003,0.75,180,0.9,14,11,32,0.06,"[0, 0, 0, 0, 0, 0, 0, 0, 0, 0, 0, 0, 0, 0, 0, 0, 0, 0, 0]"
2443,81,1477440,A,0.003,0.75,180,0.9,14,11,32,0.08,"[0, 0, 0, 0, 0, 0, 0, 0, 0, 0, 0, 0, 0, 0, 0, 0, 0, 0, 0]"
2446,81,1477440,A,0.003,0.75,180,0.9,14,11,32,0.095,"[0, 0, 0, 0, 0, 0, 0, 0, 0, 0, 0, 0, 0, 0, 0, 0, 0, 0, 0]"
2444,81,1477440,A,0.003,0.75,180,0.9,14,11,32,0.085,"[0, 0, 0, 0, 0, 0, 0, 0, 0, 0, 0, 0, 0, 0, 0, 0, 0, 0, 0]"
2448,81,1477440,A,0.003,0.75,180,0.9,14,11,32,0.105,"[0, 0, 0, 0, 0, 0, 0, 0, 0, 0, 2, 9, 4, 13, 24, 32, 55, 39, 1]"
2447,81,1477440,A,0.003,0.75,180,0.9,14,11,32,0.1,"[0, 0, 0, 0, 3, 8, 0, 0, 0, 0, 0, 0, 0, 0, 0, 0, 0, 0, 0]"
2445,81,1477440,A,0.003,0.75,180,0.9,14,11,32,0.09,"[0, 0, 8, 12, 20, 20, 19, 23, 28, 37, 42, 38, 0, 0, 0, 0, 0, 0, 0]"
2449,81,1477440,A,0.003,0.75,180,0.9,14,11,32,0.11,"[0, 0, 0, 0, 0, 0, 0, 0, 0, 0, 0, 0, 0, 0, 0, 0, 0, 0, 0]"
2450,81,1477440,A,0.003,0.75,180,0.9,14,11,32,0.115,"[0, 0, 0, 0, 0, 0, 0, 0, 6, 29, 41, 45, 9, 55, 50, 44, 58, 50, 14]"
2451,81,1477440,A,0.003,0.75,180,0.9,14,11,32,0.12,"[0, 0, 0, 0, 0, 0, 0, 0, 0, 0, 9, 7, 1, 0, 0, 0, 0, 0, 0]"
2453,81,1477440,A,0.003,0.75,180,0.9,14,11,32,0.13,"[0, 0, 0, 0, 0, 0, 0, 0, 0, 0, 0, 0, 0, 0, 0, 0, 0, 0, 0]"
2452,81,1477440,A,0.003,0.75,180,0.9,14,11,32,0.125,"[0, 0, 0, 0, 0, 0, 0, 0, 0, 0, 0, 0, 0, 0, 0, 0, 0, 0, 0]"
2454,81,1477440,A,0.003,0.75,180,0.9,14,11,32,0.135,"[0, 0, 0, 0, 0, 0, 0, 0, 5, 9, 18, 44, 49, 62, 54, 59, 54, 48, 20]"
2455,81,1477440,A,0.003,0.75,180,0.9,14,11,32,0.14,"[0, 0, 0, 0, 0, 0, 0, 0, 0, 0, 0, 0, 0, 0, 0, 0, 0, 0, 0]"
2459,81,1477440,A,0.003,0.75,180,0.9,14,11,32,0.16,"[0, 0, 0, 0, 0, 0, 0, 0, 0, 0, 0, 0, 0, 0, 0, 0, 0, 0, 0]"
2460,82,1477440,A,0.003,0.75,180,0.9,14,11,32,0.01,"[0, 0, 0, 0, 0, 0, 0, 0, 0, 0, 0, 0, 0, 0, 0, 0, 0, 0, 0]"
2461,82,1477440,A,0.003,0.75,180,0.9,14,11,32,0.015,"[0, 0, 0, 0, 0, 0, 0, 0, 0, 0, 0, 0, 0, 0, 0, 0, 0, 0, 0]"
2457,81,1477440,A,0.003,0.75,180,0.9,14,11,32,0.15,"[0, 0, 0, 0, 0, 0, 0, 0, 0, 0, 0, 0, 0, 0, 0, 0, 0, 0, 0]"
2456,81,1477440,A,0.003,0.75,180,0.9,14,11,32,0.145,"[0, 0, 7, 34, 55, 65, 49, 60, 71, 66, 62, 59, 32, 55, 57, 63, 53, 55, 62]"
2458,81,1477440,A,0.003,0.75,180,0.9,14,11,32,0.155,"[0, 0, 6, 23, 53, 58, 49, 71, 59, 73, 61, 62, 23, 38, 65, 59, 80, 69, 46]"
2462,82,1477440,A,0.003,0.75,180,0.9,14,11,32,0.02,"[0, 0, 0, 0, 0, 0, 0, 0, 0, 0, 0, 0, 0, 0, 0, 0, 0, 0, 0]"
2468,82,1477440,A,0.003,0.75,180,0.9,14,11,32,0.055,"[0, 0, 0, 0, 0, 0, 0, 0, 0, 0, 0, 0, 0, 0, 0, 0, 0, 0, 0]"
2463,82,1477440,A,0.003,0.75,180,0.9,14,11,32,0.025,"[0, 0, 0, 0, 0, 0, 0, 0, 0, 0, 0, 0, 0, 0, 0, 0, 0, 0, 0]"
2464,82,1477440,A,0.003,0.75,180,0.9,14,11,32,0.03,"[0, 0, 0, 0, 0, 0, 0, 0, 0, 0, 0, 0, 0, 0, 0, 0, 0, 0, 0]"
2469,82,1477440,A,0.003,0.75,180,0.9,14,11,32,0.06,"[0, 0, 0, 0, 0, 0, 0, 0, 0, 0, 0, 0, 0, 0, 0, 0, 0, 0, 0]"
2465,82,1477440,A,0.003,0.75,180,0.9,14,11,32,0.035,"[0, 0, 0, 0, 0, 0, 0, 0, 0, 0, 0, 0, 0, 0, 0, 0, 0, 0, 0]"
2467,82,1477440,A,0.003,0.75,180,0.9,14,11,32,0.05,"[0, 0, 0, 0, 0, 0, 0, 0, 0, 0, 0, 0, 0, 0, 0, 0, 0, 0, 0]"
2472,82,1477440,A,0.003,0.75,180,0.9,14,11,32,0.075,"[0, 0, 0, 0, 0, 0, 0, 0, 1, 0, 0, 0, 0, 0, 0, 0, 0, 0, 0]"
2466,82,1477440,A,0.003,0.75,180,0.9,14,11,32,0.045,"[0, 0, 0, 0, 0, 0, 0, 0, 0, 0, 0, 0, 0, 0, 0, 0, 0, 0, 0]"
2475,82,1477440,A,0.003,0.75,180,0.9,14,11,32,0.09,"[0, 0, 0, 0, 0, 0, 0, 0, 0, 0, 5, 12, 5, 24, 23, 17, 30, 28, 7]"
2474,82,1477440,A,0.003,0.75,180,0.9,14,11,32,0.085,"[0, 0, 0, 0, 0, 0, 0, 0, 0, 0, 0, 0, 0, 0, 0, 0, 0, 0, 0]"
2470,82,1477440,A,0.003,0.75,180,0.9,14,11,32,0.065,"[0, 0, 0, 0, 0, 0, 0, 0, 0, 0, 0, 0, 0, 0, 0, 0, 1, 1, 1]"
2471,82,1477440,A,0.003,0.75,180,0.9,14,11,32,0.07,"[0, 0, 0, 0, 0, 0, 0, 0, 0, 0, 0, 0, 0, 0, 0, 0, 0, 0, 0]"
2473,82,1477440,A,0.003,0.75,180,0.9,14,11,32,0.08,"[0, 0, 0, 0, 0, 0, 0, 0, 0, 0, 0, 0, 0, 0, 0, 0, 0, 0, 0]"
2476,82,1477440,A,0.003,0.75,180,0.9,14,11,32,0.095,"[0, 0, 0, 0, 0, 0, 0, 0, 0, 5, 2, 6, 0, 0, 0, 0, 0, 0, 0]"
2479,82,1477440,A,0.003,0.75,180,0.9,14,11,32,0.11,"[0, 0, 3, 2, 7, 23, 0, 0, 14, 14, 30, 27, 15, 31, 46, 43, 49, 53, 16]"
2477,82,1477440,A,0.003,0.75,180,0.9,14,11,32,0.1,"[0, 0, 8, 8, 6, 8, 0, 0, 0, 0, 0, 0, 0, 0, 0, 0, 0, 0, 0]"
2484,82,1477440,A,0.003,0.75,180,0.9,14,11,32,0.135,"[0, 0, 0, 0, 0, 0, 0, 0, 0, 0, 0, 0, 0, 0, 0, 0, 0, 0, 0]"
2480,82,1477440,A,0.003,0.75,180,0.9,14,11,32,0.115,"[0, 0, 0, 0, 0, 0, 0, 0, 10, 12, 22, 32, 15, 47, 50, 40, 60, 58, 37]"
2478,82,1477440,A,0.003,0.75,180,0.9,14,11,32,0.105,"[0, 0, 0, 0, 0, 0, 0, 0, 0, 0, 4, 7, 0, 0, 0, 0, 0, 0, 0]"
2482,82,1477440,A,0.003,0.75,180,0.9,14,11,32,0.125,"[0, 0, 0, 0, 0, 0, 0, 0, 0, 0, 9, 17, 5, 7, 13, 35, 56, 53, 32]"
2481,82,1477440,A,0.003,0.75,180,0.9,14,11,32,0.12,"[0, 0, 0, 0, 0, 0, 0, 0, 0, 0, 7, 19, 10, 37, 44, 59, 53, 71, 39]"
2483,82,1477440,A,0.003,0.75,180,0.9,14,11,32,0.13,"[0, 0, 0, 0, 12, 48, 48, 56, 55, 55, 57, 63, 33, 54, 67, 49, 50, 61, 20]"
2487,82,1477440,A,0.003,0.75,180,0.9,14,11,32,0.15,"[0, 0, 0, 0, 0, 0, 0, 0, 0, 0, 0, 0, 0, 0, 0, 0, 0, 0, 0]"
2489,82,1477440,A,0.003,0.75,180,0.9,14,11,32,0.16,"[0, 0, 0, 0, 0, 0, 0, 0, 6, 44, 55, 58, 45, 65, 65, 72, 62, 66, 49]"
2493,83,1477440,A,0.003,0.75,180,0.9,14,11,32,0.025,"[0, 0, 0, 0, 0, 0, 0, 0, 0, 0, 0, 0, 0, 0, 0, 0, 0, 0, 0]"
2492,83,1477440,A,0.003,0.75,180,0.9,14,11,32,0.02,"[0, 0, 0, 0, 0, 0, 0, 0, 0, 0, 0, 0, 0, 0, 0, 0, 0, 0, 0]"
2495,83,1477440,A,0.003,0.75,180,0.9,14,11,32,0.035,"[0, 0, 0, 0, 0, 0, 0, 0, 0, 0, 0, 0, 0, 0, 0, 0, 0, 0, 0]"
2491,83,1477440,A,0.003,0.75,180,0.9,14,11,32,0.015,"[0, 0, 0, 0, 0, 0, 0, 0, 0, 0, 0, 0, 0, 0, 0, 0, 0, 0, 0]"
2485,82,1477440,A,0.003,0.75,180,0.9,14,11,32,0.14,"[0, 0, 0, 0, 0, 7, 13, 43, 56, 67, 54, 63, 36, 59, 64, 62, 60, 58, 36]"
2486,82,1477440,A,0.003,0.75,180,0.9,14,11,32,0.145,"[0, 0, 0, 0, 0, 0, 0, 0, 0, 0, 0, 0, 0, 0, 0, 0, 0, 0, 0]"
2488,82,1477440,A,0.003,0.75,180,0.9,14,11,32,0.155,"[0, 0, 0, 0, 0, 0, 0, 0, 0, 0, 24, 63, 16, 37, 59, 61, 64, 63, 27]"
2490,83,1477440,A,0.003,0.75,180,0.9,14,11,32,0.01,"[0, 0, 0, 0, 0, 0, 0, 0, 0, 0, 0, 0, 0, 0, 0, 0, 0, 0, 0]"
2497,83,1477440,A,0.003,0.75,180,0.9,14,11,32,0.05,"[0, 0, 0, 0, 0, 0, 0, 0, 0, 0, 0, 0, 0, 0, 0, 0, 0, 0, 0]"
2494,83,1477440,A,0.003,0.75,180,0.9,14,11,32,0.03,"[0, 0, 0, 0, 0, 0, 0, 0, 0, 0, 0, 0, 0, 0, 0, 0, 0, 0, 0]"
2498,83,1477440,A,0.003,0.75,180,0.9,14,11,32,0.055,"[0, 0, 0, 0, 0, 0, 0, 0, 0, 0, 0, 0, 0, 0, 0, 0, 0, 0, 0]"
2496,83,1477440,A,0.003,0.75,180,0.9,14,11,32,0.045,"[0, 0, 0, 0, 0, 0, 0, 0, 0, 0, 0, 0, 0, 0, 0, 0, 0, 0, 0]"
2500,83,1477440,A,0.003,0.75,180,0.9,14,11,32,0.065,"[0, 0, 0, 0, 2, 4, 0, 0, 0, 0, 0, 0, 0, 0, 0, 0, 0, 0, 0]"
2499,83,1477440,A,0.003,0.75,180,0.9,14,11,32,0.06,"[0, 0, 0, 0, 0, 0, 0, 0, 0, 0, 0, 0, 0, 0, 0, 0, 3, 2, 0]"
2503,83,1477440,A,0.003,0.75,180,0.9,14,11,32,0.08,"[0, 0, 0, 0, 0, 0, 0, 0, 0, 0, 0, 0, 0, 0, 0, 0, 0, 0, 0]"
2501,83,1477440,A,0.003,0.75,180,0.9,14,11,32,0.07,"[0, 0, 0, 0, 0, 0, 0, 0, 0, 0, 0, 0, 0, 0, 0, 0, 0, 0, 0]"
2502,83,1477440,A,0.003,0.75,180,0.9,14,11,32,0.075,"[0, 0, 0, 0, 0, 0, 0, 0, 0, 0, 0, 0, 0, 0, 0, 0, 0, 0, 0]"
2506,83,1477440,A,0.003,0.75,180,0.9,14,11,32,0.095,"[0, 0, 0, 0, 0, 0, 0, 0, 0, 0, 0, 0, 0, 0, 0, 0, 0, 0, 0]"
2504,83,1477440,A,0.003,0.75,180,0.9,14,11,32,0.085,"[0, 0, 0, 0, 1, 4, 0, 0, 0, 0, 0, 0, 0, 0, 0, 0, 0, 0, 0]"
2508,83,1477440,A,0.003,0.75,180,0.9,14,11,32,0.105,"[0, 0, 0, 0, 0, 0, 0, 0, 0, 0, 0, 0, 0, 0, 0, 0, 0, 0, 0]"
2509,83,1477440,A,0.003,0.75,180,0.9,14,11,32,0.11,"[0, 0, 0, 0, 0, 0, 0, 0, 3, 9, 10, 18, 14, 33, 57, 37, 45, 45, 18]"
2507,83,1477440,A,0.003,0.75,180,0.9,14,11,32,0.1,"[0, 0, 0, 0, 0, 0, 0, 0, 0, 0, 0, 0, 0, 0, 0, 0, 0, 0, 0]"
2505,83,1477440,A,0.003,0.75,180,0.9,14,11,32,0.09,"[0, 0, 0, 0, 0, 0, 0, 0, 0, 0, 0, 0, 0, 0, 0, 0, 0, 0, 0]"
2512,83,1477440,A,0.003,0.75,180,0.9,14,11,32,0.125,"[0, 0, 0, 0, 0, 0, 0, 0, 0, 0, 0, 0, 0, 0, 0, 0, 0, 0, 0]"
2510,83,1477440,A,0.003,0.75,180,0.9,14,11,32,0.115,"[0, 0, 0, 0, 0, 0, 0, 0, 4, 13, 29, 40, 6, 15, 26, 34, 40, 43, 34]"
2516,83,1477440,A,0.003,0.75,180,0.9,14,11,32,0.145,"[0, 0, 0, 0, 0, 0, 0, 0, 1, 0, 0, 0, 0, 0, 0, 0, 0, 0, 0]"
2514,83,1477440,A,0.003,0.75,180,0.9,14,11,32,0.135,"[0, 0, 0, 0, 0, 0, 0, 0, 0, 0, 16, 23, 1, 0, 0, 0, 0, 0, 0]"
2521,84,1477440,A,0.003,0.75,180,0.9,14,11,32,0.015,"[0, 0, 0, 0, 0, 0, 0, 0, 0, 0, 0, 0, 0, 0, 0, 0, 0, 0, 0]"
2513,83,1477440,A,0.003,0.75,180,0.9,14,11,32,0.13,"[0, 0, 0, 0, 0, 0, 0, 0, 8, 28, 42, 55, 51, 59, 42, 63, 54, 57, 27]"
2518,83,1477440,A,0.003,0.75,180,0.9,14,11,32,0.155,"[0, 0, 0, 0, 0, 0, 0, 0, 0, 0, 0, 0, 0, 0, 0, 0, 0, 0, 0]"
2520,84,1477440,A,0.003,0.75,180,0.9,14,11,32,0.01,"[0, 0, 0, 0, 0, 0, 0, 0, 0, 0, 0, 0, 0, 0, 0, 0, 0, 0, 0]"
2526,84,1477440,A,0.003,0.75,180,0.9,14,11,32,0.045,"[0, 0, 0, 0, 0, 0, 0, 0, 0, 0, 0, 0, 0, 0, 0, 0, 0, 0, 0]"
2511,83,1477440,A,0.003,0.75,180,0.9,14,11,32,0.12,"[0, 0, 0, 0, 7, 12, 13, 30, 44, 56, 46, 48, 36, 50, 50, 54, 43, 46, 29]"
2517,83,1477440,A,0.003,0.75,180,0.9,14,11,32,0.15,"[0, 0, 0, 0, 0, 0, 0, 0, 3, 22, 49, 59, 0, 0, 0, 0, 11, 35, 43]"
2515,83,1477440,A,0.003,0.75,180,0.9,14,11,32,0.14,"[0, 0, 21, 45, 41, 59, 13, 29, 43, 58, 52, 61, 29, 48, 51, 55, 53, 63, 23]"
2519,83,1477440,A,0.003,0.75,180,0.9,14,11,32,0.16,"[0, 0, 0, 0, 0, 0, 0, 0, 0, 0, 0, 0, 0, 0, 0, 0, 0, 0, 0]"
2524,84,1477440,A,0.003,0.75,180,0.9,14,11,32,0.03,"[0, 0, 0, 0, 0, 0, 0, 0, 0, 0, 0, 0, 0, 0, 0, 0, 0, 0, 0]"
2522,84,1477440,A,0.003,0.75,180,0.9,14,11,32,0.02,"[0, 0, 0, 0, 0, 0, 0, 0, 0, 0, 0, 0, 0, 0, 0, 0, 0, 0, 0]"
2523,84,1477440,A,0.003,0.75,180,0.9,14,11,32,0.025,"[0, 0, 0, 0, 0, 0, 0, 0, 0, 0, 0, 0, 0, 0, 0, 0, 0, 0, 0]"
2527,84,1477440,A,0.003,0.75,180,0.9,14,11,32,0.05,"[0, 0, 0, 0, 0, 0, 0, 0, 0, 0, 0, 0, 0, 0, 0, 0, 0, 0, 0]"
2525,84,1477440,A,0.003,0.75,180,0.9,14,11,32,0.035,"[0, 0, 0, 0, 0, 0, 0, 0, 0, 0, 0, 0, 0, 0, 0, 0, 0, 0, 0]"
2528,84,1477440,A,0.003,0.75,180,0.9,14,11,32,0.055,"[0, 0, 0, 0, 1, 0, 0, 0, 0, 0, 0, 0, 0, 0, 0, 0, 0, 0, 0]"
2529,84,1477440,A,0.003,0.75,180,0.9,14,11,32,0.06,"[0, 0, 2, 3, 6, 8, 0, 0, 0, 0, 0, 0, 0, 0, 0, 0, 0, 0, 0]"
2531,84,1477440,A,0.003,0.75,180,0.9,14,11,32,0.07,"[0, 0, 0, 0, 0, 0, 0, 0, 0, 0, 0, 0, 0, 0, 0, 0, 0, 0, 0]"
2532,84,1477440,A,0.003,0.75,180,0.9,14,11,32,0.075,"[0, 0, 0, 0, 0, 0, 0, 0, 0, 0, 0, 0, 0, 0, 0, 0, 0, 0, 0]"
2530,84,1477440,A,0.003,0.75,180,0.9,14,11,32,0.065,"[0, 0, 0, 0, 0, 0, 0, 0, 0, 0, 0, 0, 0, 0, 0, 0, 0, 0, 0]"
2533,84,1477440,A,0.003,0.75,180,0.9,14,11,32,0.08,"[0, 0, 0, 0, 1, 5, 1, 0, 0, 0, 0, 0, 0, 0, 0, 0, 0, 0, 0]"
2534,84,1477440,A,0.003,0.75,180,0.9,14,11,32,0.085,"[0, 0, 0, 0, 0, 0, 0, 0, 0, 0, 9, 8, 0, 0, 0, 0, 0, 0, 0]"
2539,84,1477440,A,0.003,0.75,180,0.9,14,11,32,0.11,"[0, 0, 0, 0, 0, 0, 0, 0, 0, 0, 9, 7, 0, 0, 0, 0, 0, 0, 0]"
2536,84,1477440,A,0.003,0.75,180,0.9,14,11,32,0.095,"[0, 0, 0, 0, 0, 0, 0, 0, 0, 0, 0, 0, 0, 0, 0, 0, 0, 0, 0]"
2538,84,1477440,A,0.003,0.75,180,0.9,14,11,32,0.105,"[0, 0, 0, 0, 0, 0, 0, 0, 0, 0, 0, 0, 0, 0, 0, 0, 0, 0, 0]"
2535,84,1477440,A,0.003,0.75,180,0.9,14,11,32,0.09,"[0, 0, 0, 0, 0, 0, 0, 0, 0, 0, 2, 9, 5, 6, 8, 15, 12, 31, 1]"
2537,84,1477440,A,0.003,0.75,180,0.9,14,11,32,0.1,"[0, 0, 10, 8, 20, 27, 0, 0, 0, 0, 0, 0, 0, 0, 0, 0, 0, 0, 0]"
2542,84,1477440,A,0.003,0.75,180,0.9,14,11,32,0.125,"[0, 0, 0, 0, 0, 0, 0, 0, 0, 0, 1, 8, 0, 0, 0, 0, 0, 0, 0]"
2543,84,1477440,A,0.003,0.75,180,0.9,14,11,32,0.13,"[0, 0, 0, 0, 0, 0, 0, 0, 0, 0, 0, 0, 0, 0, 0, 0, 1, 0, 0]"
2541,84,1477440,A,0.003,0.75,180,0.9,14,11,32,0.12,"[0, 0, 0, 0, 0, 0, 0, 0, 4, 21, 41, 50, 32, 48, 42, 40, 52, 52, 16]"
2540,84,1477440,A,0.003,0.75,180,0.9,14,11,32,0.115,"[0, 0, 0, 0, 0, 0, 0, 0, 2, 8, 30, 35, 24, 35, 44, 44, 51, 49, 22]"
2545,84,1477440,A,0.003,0.75,180,0.9,14,11,32,0.14,"[0, 0, 13, 36, 51, 67, 42, 49, 50, 60, 55, 61, 33, 53, 58, 62, 70, 61, 49]"
2544,84,1477440,A,0.003,0.75,180,0.9,14,11,32,0.135,"[0, 0, 8, 15, 18, 41, 27, 46, 52, 57, 56, 64, 23, 54, 54, 54, 65, 70, 22]"
2547,84,1477440,A,0.003,0.75,180,0.9,14,11,32,0.15,"[0, 0, 0, 0, 10, 43, 43, 68, 67, 49, 60, 60, 39, 66, 58, 54, 49, 66, 37]"
2546,84,1477440,A,0.003,0.75,180,0.9,14,11,32,0.145,"[0, 0, 0, 0, 11, 32, 36, 64, 57, 57, 65, 52, 32, 64, 55, 57, 52, 61, 40]"
2548,84,1477440,A,0.003,0.75,180,0.9,14,11,32,0.155,"[0, 0, 0, 0, 0, 0, 0, 0, 44, 70, 60, 62, 52, 62, 72, 53, 73, 60, 53]"
2549,84,1477440,A,0.003,0.75,180,0.9,14,11,32,0.16,"[0, 0, 0, 0, 0, 0, 0, 0, 0, 0, 0, 0, 0, 0, 0, 0, 5, 13, 27]"
2550,85,1477440,A,0.003,0.75,180,0.9,14,11,32,0.01,"[0, 0, 0, 0, 0, 0, 0, 0, 0, 0, 0, 0, 0, 0, 0, 0, 0, 0, 0]"
2553,85,1477440,A,0.003,0.75,180,0.9,14,11,32,0.025,"[0, 0, 0, 0, 0, 0, 0, 0, 0, 0, 0, 0, 0, 0, 0, 0, 0, 0, 0]"
2552,85,1477440,A,0.003,0.75,180,0.9,14,11,32,0.02,"[0, 0, 0, 0, 0, 0, 0, 0, 1, 0, 0, 0, 0, 0, 0, 0, 0, 0, 0]"
2551,85,1477440,A,0.003,0.75,180,0.9,14,11,32,0.015,"[0, 0, 0, 0, 0, 0, 0, 0, 0, 0, 0, 0, 0, 0, 0, 0, 0, 0, 0]"
2554,85,1477440,A,0.003,0.75,180,0.9,14,11,32,0.03,"[0, 0, 0, 0, 0, 0, 0, 0, 0, 0, 0, 0, 0, 0, 0, 0, 0, 0, 0]"
2556,85,1477440,A,0.003,0.75,180,0.9,14,11,32,0.045,"[0, 0, 0, 0, 0, 0, 0, 0, 0, 0, 0, 0, 0, 0, 0, 0, 0, 0, 0]"
2558,85,1477440,A,0.003,0.75,180,0.9,14,11,32,0.055,"[0, 0, 0, 2, 2, 7, 1, 1, 2, 0, 1, 0, 0, 0, 0, 0, 0, 0, 0]"
2557,85,1477440,A,0.003,0.75,180,0.9,14,11,32,0.05,"[0, 0, 0, 0, 0, 0, 0, 0, 0, 0, 0, 0, 0, 0, 0, 0, 0, 0, 0]"
2555,85,1477440,A,0.003,0.75,180,0.9,14,11,32,0.035,"[0, 0, 0, 0, 0, 0, 0, 0, 0, 0, 0, 0, 0, 0, 0, 0, 0, 0, 0]"
2559,85,1477440,A,0.003,0.75,180,0.9,14,11,32,0.06,"[0, 0, 0, 0, 0, 0, 0, 0, 0, 0, 0, 0, 0, 0, 0, 0, 0, 0, 0]"
2561,85,1477440,A,0.003,0.75,180,0.9,14,11,32,0.07,"[0, 0, 0, 0, 0, 0, 0, 0, 0, 0, 0, 0, 0, 0, 0, 0, 0, 0, 0]"
2560,85,1477440,A,0.003,0.75,180,0.9,14,11,32,0.065,"[0, 0, 0, 0, 0, 0, 0, 0, 0, 0, 0, 0, 0, 0, 0, 0, 0, 0, 0]"
2564,85,1477440,A,0.003,0.75,180,0.9,14,11,32,0.085,"[0, 0, 0, 0, 0, 0, 0, 0, 0, 0, 0, 0, 0, 0, 0, 0, 0, 0, 0]"
2573,85,1477440,A,0.003,0.75,180,0.9,14,11,32,0.13,"[0, 0, 0, 0, 0, 0, 0, 0, 0, 0, 0, 0, 0, 0, 0, 0, 2, 11, 0]"
2565,85,1477440,A,0.003,0.75,180,0.9,14,11,32,0.09,"[0, 0, 0, 0, 5, 12, 4, 8, 24, 27, 31, 39, 8, 12, 12, 16, 23, 22, 0]"
2571,85,1477440,A,0.003,0.75,180,0.9,14,11,32,0.12,"[0, 0, 0, 0, 0, 0, 0, 0, 0, 0, 0, 0, 0, 0, 0, 0, 0, 0, 0]"
2562,85,1477440,A,0.003,0.75,180,0.9,14,11,32,0.075,"[0, 0, 3, 5, 5, 17, 1, 0, 0, 0, 0, 0, 0, 0, 0, 0, 0, 0, 0]"
2567,85,1477440,A,0.003,0.75,180,0.9,14,11,32,0.1,"[0, 0, 4, 7, 7, 10, 9, 10, 21, 32, 34, 30, 18, 20, 20, 25, 25, 40, 4]"
2566,85,1477440,A,0.003,0.75,180,0.9,14,11,32,0.095,"[0, 0, 0, 0, 0, 0, 0, 0, 0, 0, 0, 0, 0, 0, 0, 0, 0, 0, 0]"
2568,85,1477440,A,0.003,0.75,180,0.9,14,11,32,0.105,"[0, 0, 0, 0, 0, 0, 0, 0, 0, 0, 4, 9, 0, 0, 0, 0, 0, 0, 0]"
2563,85,1477440,A,0.003,0.75,180,0.9,14,11,32,0.08,"[0, 0, 0, 0, 0, 0, 0, 0, 0, 0, 0, 0, 0, 0, 0, 0, 0, 0, 0]"
2572,85,1477440,A,0.003,0.75,180,0.9,14,11,32,0.125,"[0, 0, 0, 0, 0, 0, 0, 0, 0, 0, 12, 12, 23, 44, 42, 52, 58, 43, 37]"
2569,85,1477440,A,0.003,0.75,180,0.9,14,11,32,0.11,"[0, 0, 0, 0, 0, 0, 0, 0, 3, 24, 42, 45, 28, 36, 43, 48, 44, 43, 21]"
2570,85,1477440,A,0.003,0.75,180,0.9,14,11,32,0.115,"[0, 0, 0, 0, 0, 0, 0, 0, 0, 0, 0, 0, 0, 0, 0, 0, 0, 0, 0]"
2576,85,1477440,A,0.003,0.75,180,0.9,14,11,32,0.145,"[0, 0, 0, 0, 0, 0, 0, 0, 1, 0, 0, 0, 0, 0, 0, 0, 0, 0, 0]"
2575,85,1477440,A,0.003,0.75,180,0.9,14,11,32,0.14,"[0, 0, 0, 0, 0, 0, 0, 0, 0, 0, 0, 0, 0, 0, 0, 0, 0, 0, 0]"
2577,85,1477440,A,0.003,0.75,180,0.9,14,11,32,0.15,"[0, 0, 0, 0, 0, 0, 0, 0, 0, 0, 12, 40, 25, 40, 71, 52, 49, 68, 33]"
2582,86,1477440,A,0.003,0.75,180,0.9,14,11,32,0.02,"[0, 0, 0, 0, 0, 0, 0, 0, 0, 0, 0, 0, 0, 0, 0, 0, 0, 0, 0]"
2578,85,1477440,A,0.003,0.75,180,0.9,14,11,32,0.155,"[0, 0, 0, 0, 0, 0, 0, 0, 0, 0, 0, 0, 0, 0, 0, 0, 0, 0, 0]"
2574,85,1477440,A,0.003,0.75,180,0.9,14,11,32,0.135,"[0, 0, 0, 0, 5, 25, 5, 35, 53, 65, 53, 57, 42, 64, 53, 58, 61, 48, 14]"
2585,86,1477440,A,0.003,0.75,180,0.9,14,11,32,0.035,"[0, 0, 0, 0, 0, 0, 0, 0, 0, 0, 0, 0, 0, 0, 0, 0, 0, 0, 0]"
2579,85,1477440,A,0.003,0.75,180,0.9,14,11,32,0.16,"[0, 0, 7, 57, 60, 58, 49, 79, 54, 55, 57, 68, 56, 59, 58, 68, 57, 70, 48]"
2587,86,1477440,A,0.003,0.75,180,0.9,14,11,32,0.05,"[0, 0, 2, 1, 1, 3, 0, 0, 0, 0, 0, 0, 0, 0, 0, 0, 0, 0, 0]"
2586,86,1477440,A,0.003,0.75,180,0.9,14,11,32,0.045,"[0, 0, 0, 0, 0, 0, 0, 0, 0, 0, 0, 0, 0, 0, 0, 0, 0, 0, 0]"
2580,86,1477440,A,0.003,0.75,180,0.9,14,11,32,0.01,"[0, 0, 0, 0, 0, 0, 0, 0, 0, 0, 0, 0, 0, 0, 0, 0, 0, 0, 0]"
2581,86,1477440,A,0.003,0.75,180,0.9,14,11,32,0.015,"[0, 0, 0, 0, 0, 0, 0, 0, 0, 0, 0, 0, 0, 0, 0, 0, 0, 0, 0]"
2584,86,1477440,A,0.003,0.75,180,0.9,14,11,32,0.03,"[0, 0, 0, 0, 0, 0, 0, 0, 0, 0, 0, 0, 0, 0, 0, 0, 0, 0, 0]"
2589,86,1477440,A,0.003,0.75,180,0.9,14,11,32,0.06,"[0, 0, 0, 0, 0, 0, 0, 0, 1, 0, 4, 2, 0, 0, 0, 0, 0, 0, 0]"
2592,86,1477440,A,0.003,0.75,180,0.9,14,11,32,0.075,"[0, 0, 0, 0, 0, 0, 0, 0, 0, 0, 0, 0, 0, 0, 0, 0, 0, 0, 0]"
2583,86,1477440,A,0.003,0.75,180,0.9,14,11,32,0.025,"[0, 0, 0, 0, 0, 0, 0, 0, 0, 0, 0, 0, 0, 0, 0, 0, 0, 0, 0]"
2590,86,1477440,A,0.003,0.75,180,0.9,14,11,32,0.065,"[0, 0, 0, 0, 0, 0, 0, 0, 0, 0, 0, 0, 0, 0, 0, 0, 0, 0, 0]"
2591,86,1477440,A,0.003,0.75,180,0.9,14,11,32,0.07,"[0, 0, 0, 0, 0, 0, 0, 0, 0, 0, 0, 0, 0, 0, 0, 0, 0, 0, 0]"
2588,86,1477440,A,0.003,0.75,180,0.9,14,11,32,0.055,"[0, 0, 0, 0, 0, 0, 0, 0, 0, 0, 0, 0, 0, 0, 0, 0, 0, 0, 0]"
2593,86,1477440,A,0.003,0.75,180,0.9,14,11,32,0.08,"[0, 0, 0, 0, 0, 0, 0, 0, 0, 0, 0, 0, 0, 0, 0, 0, 0, 0, 0]"
2595,86,1477440,A,0.003,0.75,180,0.9,14,11,32,0.09,"[0, 0, 0, 0, 0, 0, 0, 0, 0, 0, 0, 0, 0, 0, 0, 0, 0, 0, 0]"
2594,86,1477440,A,0.003,0.75,180,0.9,14,11,32,0.085,"[0, 0, 0, 0, 0, 0, 0, 0, 0, 0, 1, 0, 0, 0, 0, 0, 0, 0, 0]"
2599,86,1477440,A,0.003,0.75,180,0.9,14,11,32,0.11,"[0, 0, 0, 0, 0, 0, 0, 0, 0, 0, 0, 0, 0, 0, 0, 0, 0, 0, 0]"
2596,86,1477440,A,0.003,0.75,180,0.9,14,11,32,0.095,"[0, 0, 0, 0, 0, 0, 0, 0, 0, 4, 17, 13, 16, 15, 27, 31, 34, 43, 8]"
2598,86,1477440,A,0.003,0.75,180,0.9,14,11,32,0.105,"[0, 0, 0, 0, 0, 0, 0, 0, 0, 0, 0, 0, 0, 0, 0, 0, 0, 0, 0]"
2597,86,1477440,A,0.003,0.75,180,0.9,14,11,32,0.1,"[0, 0, 0, 0, 0, 0, 0, 0, 0, 0, 0, 0, 0, 0, 0, 0, 0, 0, 0]"
2600,86,1477440,A,0.003,0.75,180,0.9,14,11,32,0.115,"[0, 0, 0, 0, 0, 0, 0, 0, 0, 0, 0, 0, 0, 0, 0, 0, 0, 0, 0]"
2604,86,1477440,A,0.003,0.75,180,0.9,14,11,32,0.135,"[0, 0, 12, 27, 52, 63, 27, 58, 51, 57, 59, 61, 36, 49, 58, 52, 54, 58, 19]"
2602,86,1477440,A,0.003,0.75,180,0.9,14,11,32,0.125,"[0, 0, 0, 0, 0, 0, 0, 0, 10, 23, 33, 39, 45, 51, 59, 57, 43, 53, 21]"
2601,86,1477440,A,0.003,0.75,180,0.9,14,11,32,0.12,"[0, 0, 0, 0, 0, 0, 0, 0, 2, 13, 20, 22, 14, 16, 37, 48, 54, 53, 10]"
2605,86,1477440,A,0.003,0.75,180,0.9,14,11,32,0.14,"[0, 0, 0, 0, 0, 0, 0, 0, 0, 0, 17, 57, 52, 56, 58, 51, 64, 63, 43]"
2603,86,1477440,A,0.003,0.75,180,0.9,14,11,32,0.13,"[0, 0, 0, 0, 0, 0, 0, 0, 4, 10, 21, 40, 36, 32, 61, 70, 61, 51, 10]"
2609,86,1477440,A,0.003,0.75,180,0.9,14,11,32,0.16,"[0, 0, 0, 0, 5, 33, 37, 63, 57, 61, 59, 68, 64, 56, 57, 72, 69, 64, 49]"
2611,87,1477440,A,0.003,0.75,180,0.9,14,11,32,0.015,"[0, 0, 0, 0, 0, 0, 0, 0, 0, 0, 0, 0, 0, 0, 0, 0, 0, 0, 0]"
2606,86,1477440,A,0.003,0.75,180,0.9,14,11,32,0.145,"[0, 0, 0, 0, 15, 57, 35, 58, 53, 57, 64, 55, 37, 67, 61, 62, 55, 64, 55]"
2614,87,1477440,A,0.003,0.75,180,0.9,14,11,32,0.03,"[0, 0, 0, 0, 0, 0, 0, 0, 0, 0, 0, 0, 0, 0, 0, 0, 0, 0, 0]"
2608,86,1477440,A,0.003,0.75,180,0.9,14,11,32,0.155,"[0, 0, 0, 0, 22, 45, 64, 71, 63, 68, 67, 63, 43, 58, 61, 69, 62, 76, 48]"
2607,86,1477440,A,0.003,0.75,180,0.9,14,11,32,0.15,"[0, 0, 6, 24, 56, 54, 43, 55, 67, 58, 69, 66, 42, 68, 57, 63, 66, 59, 59]"
2615,87,1477440,A,0.003,0.75,180,0.9,14,11,32,0.035,"[0, 0, 0, 0, 0, 0, 0, 0, 0, 0, 0, 0, 0, 0, 0, 0, 0, 0, 0]"
2617,87,1477440,A,0.003,0.75,180,0.9,14,11,32,0.05,"[0, 0, 0, 0, 0, 0, 0, 0, 0, 0, 0, 0, 0, 0, 0, 0, 0, 0, 0]"
2612,87,1477440,A,0.003,0.75,180,0.9,14,11,32,0.02,"[0, 0, 0, 0, 0, 0, 0, 0, 0, 0, 0, 0, 0, 0, 0, 0, 0, 0, 0]"
2623,87,1477440,A,0.003,0.75,180,0.9,14,11,32,0.08,"[0, 0, 0, 0, 0, 0, 0, 0, 0, 0, 0, 0, 0, 0, 0, 0, 0, 0, 0]"
2625,87,1477440,A,0.003,0.75,180,0.9,14,11,32,0.09,"[0, 0, 0, 0, 0, 0, 0, 0, 0, 0, 0, 0, 0, 0, 0, 0, 0, 0, 0]"
2616,87,1477440,A,0.003,0.75,180,0.9,14,11,32,0.045,"[0, 0, 0, 0, 0, 0, 0, 0, 0, 0, 0, 0, 0, 0, 0, 0, 0, 0, 0]"
2610,87,1477440,A,0.003,0.75,180,0.9,14,11,32,0.01,"[0, 0, 0, 0, 0, 0, 0, 0, 0, 0, 0, 0, 0, 0, 0, 0, 0, 0, 0]"
2622,87,1477440,A,0.003,0.75,180,0.9,14,11,32,0.075,"[0, 0, 0, 0, 0, 0, 0, 0, 0, 0, 0, 0, 0, 0, 0, 0, 0, 0, 0]"
2618,87,1477440,A,0.003,0.75,180,0.9,14,11,32,0.055,"[0, 0, 0, 0, 0, 0, 0, 0, 0, 0, 0, 0, 0, 0, 0, 0, 0, 0, 0]"
2613,87,1477440,A,0.003,0.75,180,0.9,14,11,32,0.025,"[0, 0, 0, 0, 0, 0, 0, 0, 0, 0, 0, 0, 0, 0, 0, 0, 0, 0, 0]"
2620,87,1477440,A,0.003,0.75,180,0.9,14,11,32,0.065,"[0, 0, 0, 0, 1, 0, 0, 0, 0, 0, 0, 0, 0, 0, 0, 0, 0, 0, 0]"
2626,87,1477440,A,0.003,0.75,180,0.9,14,11,32,0.095,"[0, 0, 0, 0, 0, 0, 0, 0, 3, 11, 17, 21, 12, 34, 27, 50, 36, 41, 19]"
2629,87,1477440,A,0.003,0.75,180,0.9,14,11,32,0.11,"[0, 0, 0, 0, 0, 0, 0, 0, 0, 0, 0, 0, 0, 0, 0, 0, 1, 0, 0]"
2619,87,1477440,A,0.003,0.75,180,0.9,14,11,32,0.06,"[0, 0, 0, 0, 0, 0, 0, 0, 0, 0, 0, 0, 0, 0, 0, 0, 0, 0, 0]"
2621,87,1477440,A,0.003,0.75,180,0.9,14,11,32,0.07,"[0, 0, 0, 0, 0, 0, 0, 0, 0, 0, 0, 0, 0, 0, 0, 0, 0, 0, 0]"
2628,87,1477440,A,0.003,0.75,180,0.9,14,11,32,0.105,"[0, 0, 4, 8, 31, 31, 22, 23, 43, 42, 42, 43, 17, 28, 26, 40, 45, 42, 16]"
2630,87,1477440,A,0.003,0.75,180,0.9,14,11,32,0.115,"[0, 0, 0, 0, 0, 0, 0, 0, 0, 0, 0, 0, 0, 0, 0, 0, 0, 0, 0]"
2632,87,1477440,A,0.003,0.75,180,0.9,14,11,32,0.125,"[0, 0, 0, 0, 0, 0, 0, 0, 0, 0, 4, 10, 11, 23, 34, 42, 57, 46, 32]"
2627,87,1477440,A,0.003,0.75,180,0.9,14,11,32,0.1,"[0, 0, 0, 0, 0, 0, 0, 0, 0, 0, 0, 0, 0, 0, 0, 0, 0, 0, 0]"
2631,87,1477440,A,0.003,0.75,180,0.9,14,11,32,0.12,"[0, 0, 0, 0, 0, 0, 0, 0, 1, 0, 16, 43, 26, 49, 58, 47, 48, 55, 35]"
2624,87,1477440,A,0.003,0.75,180,0.9,14,11,32,0.085,"[0, 0, 0, 4, 8, 16, 8, 18, 18, 21, 22, 20, 9, 18, 29, 31, 33, 25, 1]"
2635,87,1477440,A,0.003,0.75,180,0.9,14,11,32,0.14,"[0, 0, 0, 0, 0, 0, 0, 0, 0, 0, 2, 13, 6, 51, 53, 51, 54, 67, 45]"
2633,87,1477440,A,0.003,0.75,180,0.9,14,11,32,0.13,"[0, 0, 0, 0, 0, 0, 0, 0, 0, 0, 17, 39, 29, 55, 62, 66, 41, 62, 34]"
2639,87,1477440,A,0.003,0.75,180,0.9,14,11,32,0.16,"[0, 0, 0, 0, 0, 0, 0, 0, 0, 0, 29, 69, 36, 76, 59, 65, 63, 65, 55]"
2641,88,1477440,A,0.003,0.75,180,0.9,14,11,32,0.015,"[0, 0, 0, 0, 0, 0, 0, 0, 0, 0, 0, 0, 0, 0, 0, 0, 0, 0, 0]"
2642,88,1477440,A,0.003,0.75,180,0.9,14,11,32,0.02,"[0, 0, 0, 0, 0, 0, 0, 0, 0, 0, 0, 0, 0, 0, 0, 0, 0, 0, 0]"
2640,88,1477440,A,0.003,0.75,180,0.9,14,11,32,0.01,"[0, 0, 0, 0, 0, 0, 0, 0, 0, 0, 0, 0, 0, 0, 0, 0, 0, 0, 0]"
2637,87,1477440,A,0.003,0.75,180,0.9,14,11,32,0.15,"[0, 0, 0, 0, 8, 50, 50, 65, 67, 62, 59, 71, 15, 33, 48, 70, 75, 62, 25]"
2636,87,1477440,A,0.003,0.75,180,0.9,14,11,32,0.145,"[0, 0, 0, 0, 0, 0, 0, 0, 9, 37, 44, 69, 47, 52, 71, 68, 65, 51, 54]"
2643,88,1477440,A,0.003,0.75,180,0.9,14,11,32,0.025,"[0, 0, 0, 0, 0, 0, 0, 0, 0, 0, 0, 0, 0, 0, 0, 0, 0, 0, 0]"
2634,87,1477440,A,0.003,0.75,180,0.9,14,11,32,0.135,"[0, 0, 0, 0, 0, 0, 0, 0, 8, 12, 27, 53, 48, 52, 56, 62, 55, 76, 26]"
2645,88,1477440,A,0.003,0.75,180,0.9,14,11,32,0.035,"[0, 0, 0, 0, 0, 0, 0, 0, 0, 0, 0, 0, 0, 0, 0, 0, 0, 0, 0]"
2646,88,1477440,A,0.003,0.75,180,0.9,14,11,32,0.045,"[0, 0, 0, 0, 0, 0, 0, 0, 0, 0, 1, 3, 0, 1, 1, 1, 1, 5, 1]"
2638,87,1477440,A,0.003,0.75,180,0.9,14,11,32,0.155,"[0, 0, 0, 0, 0, 0, 0, 0, 10, 15, 30, 58, 51, 68, 65, 74, 47, 66, 1]"
2647,88,1477440,A,0.003,0.75,180,0.9,14,11,32,0.05,"[0, 0, 0, 0, 0, 0, 0, 0, 0, 0, 0, 0, 0, 0, 0, 0, 1, 0, 0]"
2648,88,1477440,A,0.003,0.75,180,0.9,14,11,32,0.055,"[0, 0, 0, 0, 0, 0, 0, 0, 0, 0, 0, 0, 0, 0, 0, 0, 0, 0, 0]"
2644,88,1477440,A,0.003,0.75,180,0.9,14,11,32,0.03,"[0, 0, 0, 0, 0, 0, 0, 0, 0, 0, 0, 0, 0, 0, 0, 0, 0, 0, 0]"
2649,88,1477440,A,0.003,0.75,180,0.9,14,11,32,0.06,"[0, 0, 0, 0, 0, 0, 0, 0, 0, 0, 0, 0, 0, 0, 0, 0, 0, 0, 0]"
2650,88,1477440,A,0.003,0.75,180,0.9,14,11,32,0.065,"[0, 0, 0, 0, 0, 0, 0, 0, 0, 0, 0, 0, 0, 0, 0, 0, 0, 0, 0]"
2651,88,1477440,A,0.003,0.75,180,0.9,14,11,32,0.07,"[0, 0, 0, 0, 0, 0, 0, 0, 0, 0, 0, 0, 0, 0, 0, 0, 0, 0, 0]"
2653,88,1477440,A,0.003,0.75,180,0.9,14,11,32,0.08,"[0, 0, 2, 2, 9, 8, 0, 0, 0, 0, 0, 0, 0, 0, 0, 0, 0, 0, 0]"
2652,88,1477440,A,0.003,0.75,180,0.9,14,11,32,0.075,"[0, 0, 0, 0, 0, 0, 0, 0, 0, 0, 0, 0, 0, 0, 0, 0, 0, 0, 0]"
2654,88,1477440,A,0.003,0.75,180,0.9,14,11,32,0.085,"[0, 0, 0, 0, 0, 0, 0, 0, 0, 0, 0, 0, 0, 0, 0, 0, 0, 0, 0]"
2655,88,1477440,A,0.003,0.75,180,0.9,14,11,32,0.09,"[0, 0, 0, 0, 4, 8, 0, 0, 0, 0, 0, 0, 0, 0, 0, 0, 0, 0, 0]"
2656,88,1477440,A,0.003,0.75,180,0.9,14,11,32,0.095,"[0, 0, 0, 0, 0, 0, 0, 0, 0, 0, 0, 0, 0, 0, 0, 0, 6, 8, 4]"
2658,88,1477440,A,0.003,0.75,180,0.9,14,11,32,0.105,"[0, 0, 0, 0, 0, 0, 0, 0, 0, 0, 0, 0, 0, 0, 0, 0, 0, 2, 0]"
2657,88,1477440,A,0.003,0.75,180,0.9,14,11,32,0.1,"[0, 0, 0, 0, 0, 0, 0, 0, 0, 0, 0, 0, 0, 0, 0, 0, 0, 0, 0]"
2660,88,1477440,A,0.003,0.75,180,0.9,14,11,32,0.115,"[0, 0, 3, 8, 11, 14, 5, 3, 9, 7, 19, 21, 15, 22, 40, 47, 51, 36, 21]"
2659,88,1477440,A,0.003,0.75,180,0.9,14,11,32,0.11,"[0, 0, 8, 9, 13, 30, 20, 25, 29, 32, 50, 29, 5, 3, 30, 36, 40, 54, 35]"
2661,88,1477440,A,0.003,0.75,180,0.9,14,11,32,0.12,"[0, 0, 0, 0, 12, 21, 1, 0, 0, 0, 0, 0, 0, 0, 0, 0, 0, 0, 0]"
2663,88,1477440,A,0.003,0.75,180,0.9,14,11,32,0.13,"[0, 0, 0, 0, 0, 0, 0, 0, 0, 0, 0, 0, 0, 0, 0, 0, 0, 0, 0]"
2662,88,1477440,A,0.003,0.75,180,0.9,14,11,32,0.125,"[0, 0, 0, 0, 0, 0, 0, 0, 0, 0, 0, 0, 0, 0, 0, 0, 0, 0, 0]"
2666,88,1477440,A,0.003,0.75,180,0.9,14,11,32,0.145,"[0, 0, 0, 0, 0, 0, 0, 0, 0, 0, 0, 0, 0, 0, 0, 0, 0, 0, 0]"
2670,89,1477440,A,0.003,0.75,180,0.9,14,11,32,0.01,"[0, 0, 0, 0, 0, 0, 0, 0, 0, 0, 0, 0, 0, 0, 0, 0, 0, 0, 0]"
2667,88,1477440,A,0.003,0.75,180,0.9,14,11,32,0.15,"[0, 0, 0, 0, 0, 0, 0, 0, 0, 0, 14, 62, 45, 52, 60, 59, 65, 52, 44]"
2665,88,1477440,A,0.003,0.75,180,0.9,14,11,32,0.14,"[0, 0, 0, 0, 10, 50, 31, 57, 64, 49, 50, 62, 40, 50, 54, 58, 65, 62, 24]"
2672,89,1477440,A,0.003,0.75,180,0.9,14,11,32,0.02,"[0, 0, 0, 0, 0, 0, 0, 0, 0, 0, 0, 0, 0, 0, 0, 0, 0, 0, 0]"
2671,89,1477440,A,0.003,0.75,180,0.9,14,11,32,0.015,"[0, 0, 0, 0, 0, 0, 0, 0, 0, 0, 0, 0, 0, 0, 0, 0, 0, 0, 0]"
2673,89,1477440,A,0.003,0.75,180,0.9,14,11,32,0.025,"[0, 0, 0, 0, 0, 0, 0, 0, 0, 0, 0, 0, 0, 0, 0, 0, 0, 0, 0]"
2668,88,1477440,A,0.003,0.75,180,0.9,14,11,32,0.155,"[0, 0, 0, 0, 1, 0, 0, 0, 0, 0, 64, 56, 62, 63, 57, 67, 71, 72, 52]"
2674,89,1477440,A,0.003,0.75,180,0.9,14,11,32,0.03,"[0, 0, 0, 0, 0, 0, 0, 0, 0, 0, 0, 0, 0, 0, 0, 0, 0, 0, 0]"
2664,88,1477440,A,0.003,0.75,180,0.9,14,11,32,0.135,"[0, 0, 7, 38, 56, 80, 48, 48, 63, 67, 55, 58, 29, 56, 57, 51, 52, 59, 38]"
2669,88,1477440,A,0.003,0.75,180,0.9,14,11,32,0.16,"[0, 0, 0, 0, 14, 66, 68, 64, 66, 67, 50, 62, 65, 59, 68, 69, 65, 67, 51]"
2675,89,1477440,A,0.003,0.75,180,0.9,14,11,32,0.035,"[0, 0, 0, 0, 0, 0, 0, 0, 0, 0, 0, 0, 0, 0, 0, 0, 0, 0, 0]"
2676,89,1477440,A,0.003,0.75,180,0.9,14,11,32,0.045,"[0, 0, 0, 0, 0, 0, 0, 0, 0, 0, 0, 0, 0, 0, 0, 0, 0, 0, 0]"
2677,89,1477440,A,0.003,0.75,180,0.9,14,11,32,0.05,"[0, 0, 0, 0, 0, 0, 0, 0, 0, 0, 0, 0, 0, 0, 0, 0, 0, 0, 0]"
2680,89,1477440,A,0.003,0.75,180,0.9,14,11,32,0.065,"[0, 0, 0, 0, 0, 0, 0, 0, 0, 0, 0, 0, 0, 0, 0, 0, 0, 0, 0]"
2679,89,1477440,A,0.003,0.75,180,0.9,14,11,32,0.06,"[0, 0, 0, 0, 0, 0, 0, 0, 0, 0, 0, 0, 0, 0, 0, 0, 0, 0, 0]"
2678,89,1477440,A,0.003,0.75,180,0.9,14,11,32,0.055,"[0, 0, 0, 0, 0, 0, 0, 0, 0, 0, 0, 0, 0, 0, 0, 0, 0, 0, 0]"
2681,89,1477440,A,0.003,0.75,180,0.9,14,11,32,0.07,"[0, 0, 0, 0, 0, 0, 0, 0, 0, 0, 0, 0, 0, 0, 0, 0, 0, 0, 0]"
2682,89,1477440,A,0.003,0.75,180,0.9,14,11,32,0.075,"[0, 0, 0, 0, 0, 0, 0, 0, 0, 0, 0, 0, 0, 0, 0, 0, 0, 0, 0]"
2683,89,1477440,A,0.003,0.75,180,0.9,14,11,32,0.08,"[0, 0, 0, 0, 0, 0, 0, 0, 0, 0, 0, 0, 0, 0, 0, 0, 0, 0, 0]"
2685,89,1477440,A,0.003,0.75,180,0.9,14,11,32,0.09,"[0, 0, 0, 0, 0, 0, 0, 0, 0, 0, 0, 0, 0, 0, 0, 0, 4, 4, 0]"
2684,89,1477440,A,0.003,0.75,180,0.9,14,11,32,0.085,"[0, 0, 0, 0, 0, 0, 0, 0, 0, 0, 0, 0, 0, 0, 0, 0, 0, 0, 0]"
2688,89,1477440,A,0.003,0.75,180,0.9,14,11,32,0.105,"[0, 0, 0, 0, 0, 0, 0, 0, 0, 0, 5, 13, 4, 13, 6, 8, 10, 19, 6]"
2686,89,1477440,A,0.003,0.75,180,0.9,14,11,32,0.095,"[0, 0, 0, 0, 0, 0, 0, 0, 0, 0, 5, 11, 0, 0, 0, 0, 0, 0, 0]"
2687,89,1477440,A,0.003,0.75,180,0.9,14,11,32,0.1,"[0, 0, 0, 0, 0, 0, 0, 0, 0, 0, 0, 0, 0, 0, 0, 0, 0, 0, 0]"
2690,89,1477440,A,0.003,0.75,180,0.9,14,11,32,0.115,"[0, 0, 0, 0, 0, 0, 0, 0, 0, 0, 0, 0, 0, 0, 0, 0, 0, 0, 0]"
2689,89,1477440,A,0.003,0.75,180,0.9,14,11,32,0.11,"[0, 0, 0, 0, 0, 0, 0, 0, 0, 0, 0, 0, 0, 0, 0, 0, 0, 0, 0]"
2691,89,1477440,A,0.003,0.75,180,0.9,14,11,32,0.12,"[0, 0, 0, 0, 0, 0, 0, 0, 0, 0, 9, 12, 0, 0, 0, 0, 0, 0, 0]"
2692,89,1477440,A,0.003,0.75,180,0.9,14,11,32,0.125,"[0, 0, 0, 0, 0, 0, 0, 0, 0, 0, 1, 13, 5, 10, 27, 54, 50, 57, 26]"
2693,89,1477440,A,0.003,0.75,180,0.9,14,11,32,0.13,"[0, 0, 0, 0, 0, 0, 0, 0, 1, 25, 30, 69, 10, 29, 45, 63, 53, 61, 22]"
2694,89,1477440,A,0.003,0.75,180,0.9,14,11,32,0.135,"[0, 0, 0, 0, 19, 44, 33, 67, 48, 53, 64, 67, 35, 52, 59, 61, 51, 56, 40]"
2697,89,1477440,A,0.003,0.75,180,0.9,14,11,32,0.15,"[0, 0, 0, 0, 0, 0, 0, 0, 0, 0, 0, 0, 0, 0, 0, 0, 0, 0, 0]"
2696,89,1477440,A,0.003,0.75,180,0.9,14,11,32,0.145,"[0, 0, 8, 17, 62, 61, 8, 22, 46, 54, 58, 66, 57, 59, 70, 67, 54, 64, 41]"
2695,89,1477440,A,0.003,0.75,180,0.9,14,11,32,0.14,"[0, 0, 6, 30, 59, 54, 39, 47, 62, 62, 63, 53, 46, 67, 56, 58, 50, 46, 41]"
2700,90,1477440,A,0.003,0.75,180,0.9,14,11,32,0.01,"[0, 0, 0, 0, 0, 0, 0, 0, 0, 0, 0, 0, 0, 0, 0, 0, 0, 0, 0]"
2698,89,1477440,A,0.003,0.75,180,0.9,14,11,32,0.155,"[0, 0, 0, 0, 5, 14, 40, 64, 67, 62, 68, 53, 25, 61, 58, 65, 63, 65, 46]"
2699,89,1477440,A,0.003,0.75,180,0.9,14,11,32,0.16,"[0, 0, 0, 0, 21, 61, 52, 67, 73, 73, 72, 64, 35, 58, 58, 63, 58, 59, 36]"
2701,90,1477440,A,0.003,0.75,180,0.9,14,11,32,0.015,"[0, 0, 0, 0, 0, 0, 0, 0, 0, 0, 0, 0, 0, 0, 0, 0, 0, 0, 0]"
2702,90,1477440,A,0.003,0.75,180,0.9,14,11,32,0.02,"[0, 0, 0, 0, 0, 0, 0, 0, 0, 0, 0, 0, 0, 0, 0, 0, 0, 0, 0]"
2704,90,1477440,A,0.003,0.75,180,0.9,14,11,32,0.03,"[0, 0, 0, 0, 0, 0, 0, 0, 0, 0, 0, 0, 0, 0, 0, 0, 0, 0, 0]"
2703,90,1477440,A,0.003,0.75,180,0.9,14,11,32,0.025,"[0, 0, 0, 0, 0, 0, 0, 0, 0, 0, 0, 0, 0, 0, 0, 0, 0, 0, 0]"
2705,90,1477440,A,0.003,0.75,180,0.9,14,11,32,0.035,"[0, 0, 0, 0, 0, 0, 0, 0, 0, 0, 0, 0, 0, 0, 0, 0, 0, 0, 0]"
2706,90,1477440,A,0.003,0.75,180,0.9,14,11,32,0.045,"[0, 0, 0, 0, 0, 0, 0, 0, 0, 0, 0, 0, 0, 0, 0, 0, 0, 0, 0]"
2707,90,1477440,A,0.003,0.75,180,0.9,14,11,32,0.05,"[0, 0, 0, 0, 0, 0, 0, 0, 0, 0, 0, 0, 0, 0, 0, 0, 0, 0, 0]"
2708,90,1477440,A,0.003,0.75,180,0.9,14,11,32,0.055,"[0, 0, 0, 0, 0, 0, 0, 0, 0, 0, 0, 0, 0, 0, 0, 0, 0, 0, 0]"
2709,90,1477440,A,0.003,0.75,180,0.9,14,11,32,0.06,"[0, 0, 0, 0, 0, 0, 0, 0, 0, 0, 0, 0, 0, 0, 0, 0, 0, 0, 0]"
2710,90,1477440,A,0.003,0.75,180,0.9,14,11,32,0.065,"[0, 0, 0, 0, 0, 0, 0, 0, 0, 0, 0, 0, 0, 0, 0, 0, 0, 0, 0]"
2712,90,1477440,A,0.003,0.75,180,0.9,14,11,32,0.075,"[0, 0, 0, 0, 0, 0, 0, 0, 0, 0, 0, 0, 0, 0, 0, 0, 0, 0, 0]"
2711,90,1477440,A,0.003,0.75,180,0.9,14,11,32,0.07,"[0, 0, 0, 0, 0, 0, 0, 0, 0, 0, 0, 0, 0, 0, 0, 0, 0, 0, 0]"
2713,90,1477440,A,0.003,0.75,180,0.9,14,11,32,0.08,"[0, 0, 0, 0, 0, 0, 0, 0, 0, 0, 0, 0, 0, 0, 0, 0, 0, 0, 0]"
2714,90,1477440,A,0.003,0.75,180,0.9,14,11,32,0.085,"[0, 0, 0, 0, 0, 8, 0, 0, 0, 0, 0, 0, 0, 0, 0, 0, 0, 0, 0]"
2715,90,1477440,A,0.003,0.75,180,0.9,14,11,32,0.09,"[0, 0, 0, 0, 0, 0, 0, 0, 0, 0, 0, 0, 0, 0, 0, 0, 0, 0, 0]"
2716,90,1477440,A,0.003,0.75,180,0.9,14,11,32,0.095,"[0, 0, 0, 0, 0, 0, 0, 0, 0, 0, 0, 0, 0, 0, 0, 0, 0, 0, 0]"
2717,90,1477440,A,0.003,0.75,180,0.9,14,11,32,0.1,"[0, 0, 0, 0, 0, 0, 0, 0, 0, 0, 0, 0, 0, 0, 0, 0, 0, 0, 0]"
2720,90,1477440,A,0.003,0.75,180,0.9,14,11,32,0.115,"[0, 0, 0, 0, 0, 0, 0, 0, 0, 0, 0, 0, 0, 0, 0, 0, 0, 0, 0]"
2719,90,1477440,A,0.003,0.75,180,0.9,14,11,32,0.11,"[0, 0, 0, 0, 0, 0, 0, 0, 0, 0, 0, 0, 0, 0, 0, 0, 0, 0, 0]"
2718,90,1477440,A,0.003,0.75,180,0.9,14,11,32,0.105,"[0, 0, 0, 0, 0, 0, 0, 0, 0, 0, 1, 3, 0, 0, 0, 0, 0, 0, 0]"
2721,90,1477440,A,0.003,0.75,180,0.9,14,11,32,0.12,"[0, 0, 0, 0, 0, 0, 0, 0, 0, 0, 0, 0, 0, 0, 0, 0, 0, 0, 0]"
2724,90,1477440,A,0.003,0.75,180,0.9,14,11,32,0.135,"[0, 0, 0, 0, 0, 0, 0, 0, 0, 0, 0, 0, 0, 0, 0, 0, 0, 0, 0]"
2723,90,1477440,A,0.003,0.75,180,0.9,14,11,32,0.13,"[0, 0, 0, 0, 0, 0, 0, 0, 6, 18, 23, 39, 17, 24, 58, 54, 56, 58, 25]"
2722,90,1477440,A,0.003,0.75,180,0.9,14,11,32,0.125,"[0, 0, 8, 13, 29, 45, 24, 33, 38, 54, 57, 50, 46, 49, 53, 66, 59, 47, 20]"
2726,90,1477440,A,0.003,0.75,180,0.9,14,11,32,0.145,"[0, 0, 0, 0, 0, 0, 0, 0, 2, 0, 9, 48, 37, 56, 60, 60, 59, 63, 24]"
2727,90,1477440,A,0.003,0.75,180,0.9,14,11,32,0.15,"[0, 0, 0, 0, 0, 0, 0, 0, 0, 0, 44, 56, 57, 53, 57, 62, 58, 59, 54]"
2725,90,1477440,A,0.003,0.75,180,0.9,14,11,32,0.14,"[0, 0, 7, 9, 36, 67, 10, 49, 48, 61, 57, 64, 33, 39, 69, 49, 54, 59, 40]"
2729,90,1477440,A,0.003,0.75,180,0.9,14,11,32,0.16,"[0, 0, 0, 0, 0, 0, 0, 0, 0, 0, 22, 63, 49, 59, 67, 55, 61, 68, 49]"
2731,91,1477440,A,0.003,0.75,180,0.9,14,11,32,0.015,"[0, 0, 0, 0, 0, 0, 0, 0, 0, 0, 0, 0, 0, 0, 0, 0, 0, 0, 0]"
2728,90,1477440,A,0.003,0.75,180,0.9,14,11,32,0.155,"[0, 0, 0, 0, 8, 31, 17, 61, 60, 67, 53, 55, 33, 68, 74, 73, 62, 63, 52]"
2730,91,1477440,A,0.003,0.75,180,0.9,14,11,32,0.01,"[0, 0, 0, 0, 0, 0, 0, 0, 0, 0, 0, 0, 0, 0, 0, 0, 0, 0, 0]"
2732,91,1477440,A,0.003,0.75,180,0.9,14,11,32,0.02,"[0, 0, 0, 0, 0, 0, 0, 0, 0, 0, 0, 0, 0, 0, 0, 0, 0, 0, 0]"
2734,91,1477440,A,0.003,0.75,180,0.9,14,11,32,0.03,"[0, 0, 0, 0, 0, 0, 0, 0, 0, 0, 0, 0, 0, 0, 0, 0, 0, 0, 0]"
2735,91,1477440,A,0.003,0.75,180,0.9,14,11,32,0.035,"[0, 0, 0, 0, 0, 0, 0, 0, 0, 0, 0, 0, 0, 0, 0, 0, 0, 0, 0]"
2733,91,1477440,A,0.003,0.75,180,0.9,14,11,32,0.025,"[0, 0, 0, 0, 0, 0, 0, 0, 0, 0, 0, 0, 0, 0, 0, 0, 0, 0, 0]"
2736,91,1477440,A,0.003,0.75,180,0.9,14,11,32,0.045,"[0, 0, 0, 0, 0, 0, 0, 0, 0, 0, 0, 0, 0, 0, 0, 0, 0, 0, 0]"
2738,91,1477440,A,0.003,0.75,180,0.9,14,11,32,0.055,"[0, 0, 0, 0, 0, 0, 0, 0, 0, 0, 0, 0, 0, 0, 0, 0, 0, 0, 0]"
2740,91,1477440,A,0.003,0.75,180,0.9,14,11,32,0.065,"[0, 0, 0, 0, 0, 0, 0, 0, 0, 0, 0, 0, 0, 0, 0, 0, 0, 0, 0]"
2737,91,1477440,A,0.003,0.75,180,0.9,14,11,32,0.05,"[0, 0, 0, 0, 0, 0, 0, 0, 0, 0, 0, 0, 0, 0, 0, 0, 0, 0, 0]"
2739,91,1477440,A,0.003,0.75,180,0.9,14,11,32,0.06,"[0, 0, 0, 0, 0, 0, 0, 0, 0, 0, 0, 0, 0, 0, 0, 0, 0, 0, 0]"
2741,91,1477440,A,0.003,0.75,180,0.9,14,11,32,0.07,"[0, 0, 0, 0, 0, 0, 0, 0, 0, 0, 0, 0, 0, 0, 0, 0, 0, 0, 0]"
2742,91,1477440,A,0.003,0.75,180,0.9,14,11,32,0.075,"[0, 0, 0, 0, 0, 0, 0, 0, 0, 0, 0, 0, 0, 0, 0, 0, 3, 8, 0]"
2743,91,1477440,A,0.003,0.75,180,0.9,14,11,32,0.08,"[0, 0, 0, 0, 0, 0, 0, 0, 0, 0, 0, 0, 0, 0, 0, 0, 0, 0, 0]"
2744,91,1477440,A,0.003,0.75,180,0.9,14,11,32,0.085,"[0, 0, 0, 0, 0, 0, 0, 0, 0, 0, 1, 0, 0, 0, 0, 0, 0, 0, 0]"
2747,91,1477440,A,0.003,0.75,180,0.9,14,11,32,0.1,"[0, 0, 0, 0, 0, 0, 0, 0, 0, 0, 0, 0, 0, 0, 0, 0, 0, 0, 0]"
2746,91,1477440,A,0.003,0.75,180,0.9,14,11,32,0.095,"[0, 0, 0, 0, 0, 10, 3, 8, 9, 10, 6, 6, 0, 0, 0, 0, 3, 10, 0]"
2745,91,1477440,A,0.003,0.75,180,0.9,14,11,32,0.09,"[0, 0, 0, 0, 7, 14, 0, 0, 0, 0, 0, 0, 0, 0, 0, 0, 4, 7, 0]"
2749,91,1477440,A,0.003,0.75,180,0.9,14,11,32,0.11,"[0, 0, 0, 0, 0, 0, 0, 0, 0, 0, 6, 25, 14, 38, 52, 40, 45, 56, 25]"
2748,91,1477440,A,0.003,0.75,180,0.9,14,11,32,0.105,"[0, 0, 0, 0, 0, 0, 0, 0, 0, 0, 8, 15, 23, 24, 32, 38, 42, 46, 3]"
2750,91,1477440,A,0.003,0.75,180,0.9,14,11,32,0.115,"[0, 0, 0, 0, 0, 0, 0, 0, 0, 0, 6, 6, 6, 16, 21, 26, 42, 53, 18]"
2751,91,1477440,A,0.003,0.75,180,0.9,14,11,32,0.12,"[0, 0, 0, 0, 0, 0, 0, 0, 0, 0, 6, 37, 30, 43, 47, 55, 46, 60, 16]"
2752,91,1477440,A,0.003,0.75,180,0.9,14,11,32,0.125,"[0, 0, 0, 0, 0, 14, 0, 0, 0, 0, 2, 0, 0, 0, 0, 0, 0, 0, 0]"
2753,91,1477440,A,0.003,0.75,180,0.9,14,11,32,0.13,"[0, 0, 0, 0, 0, 0, 0, 0, 17, 45, 49, 50, 19, 36, 41, 58, 56, 55, 48]"
2755,91,1477440,A,0.003,0.75,180,0.9,14,11,32,0.14,"[0, 0, 0, 0, 0, 0, 0, 0, 0, 0, 0, 0, 0, 0, 0, 0, 0, 0, 0]"
2760,92,1477440,A,0.003,0.75,180,0.9,14,11,32,0.01,"[0, 0, 0, 0, 0, 0, 0, 0, 0, 0, 0, 0, 0, 0, 0, 0, 0, 0, 0]"
2754,91,1477440,A,0.003,0.75,180,0.9,14,11,32,0.135,"[0, 0, 0, 0, 0, 0, 0, 0, 0, 0, 0, 0, 0, 0, 0, 0, 0, 0, 0]"
2759,91,1477440,A,0.003,0.75,180,0.9,14,11,32,0.16,"[0, 0, 0, 0, 0, 0, 0, 0, 0, 0, 0, 0, 0, 0, 0, 0, 0, 0, 0]"
2761,92,1477440,A,0.003,0.75,180,0.9,14,11,32,0.015,"[0, 0, 0, 0, 0, 0, 0, 0, 0, 0, 0, 0, 0, 0, 0, 0, 0, 0, 0]"
2756,91,1477440,A,0.003,0.75,180,0.9,14,11,32,0.145,"[0, 0, 19, 48, 55, 70, 55, 60, 53, 67, 58, 62, 44, 61, 67, 45, 58, 72, 50]"
2762,92,1477440,A,0.003,0.75,180,0.9,14,11,32,0.02,"[0, 0, 0, 0, 0, 0, 0, 0, 0, 0, 0, 0, 0, 0, 0, 0, 0, 0, 0]"
2757,91,1477440,A,0.003,0.75,180,0.9,14,11,32,0.15,"[0, 0, 0, 0, 15, 17, 32, 58, 56, 67, 60, 69, 36, 59, 64, 64, 59, 42, 40]"
2764,92,1477440,A,0.003,0.75,180,0.9,14,11,32,0.03,"[0, 0, 0, 0, 0, 0, 0, 0, 0, 0, 0, 0, 0, 0, 0, 0, 0, 0, 0]"
2763,92,1477440,A,0.003,0.75,180,0.9,14,11,32,0.025,"[0, 0, 0, 0, 1, 0, 0, 0, 0, 0, 0, 0, 0, 0, 0, 0, 0, 0, 0]"
2758,91,1477440,A,0.003,0.75,180,0.9,14,11,32,0.155,"[0, 0, 0, 0, 0, 0, 0, 0, 0, 0, 0, 0, 0, 0, 0, 0, 15, 66, 49]"
2766,92,1477440,A,0.003,0.75,180,0.9,14,11,32,0.045,"[0, 0, 0, 0, 0, 0, 0, 0, 0, 0, 0, 0, 0, 0, 0, 0, 0, 0, 0]"
2767,92,1477440,A,0.003,0.75,180,0.9,14,11,32,0.05,"[0, 0, 0, 0, 0, 0, 0, 0, 0, 0, 0, 0, 0, 0, 0, 0, 0, 0, 0]"
2769,92,1477440,A,0.003,0.75,180,0.9,14,11,32,0.06,"[0, 0, 0, 0, 0, 0, 0, 0, 1, 3, 4, 4, 0, 0, 0, 0, 0, 0, 0]"
2770,92,1477440,A,0.003,0.75,180,0.9,14,11,32,0.065,"[0, 0, 0, 0, 0, 0, 0, 0, 0, 0, 0, 0, 0, 0, 0, 0, 0, 0, 0]"
2768,92,1477440,A,0.003,0.75,180,0.9,14,11,32,0.055,"[0, 0, 0, 0, 0, 0, 0, 0, 0, 0, 0, 0, 0, 0, 0, 0, 0, 0, 0]"
2774,92,1477440,A,0.003,0.75,180,0.9,14,11,32,0.085,"[0, 0, 0, 4, 10, 14, 0, 7, 5, 10, 6, 9, 0, 0, 0, 0, 0, 0, 0]"
2772,92,1477440,A,0.003,0.75,180,0.9,14,11,32,0.075,"[0, 0, 0, 0, 0, 0, 0, 0, 6, 1, 3, 3, 0, 0, 0, 0, 1, 4, 4]"
2765,92,1477440,A,0.003,0.75,180,0.9,14,11,32,0.035,"[0, 0, 0, 0, 0, 0, 0, 0, 0, 0, 0, 0, 0, 0, 0, 0, 0, 0, 0]"
2776,92,1477440,A,0.003,0.75,180,0.9,14,11,32,0.095,"[0, 0, 0, 0, 0, 0, 0, 0, 0, 0, 0, 0, 0, 0, 0, 0, 0, 0, 0]"
2771,92,1477440,A,0.003,0.75,180,0.9,14,11,32,0.07,"[0, 0, 0, 0, 0, 0, 0, 0, 0, 0, 0, 0, 0, 0, 0, 0, 0, 0, 0]"
2775,92,1477440,A,0.003,0.75,180,0.9,14,11,32,0.09,"[0, 0, 0, 0, 0, 0, 0, 0, 0, 0, 0, 0, 0, 0, 0, 0, 2, 0, 0]"
2777,92,1477440,A,0.003,0.75,180,0.9,14,11,32,0.1,"[0, 0, 0, 0, 0, 0, 0, 0, 0, 0, 0, 0, 0, 0, 0, 0, 0, 0, 0]"
2779,92,1477440,A,0.003,0.75,180,0.9,14,11,32,0.11,"[0, 0, 0, 0, 0, 0, 0, 0, 0, 0, 0, 0, 0, 0, 0, 0, 0, 0, 0]"
2773,92,1477440,A,0.003,0.75,180,0.9,14,11,32,0.08,"[0, 0, 0, 0, 0, 0, 0, 0, 0, 0, 0, 0, 0, 0, 0, 0, 0, 0, 0]"
2780,92,1477440,A,0.003,0.75,180,0.9,14,11,32,0.115,"[0, 0, 7, 5, 19, 17, 11, 35, 45, 62, 37, 51, 5, 11, 12, 10, 10, 9, 0]"
2782,92,1477440,A,0.003,0.75,180,0.9,14,11,32,0.125,"[0, 0, 0, 0, 0, 0, 0, 0, 0, 0, 8, 8, 16, 21, 19, 18, 28, 52, 33]"
2786,92,1477440,A,0.003,0.75,180,0.9,14,11,32,0.145,"[0, 0, 0, 0, 0, 0, 0, 0, 0, 0, 0, 0, 0, 0, 0, 0, 0, 0, 0]"
2781,92,1477440,A,0.003,0.75,180,0.9,14,11,32,0.12,"[0, 0, 0, 0, 0, 4, 12, 15, 33, 56, 47, 54, 17, 40, 55, 58, 46, 45, 7]"
2778,92,1477440,A,0.003,0.75,180,0.9,14,11,32,0.105,"[0, 0, 0, 0, 0, 0, 0, 0, 0, 0, 0, 0, 0, 0, 0, 0, 0, 0, 0]"
2784,92,1477440,A,0.003,0.75,180,0.9,14,11,32,0.135,"[0, 0, 0, 0, 0, 0, 0, 0, 9, 48, 63, 55, 33, 66, 59, 61, 68, 59, 41]"
2790,93,1477440,A,0.003,0.75,180,0.9,14,11,32,0.01,"[0, 0, 0, 0, 0, 0, 0, 0, 0, 0, 0, 0, 0, 0, 0, 0, 0, 0, 0]"
2785,92,1477440,A,0.003,0.75,180,0.9,14,11,32,0.14,"[0, 0, 12, 11, 41, 66, 47, 57, 55, 58, 54, 63, 41, 66, 51, 61, 63, 63, 32]"
2783,92,1477440,A,0.003,0.75,180,0.9,14,11,32,0.13,"[0, 0, 0, 0, 0, 0, 0, 0, 18, 46, 55, 48, 37, 48, 54, 59, 52, 44, 38]"
2791,93,1477440,A,0.003,0.75,180,0.9,14,11,32,0.015,"[0, 0, 0, 0, 0, 0, 0, 0, 0, 0, 0, 0, 0, 0, 0, 0, 0, 0, 0]"
2788,92,1477440,A,0.003,0.75,180,0.9,14,11,32,0.155,"[0, 0, 0, 0, 20, 59, 55, 65, 54, 55, 58, 74, 44, 62, 58, 71, 64, 63, 33]"
2789,92,1477440,A,0.003,0.75,180,0.9,14,11,32,0.16,"[0, 0, 0, 0, 1, 0, 0, 0, 0, 0, 23, 70, 48, 58, 59, 60, 61, 55, 22]"
2787,92,1477440,A,0.003,0.75,180,0.9,14,11,32,0.15,"[0, 0, 17, 45, 56, 59, 55, 69, 68, 51, 61, 53, 61, 49, 69, 60, 58, 69, 1]"
2792,93,1477440,A,0.003,0.75,180,0.9,14,11,32,0.02,"[0, 0, 0, 0, 0, 0, 0, 0, 0, 0, 0, 0, 0, 0, 0, 0, 0, 0, 0]"
2793,93,1477440,A,0.003,0.75,180,0.9,14,11,32,0.025,"[0, 0, 0, 0, 0, 0, 0, 0, 0, 0, 0, 0, 0, 0, 0, 0, 0, 0, 0]"
2794,93,1477440,A,0.003,0.75,180,0.9,14,11,32,0.03,"[0, 0, 0, 0, 0, 0, 0, 0, 0, 0, 0, 0, 0, 0, 0, 0, 0, 0, 0]"
2795,93,1477440,A,0.003,0.75,180,0.9,14,11,32,0.035,"[0, 0, 0, 0, 0, 2, 0, 0, 0, 0, 0, 0, 0, 0, 0, 0, 0, 0, 0]"
2799,93,1477440,A,0.003,0.75,180,0.9,14,11,32,0.06,"[0, 0, 0, 0, 0, 0, 0, 0, 0, 0, 0, 0, 0, 0, 0, 0, 0, 0, 0]"
2798,93,1477440,A,0.003,0.75,180,0.9,14,11,32,0.055,"[0, 0, 0, 0, 0, 0, 0, 0, 0, 0, 0, 0, 0, 0, 0, 0, 0, 0, 0]"
2800,93,1477440,A,0.003,0.75,180,0.9,14,11,32,0.065,"[0, 0, 0, 0, 0, 0, 0, 0, 0, 0, 0, 0, 0, 0, 0, 0, 0, 0, 0]"
2797,93,1477440,A,0.003,0.75,180,0.9,14,11,32,0.05,"[0, 0, 0, 0, 0, 0, 0, 0, 0, 0, 0, 0, 0, 0, 0, 0, 0, 0, 0]"
2796,93,1477440,A,0.003,0.75,180,0.9,14,11,32,0.045,"[0, 0, 0, 0, 0, 0, 0, 0, 0, 0, 1, 0, 0, 0, 0, 0, 0, 0, 0]"
2801,93,1477440,A,0.003,0.75,180,0.9,14,11,32,0.07,"[0, 0, 0, 0, 0, 0, 0, 0, 2, 5, 4, 4, 5, 5, 10, 4, 7, 5, 0]"
2802,93,1477440,A,0.003,0.75,180,0.9,14,11,32,0.075,"[0, 0, 0, 0, 0, 0, 0, 0, 0, 5, 3, 9, 0, 0, 0, 0, 0, 0, 0]"
2804,93,1477440,A,0.003,0.75,180,0.9,14,11,32,0.085,"[0, 0, 0, 0, 0, 0, 0, 0, 0, 0, 0, 0, 0, 0, 0, 0, 0, 0, 0]"
2803,93,1477440,A,0.003,0.75,180,0.9,14,11,32,0.08,"[0, 0, 0, 0, 0, 0, 0, 0, 0, 0, 0, 0, 0, 0, 0, 0, 0, 0, 0]"
2808,93,1477440,A,0.003,0.75,180,0.9,14,11,32,0.105,"[0, 0, 0, 0, 0, 0, 0, 0, 0, 0, 0, 0, 0, 0, 0, 0, 0, 0, 0]"
2807,93,1477440,A,0.003,0.75,180,0.9,14,11,32,0.1,"[0, 0, 0, 0, 0, 0, 0, 0, 0, 0, 0, 0, 0, 0, 0, 0, 0, 0, 0]"
2805,93,1477440,A,0.003,0.75,180,0.9,14,11,32,0.09,"[0, 0, 0, 0, 0, 0, 0, 0, 0, 0, 0, 0, 0, 0, 0, 0, 0, 0, 0]"
2806,93,1477440,A,0.003,0.75,180,0.9,14,11,32,0.095,"[0, 0, 0, 0, 0, 0, 0, 0, 6, 4, 7, 8, 4, 9, 20, 18, 14, 23, 10]"
2811,93,1477440,A,0.003,0.75,180,0.9,14,11,32,0.12,"[0, 0, 0, 0, 0, 0, 0, 0, 5, 23, 36, 52, 27, 25, 36, 56, 50, 46, 12]"
2809,93,1477440,A,0.003,0.75,180,0.9,14,11,32,0.11,"[0, 0, 0, 0, 0, 0, 0, 0, 10, 45, 41, 56, 26, 39, 49, 49, 39, 51, 14]"
2814,93,1477440,A,0.003,0.75,180,0.9,14,11,32,0.135,"[0, 0, 0, 0, 0, 0, 0, 0, 0, 0, 0, 0, 0, 0, 0, 0, 9, 12, 0]"
2812,93,1477440,A,0.003,0.75,180,0.9,14,11,32,0.125,"[0, 0, 0, 0, 0, 0, 0, 0, 0, 0, 0, 0, 0, 0, 0, 0, 0, 0, 0]"
2813,93,1477440,A,0.003,0.75,180,0.9,14,11,32,0.13,"[0, 0, 0, 0, 0, 0, 0, 0, 0, 0, 9, 27, 6, 37, 42, 53, 53, 56, 23]"
2815,93,1477440,A,0.003,0.75,180,0.9,14,11,32,0.14,"[0, 0, 1, 0, 0, 0, 0, 0, 0, 0, 6, 42, 20, 56, 58, 59, 48, 60, 26]"
2810,93,1477440,A,0.003,0.75,180,0.9,14,11,32,0.115,"[0, 0, 0, 0, 0, 0, 0, 0, 0, 0, 10, 14, 0, 0, 0, 0, 0, 0, 0]"
2819,93,1477440,A,0.003,0.75,180,0.9,14,11,32,0.16,"[0, 0, 0, 0, 0, 0, 0, 0, 0, 0, 0, 0, 0, 0, 0, 0, 0, 0, 0]"
2822,94,1477440,A,0.003,0.75,180,0.9,14,11,32,0.02,"[0, 0, 0, 0, 0, 0, 0, 0, 0, 0, 0, 0, 0, 0, 0, 0, 0, 0, 0]"
2823,94,1477440,A,0.003,0.75,180,0.9,14,11,32,0.025,"[0, 0, 0, 0, 0, 0, 0, 0, 0, 0, 0, 0, 0, 0, 0, 0, 0, 0, 0]"
2818,93,1477440,A,0.003,0.75,180,0.9,14,11,32,0.155,"[0, 0, 0, 0, 11, 40, 50, 59, 56, 66, 58, 70, 38, 69, 60, 67, 65, 65, 45]"
2816,93,1477440,A,0.003,0.75,180,0.9,14,11,32,0.145,"[0, 0, 0, 0, 0, 0, 0, 0, 0, 0, 37, 59, 27, 71, 58, 62, 61, 48, 50]"
2817,93,1477440,A,0.003,0.75,180,0.9,14,11,32,0.15,"[0, 0, 0, 0, 0, 0, 0, 0, 0, 0, 0, 0, 0, 0, 0, 0, 15, 63, 46]"
2821,94,1477440,A,0.003,0.75,180,0.9,14,11,32,0.015,"[0, 0, 0, 0, 0, 0, 0, 0, 0, 0, 0, 0, 0, 0, 0, 0, 0, 0, 0]"
2820,94,1477440,A,0.003,0.75,180,0.9,14,11,32,0.01,"[0, 0, 0, 0, 0, 0, 0, 0, 0, 0, 0, 0, 0, 0, 0, 0, 0, 0, 0]"
2826,94,1477440,A,0.003,0.75,180,0.9,14,11,32,0.045,"[0, 0, 0, 0, 0, 0, 0, 0, 0, 0, 0, 0, 0, 0, 0, 0, 0, 0, 0]"
2825,94,1477440,A,0.003,0.75,180,0.9,14,11,32,0.035,"[0, 0, 0, 0, 0, 0, 0, 0, 0, 0, 0, 0, 0, 0, 0, 0, 0, 0, 0]"
2824,94,1477440,A,0.003,0.75,180,0.9,14,11,32,0.03,"[0, 0, 0, 0, 0, 0, 0, 0, 0, 0, 0, 0, 0, 0, 0, 0, 0, 0, 0]"
2830,94,1477440,A,0.003,0.75,180,0.9,14,11,32,0.065,"[0, 0, 0, 0, 0, 0, 0, 0, 0, 0, 0, 0, 0, 0, 0, 0, 0, 0, 0]"
2829,94,1477440,A,0.003,0.75,180,0.9,14,11,32,0.06,"[0, 0, 0, 0, 0, 0, 0, 0, 0, 0, 0, 0, 0, 0, 0, 0, 0, 0, 0]"
2827,94,1477440,A,0.003,0.75,180,0.9,14,11,32,0.05,"[0, 0, 0, 0, 0, 0, 0, 0, 0, 0, 0, 0, 0, 0, 0, 0, 0, 0, 0]"
2831,94,1477440,A,0.003,0.75,180,0.9,14,11,32,0.07,"[0, 0, 2, 0, 0, 0, 0, 0, 4, 5, 4, 5, 0, 0, 0, 0, 0, 0, 0]"
2833,94,1477440,A,0.003,0.75,180,0.9,14,11,32,0.08,"[0, 0, 0, 0, 0, 0, 0, 0, 0, 0, 0, 0, 0, 0, 0, 0, 0, 0, 0]"
2834,94,1477440,A,0.003,0.75,180,0.9,14,11,32,0.085,"[0, 0, 0, 0, 0, 0, 0, 0, 0, 0, 0, 0, 0, 0, 0, 0, 0, 0, 0]"
2832,94,1477440,A,0.003,0.75,180,0.9,14,11,32,0.075,"[0, 0, 0, 0, 0, 0, 0, 0, 0, 0, 0, 0, 0, 0, 0, 0, 0, 0, 0]"
2835,94,1477440,A,0.003,0.75,180,0.9,14,11,32,0.09,"[0, 0, 0, 0, 0, 0, 0, 0, 0, 0, 0, 0, 0, 0, 0, 0, 0, 0, 0]"
2828,94,1477440,A,0.003,0.75,180,0.9,14,11,32,0.055,"[0, 0, 0, 0, 0, 0, 0, 0, 0, 0, 0, 0, 0, 0, 0, 0, 0, 0, 0]"
2836,94,1477440,A,0.003,0.75,180,0.9,14,11,32,0.095,"[0, 0, 0, 0, 0, 0, 0, 0, 0, 0, 3, 5, 0, 0, 0, 0, 0, 0, 0]"
2838,94,1477440,A,0.003,0.75,180,0.9,14,11,32,0.105,"[0, 0, 0, 0, 0, 0, 0, 0, 0, 0, 2, 14, 10, 18, 24, 27, 36, 21, 10]"
2842,94,1477440,A,0.003,0.75,180,0.9,14,11,32,0.125,"[0, 0, 0, 0, 0, 0, 0, 0, 0, 0, 0, 0, 0, 0, 0, 0, 0, 0, 0]"
2840,94,1477440,A,0.003,0.75,180,0.9,14,11,32,0.115,"[0, 0, 0, 0, 0, 0, 0, 0, 6, 18, 37, 49, 12, 15, 25, 47, 34, 41, 24]"
2841,94,1477440,A,0.003,0.75,180,0.9,14,11,32,0.12,"[0, 0, 0, 0, 0, 0, 0, 0, 0, 0, 0, 0, 0, 0, 0, 0, 0, 0, 0]"
2837,94,1477440,A,0.003,0.75,180,0.9,14,11,32,0.1,"[0, 0, 0, 0, 0, 0, 0, 0, 1, 0, 0, 0, 0, 0, 0, 0, 0, 0, 0]"
2839,94,1477440,A,0.003,0.75,180,0.9,14,11,32,0.11,"[0, 0, 0, 0, 23, 39, 28, 38, 57, 49, 43, 56, 1, 0, 0, 0, 0, 0, 0]"
2843,94,1477440,A,0.003,0.75,180,0.9,14,11,32,0.13,"[0, 0, 0, 0, 11, 18, 16, 41, 41, 51, 56, 64, 48, 45, 50, 67, 56, 59, 29]"
2844,94,1477440,A,0.003,0.75,180,0.9,14,11,32,0.135,"[0, 0, 0, 0, 0, 0, 0, 0, 20, 37, 49, 51, 33, 43, 61, 69, 65, 63, 33]"
2847,94,1477440,A,0.003,0.75,180,0.9,14,11,32,0.15,"[0, 0, 0, 0, 0, 0, 0, 0, 10, 51, 73, 70, 45, 62, 57, 56, 59, 70, 39]"
2850,95,1477440,A,0.003,0.75,180,0.9,14,11,32,0.01,"[0, 0, 0, 0, 0, 0, 0, 0, 0, 0, 0, 0, 0, 0, 0, 0, 0, 0, 0]"
2849,94,1477440,A,0.003,0.75,180,0.9,14,11,32,0.16,"[0, 0, 39, 66, 64, 62, 65, 70, 63, 68, 52, 71, 40, 62, 62, 64, 63, 66, 55]"
2852,95,1477440,A,0.003,0.75,180,0.9,14,11,32,0.02,"[0, 0, 0, 0, 0, 0, 0, 0, 0, 0, 0, 0, 0, 0, 0, 0, 0, 0, 0]"
2854,95,1477440,A,0.003,0.75,180,0.9,14,11,32,0.03,"[0, 0, 0, 0, 0, 0, 0, 0, 0, 0, 0, 0, 0, 0, 0, 0, 0, 0, 0]"
2848,94,1477440,A,0.003,0.75,180,0.9,14,11,32,0.155,"[0, 0, 25, 68, 56, 63, 61, 60, 76, 55, 61, 50, 67, 70, 55, 60, 63, 64, 42]"
2853,95,1477440,A,0.003,0.75,180,0.9,14,11,32,0.025,"[0, 0, 0, 0, 0, 0, 0, 0, 0, 0, 0, 0, 0, 0, 0, 0, 0, 0, 0]"
2845,94,1477440,A,0.003,0.75,180,0.9,14,11,32,0.14,"[0, 0, 11, 16, 48, 54, 45, 55, 49, 60, 48, 58, 53, 53, 70, 54, 62, 54, 29]"
2846,94,1477440,A,0.003,0.75,180,0.9,14,11,32,0.145,"[0, 0, 0, 0, 0, 0, 0, 0, 1, 0, 0, 0, 0, 0, 0, 0, 0, 0, 0]"
2851,95,1477440,A,0.003,0.75,180,0.9,14,11,32,0.015,"[0, 0, 0, 0, 0, 0, 1, 1, 0, 0, 0, 1, 0, 0, 0, 0, 0, 0, 0]"
2856,95,1477440,A,0.003,0.75,180,0.9,14,11,32,0.045,"[0, 0, 0, 0, 0, 0, 0, 0, 0, 0, 1, 0, 0, 0, 0, 0, 0, 0, 0]"
2855,95,1477440,A,0.003,0.75,180,0.9,14,11,32,0.035,"[0, 0, 0, 0, 0, 0, 0, 0, 0, 0, 0, 0, 0, 0, 0, 0, 0, 0, 0]"
2862,95,1477440,A,0.003,0.75,180,0.9,14,11,32,0.075,"[0, 0, 0, 0, 0, 0, 0, 0, 0, 0, 0, 0, 0, 0, 0, 0, 0, 5, 0]"
2857,95,1477440,A,0.003,0.75,180,0.9,14,11,32,0.05,"[0, 0, 0, 0, 1, 5, 0, 0, 0, 0, 0, 0, 0, 0, 0, 0, 0, 0, 0]"
2860,95,1477440,A,0.003,0.75,180,0.9,14,11,32,0.065,"[0, 0, 0, 0, 0, 0, 0, 0, 0, 0, 1, 6, 1, 2, 2, 1, 0, 3, 4]"
2861,95,1477440,A,0.003,0.75,180,0.9,14,11,32,0.07,"[0, 0, 0, 0, 0, 0, 0, 0, 0, 0, 0, 0, 0, 0, 0, 0, 0, 0, 0]"
2859,95,1477440,A,0.003,0.75,180,0.9,14,11,32,0.06,"[0, 0, 0, 0, 0, 0, 0, 0, 0, 0, 0, 0, 0, 0, 0, 0, 0, 0, 0]"
2858,95,1477440,A,0.003,0.75,180,0.9,14,11,32,0.055,"[0, 0, 0, 0, 0, 0, 0, 0, 0, 0, 0, 0, 0, 0, 0, 0, 0, 0, 0]"
2864,95,1477440,A,0.003,0.75,180,0.9,14,11,32,0.085,"[0, 0, 0, 0, 6, 7, 6, 13, 7, 8, 24, 35, 0, 0, 0, 0, 0, 0, 0]"
2875,95,1477440,A,0.003,0.75,180,0.9,14,11,32,0.14,"[0, 0, 0, 0, 0, 0, 0, 0, 0, 0, 0, 0, 0, 0, 0, 0, 4, 9, 9]"
2867,95,1477440,A,0.003,0.75,180,0.9,14,11,32,0.1,"[0, 0, 0, 0, 4, 6, 6, 6, 9, 12, 15, 14, 1, 0, 0, 0, 0, 0, 0]"
2870,95,1477440,A,0.003,0.75,180,0.9,14,11,32,0.115,"[0, 0, 0, 0, 0, 0, 0, 0, 0, 0, 0, 0, 0, 0, 0, 0, 0, 0, 0]"
2863,95,1477440,A,0.003,0.75,180,0.9,14,11,32,0.08,"[0, 0, 5, 6, 14, 9, 6, 8, 10, 10, 12, 21, 13, 15, 21, 24, 21, 34, 14]"
2868,95,1477440,A,0.003,0.75,180,0.9,14,11,32,0.105,"[0, 0, 0, 0, 0, 0, 0, 0, 0, 0, 0, 0, 0, 0, 0, 0, 0, 0, 0]"
2865,95,1477440,A,0.003,0.75,180,0.9,14,11,32,0.09,"[0, 0, 0, 0, 0, 0, 0, 0, 0, 0, 0, 0, 0, 0, 0, 0, 0, 0, 0]"
2872,95,1477440,A,0.003,0.75,180,0.9,14,11,32,0.125,"[0, 0, 0, 0, 0, 0, 0, 0, 9, 26, 31, 35, 11, 36, 49, 40, 61, 56, 17]"
2871,95,1477440,A,0.003,0.75,180,0.9,14,11,32,0.12,"[0, 0, 0, 0, 0, 0, 0, 0, 0, 0, 0, 0, 0, 0, 0, 0, 0, 0, 0]"
2869,95,1477440,A,0.003,0.75,180,0.9,14,11,32,0.11,"[0, 0, 0, 0, 0, 0, 0, 0, 5, 18, 26, 49, 26, 55, 44, 48, 34, 56, 18]"
2866,95,1477440,A,0.003,0.75,180,0.9,14,11,32,0.095,"[0, 0, 0, 0, 0, 0, 0, 0, 4, 2, 12, 17, 1, 2, 18, 16, 29, 25, 11]"
2873,95,1477440,A,0.003,0.75,180,0.9,14,11,32,0.13,"[0, 0, 0, 0, 0, 0, 0, 0, 16, 37, 57, 48, 52, 57, 49, 67, 64, 50, 34]"
2877,95,1477440,A,0.003,0.75,180,0.9,14,11,32,0.15,"[0, 0, 0, 0, 1, 0, 0, 0, 0, 0, 0, 0, 0, 0, 0, 0, 0, 0, 0]"
2874,95,1477440,A,0.003,0.75,180,0.9,14,11,32,0.135,"[0, 0, 0, 0, 0, 0, 0, 0, 11, 31, 51, 72, 53, 56, 58, 53, 55, 59, 29]"
2880,96,1477440,A,0.003,0.75,180,0.9,14,11,32,0.01,"[0, 0, 0, 0, 0, 0, 0, 0, 0, 0, 0, 0, 0, 0, 0, 0, 0, 0, 0]"
2881,96,1477440,A,0.003,0.75,180,0.9,14,11,32,0.015,"[0, 0, 0, 0, 0, 0, 0, 0, 0, 0, 0, 0, 0, 0, 0, 0, 0, 0, 0]"
2879,95,1477440,A,0.003,0.75,180,0.9,14,11,32,0.16,"[0, 0, 0, 0, 0, 0, 0, 0, 0, 0, 0, 0, 0, 0, 0, 0, 6, 8, 5]"
2878,95,1477440,A,0.003,0.75,180,0.9,14,11,32,0.155,"[0, 0, 0, 0, 0, 0, 0, 0, 0, 53, 59, 57, 40, 60, 64, 63, 62, 59, 35]"
2882,96,1477440,A,0.003,0.75,180,0.9,14,11,32,0.02,"[0, 0, 0, 0, 0, 0, 0, 0, 0, 0, 0, 0, 0, 0, 0, 0, 0, 0, 0]"
2876,95,1477440,A,0.003,0.75,180,0.9,14,11,32,0.145,"[0, 0, 1, 10, 23, 65, 23, 55, 57, 63, 53, 59, 49, 62, 57, 68, 55, 61, 37]"
2885,96,1477440,A,0.003,0.75,180,0.9,14,11,32,0.035,"[0, 0, 0, 0, 0, 0, 0, 0, 0, 0, 0, 0, 0, 0, 0, 0, 0, 0, 0]"
2886,96,1477440,A,0.003,0.75,180,0.9,14,11,32,0.045,"[0, 0, 0, 0, 0, 0, 0, 0, 2, 5, 2, 3, 0, 0, 0, 0, 0, 0, 0]"
2883,96,1477440,A,0.003,0.75,180,0.9,14,11,32,0.025,"[0, 0, 0, 0, 0, 0, 0, 0, 0, 0, 0, 0, 0, 0, 0, 0, 0, 0, 0]"
2884,96,1477440,A,0.003,0.75,180,0.9,14,11,32,0.03,"[0, 0, 0, 0, 0, 0, 0, 0, 0, 0, 0, 0, 0, 0, 0, 0, 0, 0, 0]"
2889,96,1477440,A,0.003,0.75,180,0.9,14,11,32,0.06,"[0, 0, 0, 0, 0, 0, 0, 0, 0, 0, 0, 0, 0, 0, 0, 0, 0, 0, 0]"
2887,96,1477440,A,0.003,0.75,180,0.9,14,11,32,0.05,"[0, 0, 0, 0, 0, 0, 0, 0, 0, 0, 0, 0, 0, 0, 0, 0, 0, 0, 0]"
2890,96,1477440,A,0.003,0.75,180,0.9,14,11,32,0.065,"[0, 0, 0, 0, 0, 0, 0, 0, 0, 0, 0, 0, 0, 0, 0, 0, 0, 0, 0]"
2888,96,1477440,A,0.003,0.75,180,0.9,14,11,32,0.055,"[0, 0, 0, 0, 0, 0, 0, 0, 0, 0, 0, 0, 0, 0, 0, 0, 0, 0, 0]"
2892,96,1477440,A,0.003,0.75,180,0.9,14,11,32,0.075,"[0, 0, 0, 0, 0, 0, 0, 0, 0, 0, 0, 0, 0, 0, 0, 0, 0, 0, 0]"
2891,96,1477440,A,0.003,0.75,180,0.9,14,11,32,0.07,"[0, 0, 0, 0, 1, 1, 0, 0, 0, 0, 3, 5, 5, 5, 6, 8, 7, 6, 3]"
2893,96,1477440,A,0.003,0.75,180,0.9,14,11,32,0.08,"[0, 0, 0, 0, 0, 0, 0, 0, 3, 3, 4, 4, 0, 0, 0, 0, 0, 0, 0]"
2894,96,1477440,A,0.003,0.75,180,0.9,14,11,32,0.085,"[0, 0, 2, 4, 13, 16, 3, 4, 8, 6, 5, 3, 0, 0, 0, 0, 0, 0, 0]"
2895,96,1477440,A,0.003,0.75,180,0.9,14,11,32,0.09,"[0, 0, 0, 0, 0, 0, 0, 0, 1, 2, 5, 4, 4, 12, 13, 19, 30, 29, 3]"
2896,96,1477440,A,0.003,0.75,180,0.9,14,11,32,0.095,"[0, 0, 0, 0, 0, 0, 0, 0, 0, 0, 0, 0, 0, 0, 0, 0, 0, 0, 0]"
2898,96,1477440,A,0.003,0.75,180,0.9,14,11,32,0.105,"[0, 0, 0, 0, 0, 0, 0, 0, 0, 0, 0, 0, 0, 0, 0, 0, 0, 0, 0]"
2897,96,1477440,A,0.003,0.75,180,0.9,14,11,32,0.1,"[0, 0, 0, 0, 0, 0, 0, 0, 5, 8, 10, 23, 4, 12, 17, 22, 21, 24, 0]"
2899,96,1477440,A,0.003,0.75,180,0.9,14,11,32,0.11,"[0, 0, 3, 8, 14, 19, 17, 23, 35, 48, 62, 40, 10, 27, 30, 43, 37, 60, 0]"
2902,96,1477440,A,0.003,0.75,180,0.9,14,11,32,0.125,"[0, 0, 0, 0, 0, 0, 0, 0, 10, 46, 48, 60, 35, 65, 59, 69, 44, 50, 16]"
2900,96,1477440,A,0.003,0.75,180,0.9,14,11,32,0.115,"[0, 0, 0, 0, 0, 0, 0, 0, 0, 0, 0, 0, 0, 0, 0, 0, 3, 0, 0]"
2901,96,1477440,A,0.003,0.75,180,0.9,14,11,32,0.12,"[0, 0, 0, 0, 0, 0, 0, 0, 0, 0, 3, 24, 32, 32, 46, 51, 55, 54, 34]"
2905,96,1477440,A,0.003,0.75,180,0.9,14,11,32,0.14,"[0, 0, 1, 0, 0, 0, 0, 0, 0, 0, 0, 0, 0, 0, 0, 0, 0, 0, 0]"
2903,96,1477440,A,0.003,0.75,180,0.9,14,11,32,0.13,"[0, 0, 0, 0, 0, 0, 0, 0, 6, 20, 39, 60, 25, 40, 63, 49, 60, 49, 43]"
2904,96,1477440,A,0.003,0.75,180,0.9,14,11,32,0.135,"[0, 0, 8, 13, 27, 54, 34, 41, 61, 51, 56, 55, 0, 0, 0, 0, 0, 0, 0]"
2906,96,1477440,A,0.003,0.75,180,0.9,14,11,32,0.145,"[0, 0, 0, 0, 15, 27, 19, 39, 56, 61, 64, 54, 47, 57, 55, 57, 72, 65, 32]"
2910,97,1477440,A,0.003,0.75,180,0.9,14,11,32,0.01,"[0, 0, 0, 0, 0, 0, 0, 0, 0, 0, 0, 0, 0, 0, 0, 0, 0, 0, 0]"
2907,96,1477440,A,0.003,0.75,180,0.9,14,11,32,0.15,"[0, 0, 54, 63, 68, 52, 38, 68, 50, 65, 59, 64, 56, 55, 61, 67, 57, 51, 32]"
2908,96,1477440,A,0.003,0.75,180,0.9,14,11,32,0.155,"[0, 0, 0, 0, 0, 0, 0, 0, 0, 0, 0, 0, 0, 0, 0, 0, 0, 0, 0]"
2911,97,1477440,A,0.003,0.75,180,0.9,14,11,32,0.015,"[0, 0, 0, 0, 0, 0, 0, 0, 0, 0, 0, 0, 0, 0, 0, 0, 0, 0, 0]"
2914,97,1477440,A,0.003,0.75,180,0.9,14,11,32,0.03,"[0, 0, 0, 0, 0, 0, 0, 0, 0, 0, 0, 0, 0, 0, 0, 0, 0, 0, 0]"
2912,97,1477440,A,0.003,0.75,180,0.9,14,11,32,0.02,"[0, 0, 0, 0, 0, 0, 0, 0, 0, 0, 0, 0, 0, 0, 0, 0, 0, 0, 0]"
2909,96,1477440,A,0.003,0.75,180,0.9,14,11,32,0.16,"[0, 0, 0, 0, 0, 0, 0, 0, 9, 56, 56, 61, 56, 59, 70, 59, 58, 67, 48]"
2916,97,1477440,A,0.003,0.75,180,0.9,14,11,32,0.045,"[0, 0, 0, 0, 0, 0, 0, 0, 0, 0, 0, 0, 0, 0, 0, 0, 0, 0, 0]"
2913,97,1477440,A,0.003,0.75,180,0.9,14,11,32,0.025,"[0, 0, 0, 0, 0, 0, 0, 0, 1, 0, 0, 0, 0, 0, 0, 0, 0, 0, 0]"
2921,97,1477440,A,0.003,0.75,180,0.9,14,11,32,0.07,"[0, 0, 0, 0, 0, 0, 0, 0, 0, 0, 0, 0, 0, 0, 0, 0, 0, 0, 0]"
2917,97,1477440,A,0.003,0.75,180,0.9,14,11,32,0.05,"[0, 0, 0, 0, 0, 0, 0, 0, 0, 0, 0, 0, 0, 0, 0, 0, 0, 0, 0]"
2915,97,1477440,A,0.003,0.75,180,0.9,14,11,32,0.035,"[0, 0, 0, 0, 0, 0, 0, 0, 0, 0, 2, 1, 0, 0, 0, 0, 0, 0, 0]"
2922,97,1477440,A,0.003,0.75,180,0.9,14,11,32,0.075,"[0, 0, 0, 0, 2, 1, 0, 0, 1, 0, 0, 0, 0, 0, 0, 0, 0, 0, 0]"
2918,97,1477440,A,0.003,0.75,180,0.9,14,11,32,0.055,"[0, 0, 0, 0, 0, 0, 0, 0, 0, 0, 0, 0, 0, 0, 0, 0, 0, 0, 0]"
2920,97,1477440,A,0.003,0.75,180,0.9,14,11,32,0.065,"[0, 0, 0, 0, 0, 0, 0, 0, 0, 0, 0, 0, 0, 0, 0, 0, 0, 0, 0]"
2919,97,1477440,A,0.003,0.75,180,0.9,14,11,32,0.06,"[0, 0, 0, 0, 2, 4, 2, 2, 3, 4, 4, 5, 0, 0, 0, 0, 0, 0, 0]"
2931,97,1477440,A,0.003,0.75,180,0.9,14,11,32,0.12,"[0, 0, 0, 0, 0, 0, 0, 0, 0, 0, 13, 22, 11, 15, 23, 16, 28, 48, 17]"
2928,97,1477440,A,0.003,0.75,180,0.9,14,11,32,0.105,"[0, 0, 0, 0, 0, 0, 0, 0, 1, 0, 0, 0, 0, 0, 0, 0, 0, 0, 0]"
2923,97,1477440,A,0.003,0.75,180,0.9,14,11,32,0.08,"[0, 0, 0, 0, 0, 0, 0, 0, 0, 0, 0, 0, 0, 0, 0, 0, 0, 0, 0]"
2925,97,1477440,A,0.003,0.75,180,0.9,14,11,32,0.09,"[0, 0, 0, 0, 0, 0, 0, 0, 0, 0, 3, 6, 0, 0, 0, 0, 0, 0, 0]"
2930,97,1477440,A,0.003,0.75,180,0.9,14,11,32,0.115,"[0, 0, 0, 0, 0, 0, 0, 0, 0, 0, 0, 0, 0, 0, 0, 0, 0, 0, 0]"
2926,97,1477440,A,0.003,0.75,180,0.9,14,11,32,0.095,"[0, 0, 0, 0, 0, 0, 0, 0, 0, 0, 0, 0, 0, 0, 0, 0, 0, 0, 0]"
2927,97,1477440,A,0.003,0.75,180,0.9,14,11,32,0.1,"[0, 0, 0, 0, 0, 0, 0, 0, 0, 0, 0, 0, 0, 0, 0, 0, 0, 0, 0]"
2924,97,1477440,A,0.003,0.75,180,0.9,14,11,32,0.085,"[0, 0, 0, 0, 0, 0, 0, 0, 0, 0, 0, 0, 0, 0, 0, 0, 0, 0, 0]"
2929,97,1477440,A,0.003,0.75,180,0.9,14,11,32,0.11,"[0, 0, 0, 0, 0, 0, 0, 0, 2, 0, 0, 0, 0, 0, 0, 0, 0, 0, 0]"
2934,97,1477440,A,0.003,0.75,180,0.9,14,11,32,0.135,"[0, 0, 0, 0, 0, 0, 0, 0, 6, 22, 34, 45, 19, 43, 50, 65, 51, 65, 32]"
2933,97,1477440,A,0.003,0.75,180,0.9,14,11,32,0.13,"[0, 0, 0, 0, 17, 21, 43, 64, 61, 63, 52, 67, 45, 53, 54, 61, 64, 55, 39]"
2939,97,1477440,A,0.003,0.75,180,0.9,14,11,32,0.16,"[0, 0, 0, 0, 0, 0, 0, 0, 0, 0, 0, 0, 0, 0, 0, 0, 0, 0, 0]"
2932,97,1477440,A,0.003,0.75,180,0.9,14,11,32,0.125,"[0, 0, 12, 31, 47, 44, 45, 59, 57, 56, 57, 40, 25, 49, 54, 48, 52, 54, 32]"
2935,97,1477440,A,0.003,0.75,180,0.9,14,11,32,0.14,"[0, 0, 0, 0, 0, 0, 0, 0, 0, 0, 0, 0, 0, 0, 0, 0, 0, 0, 0]"
2938,97,1477440,A,0.003,0.75,180,0.9,14,11,32,0.155,"[0, 0, 0, 0, 0, 0, 0, 0, 0, 0, 5, 41, 6, 20, 43, 63, 66, 55, 32]"
2941,98,1477440,A,0.003,0.75,180,0.9,14,11,32,0.015,"[0, 0, 0, 0, 0, 0, 0, 0, 0, 0, 0, 0, 0, 0, 0, 0, 0, 0, 0]"
2942,98,1477440,A,0.003,0.75,180,0.9,14,11,32,0.02,"[0, 0, 0, 0, 0, 0, 0, 0, 0, 0, 0, 1, 0, 0, 0, 0, 0, 0, 0]"
2936,97,1477440,A,0.003,0.75,180,0.9,14,11,32,0.145,"[0, 0, 0, 0, 22, 61, 43, 65, 74, 53, 53, 64, 40, 71, 61, 62, 61, 59, 47]"
2940,98,1477440,A,0.003,0.75,180,0.9,14,11,32,0.01,"[0, 0, 0, 0, 0, 0, 0, 0, 0, 0, 0, 0, 0, 0, 0, 0, 0, 0, 0]"
2937,97,1477440,A,0.003,0.75,180,0.9,14,11,32,0.15,"[0, 0, 0, 0, 7, 39, 36, 76, 60, 64, 66, 80, 60, 60, 52, 64, 66, 52, 51]"
2943,98,1477440,A,0.003,0.75,180,0.9,14,11,32,0.025,"[0, 0, 0, 0, 0, 0, 0, 0, 0, 0, 0, 0, 0, 0, 0, 0, 0, 0, 0]"
2944,98,1477440,A,0.003,0.75,180,0.9,14,11,32,0.03,"[0, 0, 0, 0, 0, 0, 0, 0, 0, 0, 0, 0, 0, 0, 0, 0, 0, 0, 0]"
2946,98,1477440,A,0.003,0.75,180,0.9,14,11,32,0.045,"[0, 0, 0, 2, 1, 1, 0, 0, 0, 0, 0, 0, 0, 0, 0, 0, 0, 0, 0]"
2945,98,1477440,A,0.003,0.75,180,0.9,14,11,32,0.035,"[0, 0, 0, 0, 0, 0, 0, 0, 0, 0, 0, 0, 0, 0, 0, 0, 0, 0, 0]"
2947,98,1477440,A,0.003,0.75,180,0.9,14,11,32,0.05,"[0, 0, 0, 0, 0, 0, 0, 0, 0, 0, 0, 0, 0, 0, 0, 0, 0, 0, 0]"
2948,98,1477440,A,0.003,0.75,180,0.9,14,11,32,0.055,"[0, 0, 0, 0, 0, 0, 0, 0, 0, 0, 0, 3, 0, 0, 0, 0, 0, 0, 0]"
2949,98,1477440,A,0.003,0.75,180,0.9,14,11,32,0.06,"[0, 0, 0, 0, 0, 0, 0, 0, 0, 0, 0, 0, 0, 0, 0, 0, 0, 0, 0]"
2951,98,1477440,A,0.003,0.75,180,0.9,14,11,32,0.07,"[0, 0, 0, 0, 0, 0, 0, 0, 0, 0, 0, 0, 0, 0, 0, 0, 0, 0, 0]"
2954,98,1477440,A,0.003,0.75,180,0.9,14,11,32,0.085,"[0, 0, 0, 0, 0, 0, 0, 0, 1, 2, 8, 8, 0, 0, 0, 0, 0, 0, 0]"
2950,98,1477440,A,0.003,0.75,180,0.9,14,11,32,0.065,"[0, 0, 0, 0, 0, 0, 0, 0, 0, 0, 0, 0, 0, 0, 0, 0, 0, 0, 0]"
2952,98,1477440,A,0.003,0.75,180,0.9,14,11,32,0.075,"[0, 0, 0, 0, 0, 0, 0, 0, 0, 0, 0, 0, 0, 0, 0, 0, 0, 0, 0]"
2955,98,1477440,A,0.003,0.75,180,0.9,14,11,32,0.09,"[0, 0, 0, 0, 0, 0, 0, 0, 0, 0, 0, 0, 0, 0, 0, 0, 0, 0, 0]"
2953,98,1477440,A,0.003,0.75,180,0.9,14,11,32,0.08,"[0, 0, 0, 0, 0, 0, 0, 0, 0, 0, 0, 0, 0, 0, 0, 0, 0, 0, 0]"
2957,98,1477440,A,0.003,0.75,180,0.9,14,11,32,0.1,"[0, 0, 0, 0, 0, 0, 0, 0, 3, 15, 11, 16, 0, 0, 0, 0, 0, 0, 0]"
2956,98,1477440,A,0.003,0.75,180,0.9,14,11,32,0.095,"[0, 0, 2, 21, 14, 11, 8, 17, 21, 19, 23, 40, 4, 11, 19, 22, 31, 39, 4]"
2961,98,1477440,A,0.003,0.75,180,0.9,14,11,32,0.12,"[0, 0, 0, 0, 0, 0, 0, 0, 3, 6, 10, 23, 3, 9, 40, 38, 61, 45, 20]"
2958,98,1477440,A,0.003,0.75,180,0.9,14,11,32,0.105,"[0, 0, 3, 11, 13, 8, 0, 0, 3, 9, 25, 45, 13, 23, 31, 46, 42, 45, 4]"
2959,98,1477440,A,0.003,0.75,180,0.9,14,11,32,0.11,"[0, 0, 7, 19, 32, 40, 21, 30, 34, 41, 42, 49, 2, 1, 18, 25, 42, 44, 20]"
2960,98,1477440,A,0.003,0.75,180,0.9,14,11,32,0.115,"[0, 0, 0, 0, 0, 0, 0, 0, 0, 0, 0, 0, 0, 0, 0, 0, 0, 0, 0]"
2966,98,1477440,A,0.003,0.75,180,0.9,14,11,32,0.145,"[0, 0, 0, 0, 0, 0, 0, 0, 0, 0, 0, 0, 0, 0, 0, 0, 0, 0, 0]"
2963,98,1477440,A,0.003,0.75,180,0.9,14,11,32,0.13,"[0, 0, 0, 0, 0, 0, 0, 0, 0, 0, 0, 0, 0, 0, 0, 0, 0, 0, 0]"
2970,99,1477440,A,0.003,0.75,180,0.9,14,11,32,0.01,"[0, 0, 0, 0, 0, 0, 0, 0, 0, 0, 0, 0, 0, 0, 0, 0, 0, 0, 0]"
2962,98,1477440,A,0.003,0.75,180,0.9,14,11,32,0.125,"[0, 0, 0, 0, 23, 43, 17, 44, 57, 53, 44, 45, 36, 59, 48, 60, 56, 50, 29]"
2965,98,1477440,A,0.003,0.75,180,0.9,14,11,32,0.14,"[0, 0, 0, 0, 0, 0, 0, 0, 2, 25, 63, 55, 56, 60, 53, 68, 49, 61, 13]"
2971,99,1477440,A,0.003,0.75,180,0.9,14,11,32,0.015,"[0, 0, 0, 0, 0, 0, 0, 0, 0, 0, 0, 0, 0, 0, 0, 0, 0, 0, 0]"
2964,98,1477440,A,0.003,0.75,180,0.9,14,11,32,0.135,"[0, 0, 1, 0, 0, 0, 0, 0, 21, 37, 52, 52, 24, 29, 57, 66, 55, 47, 29]"
2969,98,1477440,A,0.003,0.75,180,0.9,14,11,32,0.16,"[0, 0, 0, 0, 0, 0, 0, 0, 0, 0, 0, 0, 0, 0, 0, 0, 0, 0, 0]"
2967,98,1477440,A,0.003,0.75,180,0.9,14,11,32,0.15,"[0, 0, 0, 0, 4, 7, 43, 68, 75, 56, 67, 70, 20, 58, 72, 60, 73, 64, 44]"
2968,98,1477440,A,0.003,0.75,180,0.9,14,11,32,0.155,"[0, 0, 0, 0, 0, 0, 0, 0, 12, 75, 59, 66, 45, 63, 71, 52, 63, 64, 51]"
2976,99,1477440,A,0.003,0.75,180,0.9,14,11,32,0.045,"[0, 0, 0, 0, 0, 0, 0, 0, 0, 0, 0, 0, 0, 0, 0, 0, 0, 0, 0]"
2977,99,1477440,A,0.003,0.75,180,0.9,14,11,32,0.05,"[0, 0, 0, 0, 0, 0, 0, 0, 0, 0, 0, 0, 0, 0, 0, 0, 0, 0, 0]"
2975,99,1477440,A,0.003,0.75,180,0.9,14,11,32,0.035,"[0, 0, 0, 0, 0, 0, 0, 0, 0, 0, 0, 0, 0, 0, 0, 0, 0, 0, 0]"
2973,99,1477440,A,0.003,0.75,180,0.9,14,11,32,0.025,"[0, 0, 0, 0, 0, 0, 0, 0, 0, 0, 0, 0, 0, 0, 0, 0, 0, 0, 0]"
2974,99,1477440,A,0.003,0.75,180,0.9,14,11,32,0.03,"[0, 0, 0, 0, 0, 0, 0, 0, 0, 0, 0, 0, 0, 0, 0, 0, 1, 0, 0]"
2978,99,1477440,A,0.003,0.75,180,0.9,14,11,32,0.055,"[0, 0, 0, 0, 0, 0, 0, 0, 0, 0, 0, 0, 0, 0, 0, 0, 0, 0, 0]"
2972,99,1477440,A,0.003,0.75,180,0.9,14,11,32,0.02,"[0, 0, 0, 0, 0, 0, 0, 0, 0, 0, 0, 0, 0, 0, 0, 0, 0, 0, 0]"
2980,99,1477440,A,0.003,0.75,180,0.9,14,11,32,0.065,"[0, 0, 0, 0, 0, 0, 0, 0, 0, 0, 0, 0, 0, 0, 0, 0, 0, 0, 0]"
2983,99,1477440,A,0.003,0.75,180,0.9,14,11,32,0.08,"[0, 0, 0, 0, 0, 0, 0, 0, 0, 0, 0, 0, 0, 0, 0, 0, 0, 0, 0]"
2982,99,1477440,A,0.003,0.75,180,0.9,14,11,32,0.075,"[0, 0, 0, 0, 0, 0, 0, 0, 0, 0, 0, 0, 0, 0, 0, 0, 0, 0, 0]"
2979,99,1477440,A,0.003,0.75,180,0.9,14,11,32,0.06,"[0, 0, 0, 0, 0, 0, 0, 0, 0, 0, 0, 0, 0, 0, 0, 0, 0, 0, 0]"
2981,99,1477440,A,0.003,0.75,180,0.9,14,11,32,0.07,"[0, 0, 0, 0, 0, 0, 0, 0, 3, 3, 2, 5, 3, 1, 1, 1, 3, 3, 0]"
2987,99,1477440,A,0.003,0.75,180,0.9,14,11,32,0.1,"[0, 0, 0, 0, 0, 0, 0, 0, 4, 4, 11, 13, 0, 0, 0, 0, 0, 0, 0]"
2984,99,1477440,A,0.003,0.75,180,0.9,14,11,32,0.085,"[0, 0, 0, 0, 0, 0, 0, 0, 0, 0, 0, 0, 0, 0, 0, 0, 0, 0, 0]"
2986,99,1477440,A,0.003,0.75,180,0.9,14,11,32,0.095,"[0, 0, 0, 0, 0, 0, 0, 0, 0, 0, 0, 0, 0, 0, 0, 0, 0, 0, 0]"
2990,99,1477440,A,0.003,0.75,180,0.9,14,11,32,0.115,"[0, 0, 0, 0, 0, 0, 0, 0, 0, 0, 11, 5, 10, 12, 36, 58, 50, 55, 20]"
2985,99,1477440,A,0.003,0.75,180,0.9,14,11,32,0.09,"[0, 0, 0, 0, 0, 0, 0, 0, 0, 0, 0, 0, 0, 0, 0, 0, 0, 0, 0]"
2989,99,1477440,A,0.003,0.75,180,0.9,14,11,32,0.11,"[0, 0, 0, 0, 0, 0, 0, 0, 0, 2, 13, 25, 0, 0, 0, 0, 0, 0, 0]"
2988,99,1477440,A,0.003,0.75,180,0.9,14,11,32,0.105,"[0, 0, 0, 0, 0, 0, 0, 0, 0, 0, 7, 20, 13, 26, 29, 34, 45, 49, 17]"
2991,99,1477440,A,0.003,0.75,180,0.9,14,11,32,0.12,"[0, 0, 0, 0, 0, 0, 0, 0, 10, 23, 22, 36, 22, 28, 50, 41, 56, 56, 25]"
2992,99,1477440,A,0.003,0.75,180,0.9,14,11,32,0.125,"[0, 0, 0, 0, 0, 0, 0, 0, 0, 0, 0, 0, 0, 0, 0, 0, 0, 0, 0]"
2996,99,1477440,A,0.003,0.75,180,0.9,14,11,32,0.145,"[0, 0, 0, 0, 0, 0, 0, 0, 0, 0, 0, 0, 0, 0, 0, 0, 2, 20, 6]"
2993,99,1477440,A,0.003,0.75,180,0.9,14,11,32,0.13,"[0, 0, 0, 0, 6, 17, 18, 43, 37, 41, 59, 68, 26, 50, 51, 71, 45, 53, 28]"
2995,99,1477440,A,0.003,0.75,180,0.9,14,11,32,0.14,"[0, 0, 0, 0, 0, 0, 0, 0, 0, 0, 0, 0, 0, 0, 0, 0, 29, 43, 24]"
2994,99,1477440,A,0.003,0.75,180,0.9,14,11,32,0.135,"[0, 0, 0, 0, 5, 19, 12, 23, 37, 51, 46, 67, 32, 56, 54, 72, 59, 52, 20]"
2998,99,1477440,A,0.003,0.75,180,0.9,14,11,32,0.155,"[0, 0, 0, 0, 15, 60, 26, 64, 66, 76, 60, 72, 41, 54, 52, 70, 64, 53, 65]"
2997,99,1477440,A,0.003,0.75,180,0.9,14,11,32,0.15,"[0, 0, 0, 0, 0, 0, 0, 0, 2, 13, 55, 74, 53, 68, 65, 57, 66, 69, 38]"
2999,99,1477440,A,0.003,0.75,180,0.9,14,11,32,0.16,"[0, 0, 0, 0, 0, 0, 0, 0, 4, 17, 57, 61, 48, 68, 63, 60, 56, 81, 41]"
