RunId,iteration,Step,data_type,prob_new_patient,isolation_factor,cleaningDay,hcw_wash_rate,isolation_time,height,width,prob_transmission,HCW_related_infecs
25,1,2332800,B_,0.003,0.75,180,0.9,14,11,32,0.01,"[0, 0, 0, 0, 0, 0, 0, 0, 0, 0, 0, 0, 0, 0, 0, 0, 0, 0, 0, 0, 0, 0, 0, 0, 0, 0, 0, 0, 0, 0]"
12,0,2332800,B_,0.003,0.75,180,0.9,14,11,32,0.07,"[0, 0, 3, 2, 3, 1, 0, 0, 0, 2, 3, 6, 0, 0, 0, 0, 0, 0, 0, 0, 0, 2, 9, 10, 0, 2, 1, 5, 7, 9]"
9,0,2332800,B_,0.003,0.75,180,0.9,14,11,32,0.055,"[0, 0, 0, 0, 0, 1, 1, 4, 2, 0, 4, 2, 2, 4, 3, 4, 6, 4, 2, 2, 2, 4, 2, 2, 4, 1, 0, 3, 3, 2]"
35,1,2332800,B_,0.003,0.75,180,0.9,14,11,32,0.06,"[0, 0, 0, 0, 0, 0, 0, 0, 0, 3, 1, 1, 1, 3, 2, 5, 4, 11, 2, 4, 16, 8, 12, 15, 3, 1, 7, 7, 4, 12]"
0,0,2332800,B_,0.003,0.75,180,0.9,14,11,32,0.01,"[0, 0, 0, 0, 0, 0, 0, 0, 0, 0, 0, 0, 0, 0, 0, 0, 0, 0, 0, 0, 0, 0, 0, 0, 0, 0, 0, 0, 0, 0]"
11,0,2332800,B_,0.003,0.75,180,0.9,14,11,32,0.065,"[0, 0, 0, 0, 0, 0, 1, 2, 4, 4, 3, 3, 0, 3, 1, 4, 9, 8, 8, 10, 12, 14, 12, 21, 2, 3, 5, 11, 8, 14]"
2,0,2332800,B_,0.003,0.75,180,0.9,14,11,32,0.02,"[0, 0, 0, 0, 1, 0, 0, 0, 0, 0, 0, 1, 1, 0, 0, 0, 0, 0, 0, 0, 0, 0, 0, 0, 0, 0, 0, 0, 0, 0]"
14,0,2332800,B_,0.003,0.75,180,0.9,14,11,32,0.08,"[0, 0, 0, 0, 0, 0, 0, 4, 4, 6, 5, 6, 7, 15, 12, 10, 24, 17, 3, 15, 12, 12, 23, 11, 1, 2, 1, 8, 13, 10]"
38,1,2332800,B_,0.003,0.75,180,0.9,14,11,32,0.075,"[0, 1, 4, 10, 7, 11, 0, 4, 6, 7, 8, 18, 0, 3, 12, 16, 14, 16, 2, 5, 16, 9, 10, 18, 5, 9, 12, 11, 10, 22]"
8,0,2332800,B_,0.003,0.75,180,0.9,14,11,32,0.05,"[0, 0, 0, 2, 1, 4, 1, 1, 0, 1, 2, 1, 0, 3, 2, 4, 2, 3, 0, 5, 5, 6, 5, 5, 1, 2, 0, 1, 2, 2]"
6,0,2332800,B_,0.003,0.75,180,0.9,14,11,32,0.04,"[0, 0, 0, 0, 0, 0, 0, 0, 0, 0, 0, 0, 0, 0, 0, 0, 0, 1, 1, 0, 0, 0, 0, 1, 0, 0, 0, 0, 0, 1]"
15,0,2332800,B_,0.003,0.75,180,0.9,14,11,32,0.085,"[0, 0, 0, 2, 14, 10, 5, 4, 23, 26, 19, 23, 1, 0, 0, 2, 14, 16, 5, 12, 24, 18, 14, 19, 16, 16, 28, 29, 20, 18]"
10,0,2332800,B_,0.003,0.75,180,0.9,14,11,32,0.06,"[0, 1, 3, 5, 8, 8, 1, 3, 3, 1, 2, 4, 2, 5, 4, 3, 3, 4, 0, 2, 4, 9, 9, 11, 5, 2, 2, 4, 2, 5]"
37,1,2332800,B_,0.003,0.75,180,0.9,14,11,32,0.07,"[0, 0, 3, 2, 7, 8, 0, 0, 0, 0, 0, 0, 3, 3, 1, 5, 6, 4, 0, 0, 0, 0, 0, 3, 7, 5, 8, 8, 16, 11]"
44,1,2332800,B_,0.003,0.75,180,0.9,14,11,32,0.105,"[0, 0, 0, 0, 0, 0, 0, 3, 9, 15, 22, 22, 16, 15, 21, 29, 28, 29, 25, 21, 27, 24, 18, 28, 18, 22, 28, 31, 29, 27]"
5,0,2332800,B_,0.003,0.75,180,0.9,14,11,32,0.035,"[0, 1, 0, 0, 0, 0, 0, 0, 2, 1, 0, 0, 0, 0, 1, 1, 1, 2, 3, 3, 1, 0, 0, 2, 0, 0, 0, 0, 0, 0]"
45,1,2332800,B_,0.003,0.75,180,0.9,14,11,32,0.11,"[0, 0, 2, 25, 33, 29, 19, 23, 28, 24, 37, 31, 30, 31, 22, 22, 27, 29, 25, 23, 30, 33, 32, 26, 14, 27, 23, 29, 25, 21]"
16,0,2332800,B_,0.003,0.75,180,0.9,14,11,32,0.09,"[0, 3, 13, 25, 43, 20, 14, 18, 23, 18, 29, 29, 18, 16, 25, 28, 22, 21, 14, 23, 28, 21, 20, 24, 10, 18, 26, 33, 21, 21]"
48,1,2332800,B_,0.003,0.75,180,0.9,14,11,32,0.125,"[0, 5, 32, 19, 35, 31, 19, 29, 35, 27, 33, 27, 23, 31, 29, 38, 26, 26, 23, 26, 27, 35, 29, 34, 25, 34, 38, 49, 25, 33]"
47,1,2332800,B_,0.003,0.75,180,0.9,14,11,32,0.12,"[0, 0, 12, 31, 32, 22, 27, 19, 29, 21, 37, 22, 4, 33, 40, 26, 28, 34, 31, 17, 25, 19, 21, 28, 28, 35, 28, 39, 27, 26]"
27,1,2332800,B_,0.003,0.75,180,0.9,14,11,32,0.02,"[0, 0, 0, 0, 0, 0, 0, 0, 0, 0, 0, 0, 0, 0, 0, 0, 0, 0, 0, 0, 0, 0, 0, 0, 0, 0, 0, 0, 0, 0]"
26,1,2332800,B_,0.003,0.75,180,0.9,14,11,32,0.015,"[0, 0, 0, 0, 0, 0, 0, 0, 0, 0, 0, 0, 0, 0, 0, 0, 0, 0, 0, 0, 0, 0, 0, 0, 0, 0, 0, 0, 0, 0]"
1,0,2332800,B_,0.003,0.75,180,0.9,14,11,32,0.015,"[0, 0, 0, 0, 0, 0, 0, 0, 0, 0, 0, 0, 0, 0, 0, 0, 0, 0, 0, 0, 0, 0, 0, 0, 0, 0, 0, 0, 0, 0]"
30,1,2332800,B_,0.003,0.75,180,0.9,14,11,32,0.035,"[0, 0, 0, 0, 0, 0, 0, 0, 0, 0, 0, 0, 0, 0, 0, 0, 0, 0, 0, 0, 0, 1, 1, 0, 1, 0, 1, 1, 2, 0]"
4,0,2332800,B_,0.003,0.75,180,0.9,14,11,32,0.03,"[0, 0, 0, 0, 0, 0, 0, 0, 0, 0, 0, 0, 0, 0, 0, 0, 0, 0, 0, 1, 0, 0, 0, 0, 0, 0, 0, 0, 0, 1]"
28,1,2332800,B_,0.003,0.75,180,0.9,14,11,32,0.025,"[0, 0, 0, 0, 0, 0, 0, 0, 0, 0, 0, 1, 0, 0, 0, 0, 0, 0, 0, 0, 0, 1, 0, 0, 0, 0, 0, 0, 0, 0]"
29,1,2332800,B_,0.003,0.75,180,0.9,14,11,32,0.03,"[0, 0, 0, 0, 0, 0, 0, 0, 0, 0, 1, 0, 0, 0, 1, 0, 4, 1, 0, 0, 0, 0, 0, 0, 0, 0, 0, 0, 0, 0]"
7,0,2332800,B_,0.003,0.75,180,0.9,14,11,32,0.045,"[0, 0, 0, 0, 0, 0, 0, 0, 2, 0, 1, 1, 0, 0, 0, 0, 0, 3, 0, 0, 0, 1, 0, 0, 1, 2, 0, 0, 0, 0]"
33,1,2332800,B_,0.003,0.75,180,0.9,14,11,32,0.05,"[0, 0, 0, 0, 0, 0, 0, 1, 2, 3, 4, 8, 0, 0, 0, 0, 0, 0, 0, 0, 0, 0, 0, 3, 0, 0, 0, 0, 0, 0]"
3,0,2332800,B_,0.003,0.75,180,0.9,14,11,32,0.025,"[0, 0, 0, 0, 0, 0, 0, 0, 0, 0, 0, 0, 0, 0, 0, 0, 0, 0, 0, 0, 0, 0, 0, 0, 0, 2, 1, 2, 2, 2]"
31,1,2332800,B_,0.003,0.75,180,0.9,14,11,32,0.04,"[0, 0, 0, 0, 0, 0, 0, 0, 0, 0, 0, 0, 0, 0, 0, 3, 0, 1, 0, 0, 0, 0, 1, 0, 2, 1, 2, 2, 1, 2]"
17,0,2332800,B_,0.003,0.75,180,0.9,14,11,32,0.095,"[0, 0, 1, 0, 0, 0, 5, 7, 11, 15, 29, 25, 14, 31, 35, 31, 20, 27, 25, 20, 30, 31, 21, 30, 14, 24, 19, 27, 31, 19]"
32,1,2332800,B_,0.003,0.75,180,0.9,14,11,32,0.045,"[0, 0, 0, 1, 0, 2, 0, 0, 0, 0, 0, 1, 1, 0, 0, 0, 0, 0, 0, 0, 0, 1, 1, 5, 2, 8, 2, 10, 1, 8]"
34,1,2332800,B_,0.003,0.75,180,0.9,14,11,32,0.055,"[0, 1, 0, 0, 0, 0, 0, 0, 1, 4, 5, 8, 1, 1, 1, 1, 3, 6, 0, 2, 1, 3, 3, 0, 0, 0, 0, 0, 0, 0]"
36,1,2332800,B_,0.003,0.75,180,0.9,14,11,32,0.065,"[0, 0, 0, 0, 0, 1, 5, 9, 15, 15, 16, 8, 4, 8, 4, 14, 14, 15, 5, 15, 18, 13, 11, 16, 2, 4, 5, 10, 5, 6]"
41,1,2332800,B_,0.003,0.75,180,0.9,14,11,32,0.09,"[0, 1, 4, 12, 10, 14, 16, 20, 30, 16, 37, 22, 6, 14, 17, 21, 18, 27, 7, 13, 25, 16, 21, 22, 12, 14, 27, 25, 22, 16]"
40,1,2332800,B_,0.003,0.75,180,0.9,14,11,32,0.085,"[0, 0, 0, 0, 0, 7, 2, 7, 7, 13, 11, 22, 4, 6, 1, 14, 8, 19, 2, 9, 18, 20, 25, 19, 5, 21, 23, 20, 21, 27]"
13,0,2332800,B_,0.003,0.75,180,0.9,14,11,32,0.075,"[0, 0, 1, 3, 1, 7, 0, 1, 6, 15, 20, 19, 7, 4, 3, 16, 16, 17, 4, 17, 14, 17, 19, 20, 4, 4, 13, 16, 17, 28]"
39,1,2332800,B_,0.003,0.75,180,0.9,14,11,32,0.08,"[0, 0, 1, 15, 15, 18, 7, 16, 12, 11, 21, 20, 7, 11, 18, 24, 16, 23, 9, 19, 30, 24, 18, 26, 8, 7, 11, 11, 18, 30]"
42,1,2332800,B_,0.003,0.75,180,0.9,14,11,32,0.095,"[0, 0, 0, 0, 14, 12, 4, 22, 25, 15, 27, 28, 11, 20, 24, 21, 21, 20, 9, 21, 20, 20, 21, 21, 1, 9, 5, 11, 5, 15]"
43,1,2332800,B_,0.003,0.75,180,0.9,14,11,32,0.1,"[0, 0, 0, 0, 0, 0, 0, 1, 4, 7, 22, 28, 19, 24, 30, 32, 25, 32, 7, 13, 31, 21, 21, 28, 25, 28, 24, 31, 31, 31]"
18,0,2332800,B_,0.003,0.75,180,0.9,14,11,32,0.1,"[0, 0, 7, 21, 27, 25, 14, 16, 23, 14, 28, 30, 14, 20, 29, 26, 26, 27, 4, 11, 12, 19, 21, 32, 17, 17, 30, 23, 17, 25]"
22,0,2332800,B_,0.003,0.75,180,0.9,14,11,32,0.12,"[0, 0, 0, 0, 0, 0, 0, 16, 21, 24, 37, 25, 20, 36, 25, 30, 36, 31, 24, 30, 27, 30, 34, 29, 24, 35, 31, 23, 19, 25]"
19,0,2332800,B_,0.003,0.75,180,0.9,14,11,32,0.105,"[0, 0, 2, 14, 23, 25, 19, 21, 22, 32, 25, 20, 7, 17, 35, 24, 17, 32, 14, 23, 24, 31, 22, 23, 22, 28, 27, 29, 20, 24]"
24,0,2332800,B_,0.003,0.75,180,0.9,14,11,32,0.13,"[0, 0, 0, 1, 0, 6, 24, 26, 39, 27, 35, 37, 23, 34, 32, 32, 33, 27, 22, 20, 44, 34, 22, 32, 28, 34, 31, 30, 30, 27]"
21,0,2332800,B_,0.003,0.75,180,0.9,14,11,32,0.115,"[0, 0, 3, 6, 21, 35, 17, 30, 32, 27, 18, 26, 20, 25, 22, 25, 31, 21, 20, 28, 30, 23, 21, 37, 23, 23, 28, 27, 23, 31]"
20,0,2332800,B_,0.003,0.75,180,0.9,14,11,32,0.11,"[0, 0, 9, 19, 26, 39, 26, 38, 14, 27, 29, 24, 25, 36, 20, 31, 17, 24, 24, 20, 22, 33, 37, 34, 18, 24, 30, 22, 23, 28]"
46,1,2332800,B_,0.003,0.75,180,0.9,14,11,32,0.115,"[3, 18, 18, 27, 31, 30, 13, 24, 38, 30, 26, 24, 7, 26, 33, 24, 24, 31, 17, 22, 30, 21, 37, 43, 28, 34, 23, 26, 23, 23]"
23,0,2332800,B_,0.003,0.75,180,0.9,14,11,32,0.125,"[0, 6, 30, 30, 35, 37, 26, 27, 31, 21, 35, 25, 17, 28, 28, 24, 26, 41, 28, 29, 25, 30, 22, 38, 25, 20, 25, 41, 22, 28]"
49,1,2332800,B_,0.003,0.75,180,0.9,14,11,32,0.13,"[3, 27, 33, 32, 29, 35, 25, 32, 25, 27, 37, 27, 22, 41, 25, 34, 25, 40, 21, 28, 33, 35, 22, 33, 22, 33, 30, 25, 30, 30]"
50,2,2332800,B_,0.003,0.75,180,0.9,14,11,32,0.01,"[0, 0, 0, 0, 0, 0, 0, 0, 0, 0, 0, 0, 0, 0, 0, 0, 0, 0, 0, 0, 0, 0, 0, 0, 0, 0, 0, 0, 0, 0]"
51,2,2332800,B_,0.003,0.75,180,0.9,14,11,32,0.015,"[0, 0, 0, 0, 0, 0, 0, 0, 0, 0, 0, 0, 0, 0, 0, 0, 0, 0, 0, 0, 0, 0, 0, 0, 0, 0, 0, 0, 0, 0]"
52,2,2332800,B_,0.003,0.75,180,0.9,14,11,32,0.02,"[0, 0, 0, 0, 0, 0, 0, 0, 0, 0, 0, 0, 0, 0, 0, 0, 0, 0, 0, 0, 0, 0, 0, 0, 0, 0, 0, 0, 1, 0]"
56,2,2332800,B_,0.003,0.75,180,0.9,14,11,32,0.04,"[0, 0, 0, 0, 0, 0, 0, 0, 0, 1, 1, 0, 0, 0, 0, 0, 0, 0, 0, 0, 0, 0, 0, 0, 0, 0, 1, 0, 1, 1]"
58,2,2332800,B_,0.003,0.75,180,0.9,14,11,32,0.05,"[0, 2, 5, 7, 5, 5, 3, 1, 2, 5, 1, 1, 2, 4, 11, 13, 15, 5, 1, 1, 0, 3, 2, 3, 0, 0, 0, 0, 1, 2]"
59,2,2332800,B_,0.003,0.75,180,0.9,14,11,32,0.055,"[0, 0, 0, 0, 0, 0, 0, 0, 0, 0, 0, 0, 0, 3, 2, 3, 2, 10, 0, 0, 0, 4, 1, 5, 0, 0, 1, 3, 6, 6]"
54,2,2332800,B_,0.003,0.75,180,0.9,14,11,32,0.03,"[0, 0, 0, 0, 1, 2, 0, 0, 1, 0, 1, 1, 0, 0, 0, 1, 0, 0, 0, 0, 0, 0, 0, 0, 0, 0, 0, 0, 0, 0]"
62,2,2332800,B_,0.003,0.75,180,0.9,14,11,32,0.07,"[0, 0, 0, 0, 0, 0, 0, 5, 10, 10, 13, 18, 3, 6, 6, 9, 6, 8, 7, 15, 9, 11, 15, 15, 11, 5, 10, 8, 5, 13]"
63,2,2332800,B_,0.003,0.75,180,0.9,14,11,32,0.075,"[1, 1, 3, 7, 13, 18, 4, 10, 7, 12, 14, 19, 3, 6, 18, 10, 21, 21, 6, 9, 12, 17, 14, 22, 5, 13, 20, 14, 22, 20]"
60,2,2332800,B_,0.003,0.75,180,0.9,14,11,32,0.06,"[0, 0, 0, 0, 0, 0, 0, 0, 0, 5, 2, 4, 0, 2, 6, 8, 10, 19, 8, 4, 12, 8, 12, 14, 5, 13, 10, 15, 15, 16]"
64,2,2332800,B_,0.003,0.75,180,0.9,14,11,32,0.08,"[0, 0, 0, 0, 0, 0, 1, 12, 20, 19, 24, 20, 3, 16, 14, 17, 19, 20, 7, 6, 14, 14, 24, 19, 9, 10, 21, 22, 24, 19]"
53,2,2332800,B_,0.003,0.75,180,0.9,14,11,32,0.025,"[0, 0, 0, 0, 0, 0, 0, 0, 0, 0, 0, 0, 0, 0, 0, 0, 0, 0, 1, 0, 2, 1, 1, 2, 0, 0, 0, 0, 0, 0]"
55,2,2332800,B_,0.003,0.75,180,0.9,14,11,32,0.035,"[0, 0, 0, 0, 0, 0, 0, 0, 0, 0, 0, 0, 0, 0, 0, 0, 0, 0, 0, 1, 2, 2, 0, 1, 0, 0, 0, 0, 0, 0]"
80,3,2332800,B_,0.003,0.75,180,0.9,14,11,32,0.035,"[0, 0, 0, 0, 0, 0, 0, 0, 0, 0, 0, 0, 0, 0, 0, 0, 0, 0, 0, 0, 0, 0, 0, 3, 0, 0, 0, 0, 0, 0]"
81,3,2332800,B_,0.003,0.75,180,0.9,14,11,32,0.04,"[0, 0, 0, 0, 0, 0, 0, 0, 0, 0, 0, 0, 0, 0, 0, 0, 0, 1, 4, 1, 2, 1, 0, 2, 0, 0, 0, 0, 0, 0]"
57,2,2332800,B_,0.003,0.75,180,0.9,14,11,32,0.045,"[0, 0, 0, 0, 0, 0, 0, 0, 0, 1, 0, 0, 0, 0, 1, 0, 0, 0, 1, 1, 3, 1, 1, 7, 0, 0, 1, 0, 2, 2]"
67,2,2332800,B_,0.003,0.75,180,0.9,14,11,32,0.095,"[0, 2, 6, 4, 13, 14, 7, 9, 24, 12, 24, 28, 6, 21, 28, 22, 22, 27, 14, 24, 27, 18, 20, 28, 16, 35, 27, 26, 20, 29]"
66,2,2332800,B_,0.003,0.75,180,0.9,14,11,32,0.09,"[0, 1, 3, 15, 14, 22, 8, 16, 20, 18, 18, 23, 19, 23, 24, 16, 19, 32, 9, 21, 32, 19, 17, 29, 9, 31, 30, 25, 22, 31]"
69,2,2332800,B_,0.003,0.75,180,0.9,14,11,32,0.105,"[0, 6, 25, 19, 25, 24, 19, 24, 31, 23, 36, 29, 22, 27, 36, 26, 26, 24, 8, 8, 29, 19, 18, 26, 6, 18, 32, 34, 22, 28]"
61,2,2332800,B_,0.003,0.75,180,0.9,14,11,32,0.065,"[0, 0, 0, 0, 0, 0, 0, 1, 4, 5, 16, 17, 5, 8, 9, 11, 10, 16, 0, 2, 1, 6, 10, 9, 1, 0, 0, 1, 2, 4]"
88,3,2332800,B_,0.003,0.75,180,0.9,14,11,32,0.075,"[0, 0, 2, 3, 1, 1, 2, 2, 2, 2, 8, 8, 6, 6, 9, 13, 13, 14, 0, 2, 1, 0, 7, 11, 3, 7, 9, 11, 17, 24]"
68,2,2332800,B_,0.003,0.75,180,0.9,14,11,32,0.1,"[0, 0, 0, 4, 2, 14, 7, 20, 19, 18, 23, 20, 14, 29, 24, 21, 21, 25, 11, 23, 12, 33, 22, 24, 3, 6, 19, 30, 30, 22]"
77,3,2332800,B_,0.003,0.75,180,0.9,14,11,32,0.02,"[0, 0, 0, 0, 0, 0, 0, 0, 0, 0, 0, 0, 0, 0, 0, 0, 0, 0, 0, 0, 0, 0, 0, 0, 0, 0, 0, 0, 0, 0]"
75,3,2332800,B_,0.003,0.75,180,0.9,14,11,32,0.01,"[0, 0, 0, 0, 0, 0, 0, 0, 0, 0, 0, 0, 0, 0, 0, 0, 0, 0, 0, 0, 0, 0, 0, 0, 0, 0, 0, 0, 0, 0]"
78,3,2332800,B_,0.003,0.75,180,0.9,14,11,32,0.025,"[0, 0, 0, 0, 0, 0, 0, 0, 0, 0, 0, 0, 0, 0, 0, 0, 1, 3, 0, 0, 0, 0, 1, 0, 0, 0, 0, 0, 0, 0]"
76,3,2332800,B_,0.003,0.75,180,0.9,14,11,32,0.015,"[0, 0, 0, 0, 0, 0, 0, 0, 0, 0, 0, 0, 0, 0, 0, 0, 1, 0, 0, 0, 0, 0, 0, 0, 0, 0, 0, 0, 0, 0]"
79,3,2332800,B_,0.003,0.75,180,0.9,14,11,32,0.03,"[0, 0, 1, 0, 0, 1, 0, 0, 0, 0, 0, 0, 0, 0, 0, 0, 0, 0, 0, 0, 0, 0, 0, 0, 0, 0, 0, 0, 0, 0]"
82,3,2332800,B_,0.003,0.75,180,0.9,14,11,32,0.045,"[0, 0, 0, 0, 0, 0, 0, 0, 0, 0, 0, 0, 0, 0, 0, 0, 0, 0, 1, 0, 0, 0, 0, 0, 0, 0, 0, 0, 1, 0]"
65,2,2332800,B_,0.003,0.75,180,0.9,14,11,32,0.085,"[0, 0, 0, 2, 2, 2, 0, 4, 13, 21, 29, 16, 5, 18, 18, 21, 26, 27, 7, 17, 24, 18, 22, 27, 17, 29, 16, 29, 19, 26]"
83,3,2332800,B_,0.003,0.75,180,0.9,14,11,32,0.05,"[0, 0, 0, 0, 0, 0, 0, 0, 0, 1, 1, 2, 0, 0, 1, 2, 6, 6, 0, 0, 0, 0, 0, 0, 0, 0, 2, 2, 3, 2]"
85,3,2332800,B_,0.003,0.75,180,0.9,14,11,32,0.06,"[0, 0, 0, 0, 0, 0, 0, 3, 5, 6, 11, 4, 3, 4, 4, 6, 3, 8, 1, 4, 5, 5, 9, 6, 0, 1, 1, 3, 3, 3]"
84,3,2332800,B_,0.003,0.75,180,0.9,14,11,32,0.055,"[0, 0, 0, 3, 3, 4, 0, 2, 2, 1, 4, 0, 2, 2, 9, 4, 7, 9, 1, 1, 0, 4, 4, 9, 0, 2, 6, 5, 7, 5]"
97,3,2332800,B_,0.003,0.75,180,0.9,14,11,32,0.12,"[0, 0, 0, 0, 0, 14, 22, 26, 24, 29, 38, 25, 23, 28, 26, 32, 30, 24, 22, 20, 27, 28, 19, 33, 24, 37, 22, 22, 28, 31]"
86,3,2332800,B_,0.003,0.75,180,0.9,14,11,32,0.065,"[0, 0, 0, 2, 6, 7, 5, 4, 10, 11, 14, 13, 2, 2, 1, 7, 0, 6, 0, 1, 7, 5, 7, 6, 0, 1, 7, 7, 6, 5]"
87,3,2332800,B_,0.003,0.75,180,0.9,14,11,32,0.07,"[0, 0, 4, 6, 18, 14, 5, 3, 5, 12, 19, 20, 2, 7, 2, 9, 7, 6, 1, 2, 5, 4, 5, 11, 1, 5, 4, 3, 6, 4]"
71,2,2332800,B_,0.003,0.75,180,0.9,14,11,32,0.115,"[0, 0, 7, 14, 28, 35, 2, 15, 36, 23, 37, 28, 12, 31, 28, 35, 19, 27, 28, 25, 22, 27, 30, 31, 23, 28, 27, 33, 33, 20]"
70,2,2332800,B_,0.003,0.75,180,0.9,14,11,32,0.11,"[0, 5, 11, 33, 28, 21, 24, 24, 29, 29, 32, 23, 22, 34, 16, 28, 29, 31, 19, 21, 28, 23, 30, 27, 9, 32, 25, 31, 28, 26]"
90,3,2332800,B_,0.003,0.75,180,0.9,14,11,32,0.085,"[0, 0, 2, 3, 5, 4, 5, 5, 12, 5, 12, 11, 6, 8, 31, 13, 24, 24, 12, 25, 15, 23, 25, 25, 16, 19, 31, 20, 18, 28]"
74,2,2332800,B_,0.003,0.75,180,0.9,14,11,32,0.13,"[0, 0, 21, 31, 23, 25, 32, 27, 36, 25, 33, 33, 21, 38, 23, 37, 26, 34, 26, 33, 23, 24, 23, 33, 17, 31, 26, 39, 24, 25]"
72,2,2332800,B_,0.003,0.75,180,0.9,14,11,32,0.12,"[8, 33, 23, 29, 24, 29, 15, 30, 24, 28, 27, 34, 12, 31, 25, 24, 23, 34, 20, 21, 22, 25, 26, 31, 27, 27, 21, 29, 27, 22]"
73,2,2332800,B_,0.003,0.75,180,0.9,14,11,32,0.125,"[13, 29, 29, 40, 30, 36, 28, 31, 34, 30, 22, 30, 19, 34, 27, 30, 31, 30, 26, 21, 27, 31, 32, 23, 14, 37, 23, 29, 26, 32]"
89,3,2332800,B_,0.003,0.75,180,0.9,14,11,32,0.08,"[0, 0, 0, 1, 3, 12, 7, 16, 22, 28, 26, 21, 6, 15, 26, 32, 18, 24, 11, 21, 20, 26, 25, 20, 12, 19, 27, 20, 21, 20]"
91,3,2332800,B_,0.003,0.75,180,0.9,14,11,32,0.09,"[0, 6, 8, 11, 29, 20, 25, 18, 18, 28, 29, 14, 5, 26, 17, 19, 21, 27, 4, 16, 16, 26, 29, 19, 4, 6, 11, 20, 24, 20]"
92,3,2332800,B_,0.003,0.75,180,0.9,14,11,32,0.095,"[0, 0, 1, 6, 24, 17, 17, 25, 19, 20, 28, 23, 13, 26, 23, 25, 21, 26, 18, 25, 27, 20, 17, 20, 12, 20, 19, 32, 17, 29]"
94,3,2332800,B_,0.003,0.75,180,0.9,14,11,32,0.105,"[0, 0, 7, 1, 10, 14, 1, 0, 0, 9, 26, 24, 6, 23, 23, 27, 27, 20, 16, 24, 22, 19, 21, 27, 18, 23, 32, 31, 30, 21]"
93,3,2332800,B_,0.003,0.75,180,0.9,14,11,32,0.1,"[0, 0, 1, 12, 19, 19, 22, 23, 28, 17, 22, 30, 17, 22, 26, 21, 20, 28, 22, 22, 32, 22, 21, 25, 22, 33, 33, 30, 23, 28]"
96,3,2332800,B_,0.003,0.75,180,0.9,14,11,32,0.115,"[0, 0, 12, 24, 34, 22, 7, 37, 23, 28, 30, 30, 29, 28, 35, 25, 27, 23, 7, 35, 27, 25, 16, 31, 11, 27, 34, 40, 22, 36]"
95,3,2332800,B_,0.003,0.75,180,0.9,14,11,32,0.11,"[0, 0, 4, 12, 21, 25, 25, 17, 30, 21, 37, 28, 20, 33, 31, 27, 29, 27, 16, 32, 28, 30, 22, 28, 16, 33, 16, 26, 32, 21]"
98,3,2332800,B_,0.003,0.75,180,0.9,14,11,32,0.125,"[0, 0, 5, 11, 38, 27, 30, 27, 35, 28, 37, 35, 8, 25, 26, 30, 32, 30, 16, 28, 33, 28, 27, 24, 26, 33, 25, 33, 27, 30]"
99,3,2332800,B_,0.003,0.75,180,0.9,14,11,32,0.13,"[9, 31, 29, 27, 30, 26, 22, 31, 34, 18, 38, 29, 22, 29, 37, 27, 37, 37, 29, 37, 25, 36, 21, 38, 24, 28, 25, 30, 32, 29]"
101,4,2332800,B_,0.003,0.75,180,0.9,14,11,32,0.015,"[0, 0, 0, 0, 0, 0, 0, 0, 0, 0, 0, 0, 0, 0, 0, 1, 0, 0, 0, 0, 0, 0, 0, 0, 0, 0, 0, 0, 0, 0]"
100,4,2332800,B_,0.003,0.75,180,0.9,14,11,32,0.01,"[0, 0, 0, 0, 0, 0, 0, 0, 0, 0, 0, 0, 0, 0, 0, 0, 0, 0, 0, 0, 0, 0, 0, 0, 0, 0, 0, 0, 0, 0]"
103,4,2332800,B_,0.003,0.75,180,0.9,14,11,32,0.025,"[0, 0, 0, 0, 0, 0, 0, 0, 0, 0, 0, 0, 0, 0, 0, 1, 0, 0, 0, 0, 0, 0, 0, 0, 0, 0, 0, 0, 0, 0]"
102,4,2332800,B_,0.003,0.75,180,0.9,14,11,32,0.02,"[0, 0, 0, 0, 0, 0, 0, 0, 0, 0, 0, 0, 0, 0, 0, 0, 0, 0, 0, 0, 0, 0, 0, 0, 0, 1, 0, 0, 0, 0]"
105,4,2332800,B_,0.003,0.75,180,0.9,14,11,32,0.035,"[0, 0, 0, 0, 0, 0, 0, 1, 1, 1, 1, 1, 0, 0, 0, 0, 0, 1, 0, 0, 0, 0, 0, 0, 0, 0, 0, 0, 0, 0]"
104,4,2332800,B_,0.003,0.75,180,0.9,14,11,32,0.03,"[0, 0, 0, 0, 0, 0, 0, 0, 0, 0, 0, 0, 0, 1, 2, 3, 1, 1, 0, 0, 0, 0, 0, 2, 0, 0, 0, 0, 0, 0]"
107,4,2332800,B_,0.003,0.75,180,0.9,14,11,32,0.045,"[0, 0, 0, 0, 0, 0, 0, 0, 4, 6, 10, 4, 0, 0, 0, 0, 0, 0, 0, 0, 0, 0, 0, 0, 0, 0, 0, 0, 0, 0]"
108,4,2332800,B_,0.003,0.75,180,0.9,14,11,32,0.05,"[0, 0, 0, 0, 0, 0, 0, 0, 0, 0, 4, 3, 0, 0, 0, 0, 0, 0, 0, 0, 0, 1, 5, 3, 1, 2, 2, 3, 2, 3]"
110,4,2332800,B_,0.003,0.75,180,0.9,14,11,32,0.06,"[0, 0, 0, 0, 0, 0, 0, 5, 4, 6, 7, 4, 0, 1, 2, 0, 2, 0, 0, 0, 0, 10, 4, 11, 1, 7, 4, 10, 12, 9]"
106,4,2332800,B_,0.003,0.75,180,0.9,14,11,32,0.04,"[0, 0, 0, 0, 0, 1, 0, 1, 0, 1, 2, 3, 0, 2, 0, 0, 1, 1, 0, 0, 0, 0, 2, 1, 1, 0, 0, 1, 2, 1]"
113,4,2332800,B_,0.003,0.75,180,0.9,14,11,32,0.075,"[1, 1, 5, 6, 11, 7, 1, 4, 6, 8, 10, 14, 3, 6, 11, 18, 14, 19, 2, 4, 5, 16, 15, 23, 4, 9, 15, 13, 16, 11]"
114,4,2332800,B_,0.003,0.75,180,0.9,14,11,32,0.08,"[0, 0, 0, 0, 0, 0, 0, 0, 0, 4, 7, 18, 7, 11, 17, 23, 23, 28, 11, 16, 18, 21, 19, 21, 13, 16, 20, 24, 17, 18]"
116,4,2332800,B_,0.003,0.75,180,0.9,14,11,32,0.09,"[0, 0, 0, 4, 26, 24, 7, 15, 21, 21, 36, 27, 1, 9, 24, 24, 20, 15, 13, 26, 29, 18, 27, 25, 12, 18, 22, 14, 26, 29]"
117,4,2332800,B_,0.003,0.75,180,0.9,14,11,32,0.095,"[0, 1, 0, 1, 3, 20, 25, 26, 14, 36, 21, 21, 15, 33, 24, 25, 31, 26, 11, 19, 31, 19, 22, 26, 7, 20, 26, 20, 26, 21]"
118,4,2332800,B_,0.003,0.75,180,0.9,14,11,32,0.1,"[0, 0, 1, 17, 18, 23, 13, 12, 25, 29, 20, 32, 22, 22, 27, 28, 27, 26, 4, 23, 24, 25, 16, 21, 21, 24, 25, 38, 26, 20]"
109,4,2332800,B_,0.003,0.75,180,0.9,14,11,32,0.055,"[0, 0, 0, 0, 0, 0, 0, 0, 0, 0, 5, 0, 0, 0, 4, 6, 3, 7, 0, 1, 3, 1, 6, 8, 0, 0, 0, 0, 0, 0]"
112,4,2332800,B_,0.003,0.75,180,0.9,14,11,32,0.07,"[0, 0, 0, 0, 0, 0, 0, 0, 0, 0, 0, 0, 2, 5, 8, 12, 14, 15, 0, 3, 18, 8, 9, 15, 1, 8, 12, 10, 15, 21]"
111,4,2332800,B_,0.003,0.75,180,0.9,14,11,32,0.065,"[0, 0, 3, 4, 9, 1, 0, 0, 0, 0, 0, 0, 0, 0, 0, 0, 0, 0, 0, 0, 3, 12, 8, 12, 2, 12, 12, 23, 12, 15]"
130,5,2332800,B_,0.003,0.75,180,0.9,14,11,32,0.035,"[0, 0, 0, 0, 0, 0, 0, 0, 0, 0, 0, 0, 0, 0, 0, 0, 0, 0, 0, 0, 0, 0, 0, 0, 0, 0, 0, 0, 0, 0]"
120,4,2332800,B_,0.003,0.75,180,0.9,14,11,32,0.11,"[2, 23, 23, 30, 27, 30, 23, 20, 31, 37, 30, 25, 15, 38, 25, 32, 30, 24, 21, 25, 30, 26, 22, 24, 18, 33, 35, 23, 27, 34]"
132,5,2332800,B_,0.003,0.75,180,0.9,14,11,32,0.045,"[0, 2, 2, 0, 2, 2, 0, 0, 0, 0, 0, 0, 0, 0, 0, 0, 0, 0, 0, 3, 6, 1, 4, 6, 1, 1, 1, 0, 3, 3]"
115,4,2332800,B_,0.003,0.75,180,0.9,14,11,32,0.085,"[0, 2, 7, 11, 5, 7, 3, 3, 10, 12, 18, 22, 3, 6, 12, 11, 24, 28, 13, 22, 19, 22, 18, 23, 9, 9, 17, 14, 19, 19]"
121,4,2332800,B_,0.003,0.75,180,0.9,14,11,32,0.115,"[0, 0, 0, 4, 26, 29, 21, 24, 20, 22, 32, 24, 19, 32, 35, 19, 25, 37, 27, 26, 22, 25, 22, 32, 14, 25, 25, 31, 26, 21]"
119,4,2332800,B_,0.003,0.75,180,0.9,14,11,32,0.105,"[0, 0, 2, 2, 10, 18, 0, 4, 22, 16, 33, 24, 13, 24, 25, 29, 23, 38, 10, 24, 25, 14, 24, 24, 17, 27, 21, 26, 23, 28]"
126,5,2332800,B_,0.003,0.75,180,0.9,14,11,32,0.015,"[0, 0, 0, 0, 0, 0, 0, 0, 0, 0, 0, 0, 0, 0, 0, 0, 0, 0, 0, 0, 0, 0, 0, 0, 0, 0, 0, 0, 0, 0]"
125,5,2332800,B_,0.003,0.75,180,0.9,14,11,32,0.01,"[0, 0, 0, 0, 0, 0, 0, 0, 0, 0, 0, 0, 0, 0, 0, 0, 0, 0, 0, 0, 0, 0, 0, 0, 0, 0, 0, 0, 0, 0]"
127,5,2332800,B_,0.003,0.75,180,0.9,14,11,32,0.02,"[0, 0, 0, 0, 0, 0, 0, 0, 1, 0, 0, 0, 0, 0, 0, 0, 0, 0, 0, 0, 0, 0, 0, 1, 0, 0, 0, 0, 0, 0]"
129,5,2332800,B_,0.003,0.75,180,0.9,14,11,32,0.03,"[0, 0, 0, 0, 0, 0, 0, 0, 0, 0, 0, 0, 0, 0, 0, 0, 0, 1, 0, 0, 0, 1, 0, 0, 0, 0, 0, 0, 0, 0]"
128,5,2332800,B_,0.003,0.75,180,0.9,14,11,32,0.025,"[0, 0, 0, 0, 0, 0, 0, 0, 0, 0, 0, 0, 0, 0, 0, 0, 0, 0, 0, 0, 0, 0, 0, 0, 0, 1, 0, 2, 0, 0]"
131,5,2332800,B_,0.003,0.75,180,0.9,14,11,32,0.04,"[0, 0, 0, 0, 0, 0, 0, 0, 0, 0, 0, 1, 0, 0, 0, 0, 0, 0, 0, 0, 0, 0, 0, 0, 0, 0, 0, 0, 0, 0]"
133,5,2332800,B_,0.003,0.75,180,0.9,14,11,32,0.05,"[0, 0, 0, 0, 0, 1, 1, 1, 1, 2, 2, 5, 1, 1, 3, 2, 4, 5, 0, 0, 0, 2, 0, 1, 0, 0, 0, 0, 0, 0]"
134,5,2332800,B_,0.003,0.75,180,0.9,14,11,32,0.055,"[1, 0, 0, 0, 0, 0, 0, 0, 2, 1, 6, 8, 0, 2, 4, 0, 5, 4, 2, 1, 6, 6, 4, 8, 4, 1, 1, 5, 2, 5]"
136,5,2332800,B_,0.003,0.75,180,0.9,14,11,32,0.065,"[0, 0, 0, 0, 0, 0, 1, 0, 2, 9, 7, 5, 6, 3, 2, 6, 8, 8, 2, 1, 2, 4, 3, 6, 0, 0, 0, 0, 1, 0]"
122,4,2332800,B_,0.003,0.75,180,0.9,14,11,32,0.12,"[0, 0, 7, 12, 31, 31, 12, 26, 27, 22, 31, 30, 28, 31, 35, 29, 25, 20, 23, 22, 28, 15, 20, 34, 17, 27, 31, 23, 26, 25]"
123,4,2332800,B_,0.003,0.75,180,0.9,14,11,32,0.125,"[0, 0, 0, 11, 20, 34, 16, 31, 29, 33, 44, 21, 25, 33, 29, 22, 25, 32, 24, 23, 22, 25, 22, 31, 10, 28, 26, 34, 27, 25]"
135,5,2332800,B_,0.003,0.75,180,0.9,14,11,32,0.06,"[0, 0, 0, 0, 0, 0, 0, 1, 5, 7, 4, 6, 1, 6, 5, 8, 3, 15, 2, 7, 12, 13, 13, 10, 4, 7, 7, 11, 15, 12]"
124,4,2332800,B_,0.003,0.75,180,0.9,14,11,32,0.13,"[3, 18, 24, 33, 42, 33, 32, 31, 29, 35, 27, 31, 18, 36, 33, 36, 25, 27, 18, 31, 33, 34, 28, 38, 26, 28, 23, 30, 28, 30]"
137,5,2332800,B_,0.003,0.75,180,0.9,14,11,32,0.07,"[0, 0, 3, 11, 8, 10, 0, 2, 2, 4, 6, 16, 2, 6, 8, 9, 9, 12, 4, 6, 13, 5, 13, 14, 9, 9, 14, 21, 21, 18]"
138,5,2332800,B_,0.003,0.75,180,0.9,14,11,32,0.075,"[0, 0, 0, 0, 4, 11, 6, 15, 21, 21, 19, 21, 8, 15, 8, 11, 23, 15, 8, 8, 16, 22, 13, 16, 11, 8, 13, 18, 22, 24]"
139,5,2332800,B_,0.003,0.75,180,0.9,14,11,32,0.08,"[1, 3, 4, 7, 9, 20, 10, 13, 18, 18, 23, 22, 10, 19, 32, 11, 21, 23, 8, 11, 20, 18, 26, 23, 8, 11, 19, 20, 27, 22]"
141,5,2332800,B_,0.003,0.75,180,0.9,14,11,32,0.09,"[0, 0, 5, 24, 19, 20, 10, 26, 21, 23, 26, 19, 2, 10, 9, 19, 14, 24, 3, 9, 15, 16, 14, 27, 16, 17, 19, 24, 21, 20]"
140,5,2332800,B_,0.003,0.75,180,0.9,14,11,32,0.085,"[2, 12, 17, 23, 23, 22, 9, 16, 19, 21, 31, 20, 15, 27, 29, 15, 28, 28, 8, 20, 21, 13, 19, 18, 9, 29, 25, 19, 18, 24]"
143,5,2332800,B_,0.003,0.75,180,0.9,14,11,32,0.1,"[0, 0, 0, 0, 6, 9, 1, 3, 6, 27, 22, 25, 20, 25, 24, 22, 23, 14, 29, 18, 19, 18, 17, 25, 4, 35, 18, 25, 25, 27]"
142,5,2332800,B_,0.003,0.75,180,0.9,14,11,32,0.095,"[0, 2, 8, 16, 26, 26, 3, 19, 25, 29, 25, 22, 8, 32, 16, 26, 16, 21, 19, 18, 17, 27, 21, 28, 2, 24, 24, 29, 24, 28]"
144,5,2332800,B_,0.003,0.75,180,0.9,14,11,32,0.105,"[0, 0, 9, 22, 36, 28, 18, 29, 27, 29, 31, 25, 19, 31, 30, 19, 20, 23, 20, 24, 32, 27, 21, 19, 14, 26, 25, 30, 25, 22]"
145,5,2332800,B_,0.003,0.75,180,0.9,14,11,32,0.11,"[0, 0, 1, 11, 26, 35, 23, 23, 32, 24, 30, 26, 23, 27, 24, 33, 24, 27, 22, 26, 35, 36, 25, 24, 20, 26, 31, 33, 36, 30]"
146,5,2332800,B_,0.003,0.75,180,0.9,14,11,32,0.115,"[0, 0, 21, 32, 24, 30, 20, 25, 31, 31, 32, 31, 18, 30, 20, 29, 18, 30, 14, 29, 25, 25, 28, 30, 21, 26, 37, 25, 30, 31]"
148,5,2332800,B_,0.003,0.75,180,0.9,14,11,32,0.125,"[2, 5, 32, 24, 33, 32, 21, 28, 41, 29, 32, 29, 26, 23, 34, 22, 32, 24, 23, 22, 35, 37, 29, 31, 15, 39, 21, 32, 31, 31]"
147,5,2332800,B_,0.003,0.75,180,0.9,14,11,32,0.12,"[13, 15, 30, 27, 41, 22, 32, 31, 22, 40, 25, 30, 26, 23, 37, 27, 17, 30, 20, 26, 26, 25, 26, 34, 26, 25, 36, 41, 24, 28]"
149,5,2332800,B_,0.003,0.75,180,0.9,14,11,32,0.13,"[7, 21, 26, 38, 29, 22, 19, 28, 33, 33, 32, 34, 20, 23, 26, 30, 31, 30, 23, 29, 24, 40, 17, 34, 33, 40, 27, 26, 31, 32]"
150,6,2332800,B_,0.003,0.75,180,0.9,14,11,32,0.01,"[0, 0, 0, 0, 0, 0, 0, 0, 0, 0, 0, 0, 0, 0, 0, 0, 0, 0, 0, 0, 0, 0, 0, 0, 0, 0, 0, 0, 0, 0]"
151,6,2332800,B_,0.003,0.75,180,0.9,14,11,32,0.015,"[0, 0, 0, 0, 0, 0, 0, 0, 0, 0, 0, 0, 0, 0, 0, 0, 0, 0, 0, 0, 0, 0, 0, 0, 0, 0, 0, 0, 0, 0]"
152,6,2332800,B_,0.003,0.75,180,0.9,14,11,32,0.02,"[0, 0, 0, 0, 0, 0, 0, 0, 0, 0, 0, 0, 0, 0, 0, 0, 0, 0, 0, 0, 0, 0, 0, 0, 0, 0, 0, 0, 0, 0]"
153,6,2332800,B_,0.003,0.75,180,0.9,14,11,32,0.025,"[0, 0, 0, 0, 0, 0, 1, 0, 0, 0, 0, 0, 0, 0, 0, 0, 0, 0, 2, 1, 0, 1, 0, 0, 0, 0, 0, 0, 0, 0]"
154,6,2332800,B_,0.003,0.75,180,0.9,14,11,32,0.03,"[0, 0, 0, 0, 1, 0, 0, 0, 0, 0, 0, 0, 0, 0, 0, 0, 0, 0, 0, 0, 0, 0, 0, 0, 0, 0, 0, 0, 0, 0]"
155,6,2332800,B_,0.003,0.75,180,0.9,14,11,32,0.035,"[0, 0, 0, 0, 0, 1, 0, 2, 0, 0, 2, 1, 1, 0, 0, 2, 4, 3, 0, 0, 0, 0, 0, 0, 0, 0, 0, 0, 0, 0]"
156,6,2332800,B_,0.003,0.75,180,0.9,14,11,32,0.04,"[0, 0, 0, 0, 0, 0, 0, 0, 0, 0, 0, 0, 0, 0, 0, 0, 1, 1, 1, 0, 1, 0, 5, 5, 1, 2, 3, 5, 4, 1]"
157,6,2332800,B_,0.003,0.75,180,0.9,14,11,32,0.045,"[0, 0, 0, 0, 0, 0, 0, 0, 0, 0, 0, 0, 0, 0, 0, 0, 0, 0, 0, 0, 0, 0, 0, 0, 0, 0, 0, 0, 0, 0]"
158,6,2332800,B_,0.003,0.75,180,0.9,14,11,32,0.05,"[0, 0, 0, 0, 0, 0, 0, 0, 4, 4, 4, 5, 0, 0, 0, 0, 0, 2, 0, 0, 0, 0, 0, 3, 0, 0, 1, 0, 0, 2]"
160,6,2332800,B_,0.003,0.75,180,0.9,14,11,32,0.06,"[0, 0, 0, 0, 0, 0, 1, 0, 1, 7, 10, 6, 1, 5, 4, 6, 2, 7, 5, 4, 8, 9, 13, 10, 9, 8, 17, 14, 9, 9]"
161,6,2332800,B_,0.003,0.75,180,0.9,14,11,32,0.065,"[0, 0, 0, 0, 0, 0, 1, 6, 8, 5, 18, 19, 1, 4, 6, 7, 4, 7, 3, 4, 5, 6, 4, 7, 0, 0, 3, 4, 11, 14]"
162,6,2332800,B_,0.003,0.75,180,0.9,14,11,32,0.07,"[0, 0, 0, 2, 1, 1, 0, 0, 3, 7, 8, 12, 9, 17, 13, 18, 22, 21, 1, 7, 8, 15, 16, 11, 13, 14, 20, 18, 14, 15]"
163,6,2332800,B_,0.003,0.75,180,0.9,14,11,32,0.075,"[4, 0, 0, 0, 0, 0, 0, 0, 4, 2, 3, 7, 5, 4, 8, 8, 18, 25, 2, 8, 12, 13, 12, 17, 24, 24, 22, 17, 19, 20]"
164,6,2332800,B_,0.003,0.75,180,0.9,14,11,32,0.08,"[0, 0, 1, 3, 6, 6, 3, 4, 5, 16, 19, 20, 19, 18, 22, 25, 21, 17, 6, 9, 16, 23, 19, 22, 3, 8, 16, 28, 34, 15]"
159,6,2332800,B_,0.003,0.75,180,0.9,14,11,32,0.055,"[0, 0, 0, 0, 0, 0, 0, 0, 1, 9, 5, 4, 3, 9, 8, 7, 5, 8, 3, 6, 7, 12, 8, 16, 1, 3, 2, 6, 4, 5]"
168,6,2332800,B_,0.003,0.75,180,0.9,14,11,32,0.1,"[0, 0, 0, 4, 6, 4, 6, 22, 22, 24, 28, 35, 8, 29, 23, 24, 18, 21, 19, 20, 20, 23, 25, 23, 24, 22, 29, 24, 23, 31]"
169,6,2332800,B_,0.003,0.75,180,0.9,14,11,32,0.105,"[2, 6, 15, 32, 27, 24, 28, 25, 26, 25, 20, 27, 25, 29, 29, 21, 34, 33, 11, 28, 27, 24, 26, 29, 24, 30, 25, 30, 17, 33]"
170,6,2332800,B_,0.003,0.75,180,0.9,14,11,32,0.11,"[0, 0, 0, 0, 0, 9, 21, 25, 33, 21, 31, 34, 28, 27, 31, 36, 21, 27, 13, 25, 34, 34, 23, 27, 22, 22, 28, 37, 21, 30]"
172,6,2332800,B_,0.003,0.75,180,0.9,14,11,32,0.12,"[6, 19, 27, 32, 28, 39, 23, 24, 29, 20, 35, 24, 26, 30, 26, 33, 30, 32, 25, 25, 34, 29, 19, 30, 24, 28, 26, 27, 26, 38]"
165,6,2332800,B_,0.003,0.75,180,0.9,14,11,32,0.085,"[3, 17, 8, 21, 14, 24, 9, 17, 29, 20, 30, 18, 5, 21, 17, 25, 23, 24, 3, 13, 18, 15, 18, 29, 9, 5, 8, 19, 21, 19]"
166,6,2332800,B_,0.003,0.75,180,0.9,14,11,32,0.09,"[0, 5, 8, 15, 28, 29, 24, 25, 28, 20, 27, 26, 12, 28, 27, 30, 25, 25, 10, 20, 27, 18, 24, 18, 11, 25, 19, 22, 23, 30]"
167,6,2332800,B_,0.003,0.75,180,0.9,14,11,32,0.095,"[0, 7, 9, 24, 30, 22, 21, 19, 24, 25, 29, 18, 19, 25, 26, 21, 21, 25, 12, 16, 36, 10, 27, 23, 13, 32, 32, 29, 18, 20]"
175,7,2332800,B_,0.003,0.75,180,0.9,14,11,32,0.01,"[0, 0, 0, 0, 0, 0, 0, 0, 0, 0, 0, 0, 0, 0, 0, 0, 0, 0, 0, 0, 0, 0, 0, 0, 0, 0, 0, 0, 0, 0]"
176,7,2332800,B_,0.003,0.75,180,0.9,14,11,32,0.015,"[0, 0, 0, 0, 0, 0, 0, 0, 0, 0, 0, 0, 0, 0, 0, 0, 0, 0, 0, 0, 0, 0, 1, 1, 1, 0, 0, 0, 0, 0]"
177,7,2332800,B_,0.003,0.75,180,0.9,14,11,32,0.02,"[0, 0, 0, 0, 0, 0, 0, 0, 0, 0, 0, 0, 0, 0, 1, 0, 0, 0, 0, 0, 0, 0, 0, 0, 0, 0, 0, 0, 0, 0]"
178,7,2332800,B_,0.003,0.75,180,0.9,14,11,32,0.025,"[0, 0, 0, 0, 0, 0, 0, 0, 0, 0, 0, 0, 0, 0, 0, 1, 0, 1, 0, 0, 0, 0, 0, 0, 0, 0, 0, 0, 0, 0]"
171,6,2332800,B_,0.003,0.75,180,0.9,14,11,32,0.115,"[3, 18, 16, 34, 29, 18, 19, 34, 30, 26, 23, 27, 19, 27, 26, 20, 21, 26, 19, 27, 20, 22, 25, 27, 17, 35, 32, 27, 30, 25]"
179,7,2332800,B_,0.003,0.75,180,0.9,14,11,32,0.03,"[0, 0, 0, 0, 0, 0, 0, 0, 0, 0, 2, 0, 0, 0, 0, 0, 0, 0, 0, 0, 0, 0, 0, 1, 0, 0, 0, 0, 0, 0]"
180,7,2332800,B_,0.003,0.75,180,0.9,14,11,32,0.035,"[0, 0, 0, 0, 0, 0, 0, 0, 0, 0, 0, 0, 0, 0, 0, 0, 0, 0, 0, 0, 0, 1, 2, 1, 1, 0, 2, 0, 2, 2]"
173,6,2332800,B_,0.003,0.75,180,0.9,14,11,32,0.125,"[0, 0, 0, 0, 0, 22, 28, 23, 31, 26, 38, 40, 12, 37, 30, 21, 26, 35, 27, 24, 28, 28, 30, 28, 24, 25, 23, 21, 29, 25]"
182,7,2332800,B_,0.003,0.75,180,0.9,14,11,32,0.045,"[0, 0, 0, 0, 0, 0, 0, 0, 0, 1, 2, 1, 0, 0, 0, 3, 2, 2, 0, 0, 0, 0, 0, 0, 0, 0, 0, 0, 2, 0]"
181,7,2332800,B_,0.003,0.75,180,0.9,14,11,32,0.04,"[0, 0, 0, 0, 0, 0, 0, 0, 0, 0, 0, 0, 0, 0, 0, 0, 0, 0, 0, 0, 1, 0, 0, 1, 2, 2, 1, 2, 1, 0]"
183,7,2332800,B_,0.003,0.75,180,0.9,14,11,32,0.05,"[0, 1, 2, 2, 6, 8, 0, 0, 0, 4, 3, 3, 2, 3, 4, 2, 5, 2, 0, 0, 0, 3, 2, 0, 0, 1, 4, 6, 5, 3]"
184,7,2332800,B_,0.003,0.75,180,0.9,14,11,32,0.055,"[0, 0, 0, 0, 0, 0, 0, 0, 0, 1, 4, 2, 3, 3, 7, 2, 5, 6, 0, 2, 2, 4, 2, 5, 4, 12, 7, 3, 9, 11]"
185,7,2332800,B_,0.003,0.75,180,0.9,14,11,32,0.06,"[0, 0, 0, 0, 0, 0, 0, 0, 0, 2, 3, 3, 1, 0, 1, 2, 3, 5, 3, 6, 3, 5, 1, 6, 1, 1, 2, 2, 3, 2]"
174,6,2332800,B_,0.003,0.75,180,0.9,14,11,32,0.13,"[9, 29, 34, 33, 37, 24, 25, 31, 27, 24, 24, 32, 32, 30, 30, 26, 25, 24, 37, 22, 25, 34, 27, 34, 10, 27, 30, 26, 26, 24]"
186,7,2332800,B_,0.003,0.75,180,0.9,14,11,32,0.065,"[0, 1, 0, 0, 0, 0, 0, 3, 3, 1, 7, 6, 3, 1, 3, 5, 7, 12, 2, 0, 3, 9, 8, 8, 5, 11, 12, 10, 8, 11]"
187,7,2332800,B_,0.003,0.75,180,0.9,14,11,32,0.07,"[0, 4, 5, 4, 12, 14, 1, 4, 7, 8, 14, 15, 1, 2, 4, 10, 14, 24, 5, 12, 16, 8, 16, 12, 6, 12, 14, 20, 9, 18]"
188,7,2332800,B_,0.003,0.75,180,0.9,14,11,32,0.075,"[0, 0, 0, 0, 0, 0, 0, 0, 4, 10, 7, 5, 2, 9, 6, 6, 16, 15, 10, 18, 13, 20, 19, 15, 9, 6, 13, 16, 18, 17]"
189,7,2332800,B_,0.003,0.75,180,0.9,14,11,32,0.08,"[4, 5, 6, 9, 7, 19, 15, 12, 19, 14, 23, 27, 2, 2, 7, 4, 7, 4, 5, 2, 5, 7, 11, 11, 5, 2, 1, 8, 8, 6]"
190,7,2332800,B_,0.003,0.75,180,0.9,14,11,32,0.085,"[0, 0, 0, 0, 0, 0, 1, 4, 9, 16, 17, 21, 8, 15, 30, 17, 20, 20, 7, 19, 24, 24, 22, 27, 10, 16, 24, 28, 21, 18]"
191,7,2332800,B_,0.003,0.75,180,0.9,14,11,32,0.09,"[0, 0, 0, 4, 13, 17, 9, 11, 23, 19, 29, 25, 7, 17, 24, 25, 12, 37, 0, 2, 0, 12, 18, 26, 21, 21, 29, 26, 23, 17]"
192,7,2332800,B_,0.003,0.75,180,0.9,14,11,32,0.095,"[0, 2, 5, 13, 15, 14, 8, 6, 9, 21, 19, 20, 11, 16, 25, 24, 21, 25, 7, 25, 35, 16, 19, 24, 9, 21, 24, 20, 26, 19]"
193,7,2332800,B_,0.003,0.75,180,0.9,14,11,32,0.1,"[6, 6, 21, 21, 31, 25, 16, 19, 31, 18, 32, 27, 11, 30, 23, 29, 26, 20, 15, 27, 26, 23, 24, 29, 12, 23, 30, 33, 33, 28]"
194,7,2332800,B_,0.003,0.75,180,0.9,14,11,32,0.105,"[0, 1, 0, 0, 0, 0, 10, 24, 24, 30, 31, 25, 17, 26, 30, 29, 25, 25, 26, 18, 27, 25, 27, 24, 12, 20, 38, 24, 21, 27]"
195,7,2332800,B_,0.003,0.75,180,0.9,14,11,32,0.11,"[0, 0, 0, 6, 10, 25, 21, 24, 26, 33, 32, 29, 20, 28, 35, 21, 26, 24, 24, 23, 27, 23, 18, 29, 27, 25, 35, 31, 23, 34]"
196,7,2332800,B_,0.003,0.75,180,0.9,14,11,32,0.115,"[1, 23, 27, 31, 31, 26, 21, 29, 21, 25, 27, 27, 7, 32, 28, 20, 29, 29, 23, 27, 29, 26, 29, 19, 24, 19, 40, 40, 37, 26]"
198,7,2332800,B_,0.003,0.75,180,0.9,14,11,32,0.125,"[0, 2, 5, 11, 38, 34, 22, 26, 24, 30, 31, 25, 32, 36, 22, 35, 32, 36, 30, 24, 33, 21, 23, 32, 11, 29, 31, 27, 29, 25]"
197,7,2332800,B_,0.003,0.75,180,0.9,14,11,32,0.12,"[1, 32, 31, 31, 29, 27, 14, 25, 26, 32, 23, 27, 20, 37, 27, 20, 26, 28, 24, 27, 31, 31, 25, 36, 16, 35, 38, 24, 27, 24]"
199,7,2332800,B_,0.003,0.75,180,0.9,14,11,32,0.13,"[1, 16, 40, 26, 34, 31, 20, 32, 37, 36, 36, 27, 29, 26, 31, 31, 27, 25, 26, 34, 27, 36, 32, 35, 13, 32, 34, 39, 29, 30]"
200,8,2332800,B_,0.003,0.75,180,0.9,14,11,32,0.01,"[0, 0, 0, 0, 0, 0, 0, 0, 0, 0, 0, 0, 0, 0, 0, 0, 0, 0, 0, 0, 0, 0, 0, 0, 0, 0, 0, 0, 0, 0]"
201,8,2332800,B_,0.003,0.75,180,0.9,14,11,32,0.015,"[0, 0, 0, 0, 0, 0, 0, 0, 0, 0, 0, 0, 0, 0, 0, 0, 0, 0, 0, 0, 0, 0, 0, 0, 0, 0, 0, 0, 0, 0]"
203,8,2332800,B_,0.003,0.75,180,0.9,14,11,32,0.025,"[0, 0, 0, 0, 0, 0, 0, 0, 0, 0, 0, 0, 0, 0, 0, 0, 0, 0, 0, 0, 0, 0, 0, 0, 0, 0, 0, 0, 0, 0]"
202,8,2332800,B_,0.003,0.75,180,0.9,14,11,32,0.02,"[0, 0, 0, 0, 0, 0, 0, 0, 0, 0, 0, 0, 0, 0, 0, 0, 0, 0, 0, 0, 0, 0, 0, 0, 0, 0, 0, 0, 0, 0]"
204,8,2332800,B_,0.003,0.75,180,0.9,14,11,32,0.03,"[0, 0, 0, 0, 0, 0, 0, 0, 0, 0, 0, 0, 0, 0, 0, 0, 0, 0, 0, 0, 0, 0, 0, 0, 0, 0, 0, 0, 0, 0]"
205,8,2332800,B_,0.003,0.75,180,0.9,14,11,32,0.035,"[0, 0, 0, 0, 0, 0, 0, 0, 0, 0, 0, 0, 0, 0, 0, 0, 0, 0, 0, 0, 0, 0, 0, 1, 2, 0, 2, 0, 2, 3]"
206,8,2332800,B_,0.003,0.75,180,0.9,14,11,32,0.04,"[0, 0, 0, 0, 0, 0, 0, 0, 0, 0, 0, 1, 0, 0, 0, 1, 0, 0, 0, 0, 0, 0, 2, 3, 0, 1, 1, 1, 2, 3]"
207,8,2332800,B_,0.003,0.75,180,0.9,14,11,32,0.045,"[0, 0, 0, 0, 0, 0, 0, 0, 0, 0, 0, 0, 0, 0, 0, 0, 0, 2, 0, 1, 2, 4, 5, 4, 0, 0, 1, 1, 0, 2]"
208,8,2332800,B_,0.003,0.75,180,0.9,14,11,32,0.05,"[0, 0, 0, 0, 0, 0, 0, 0, 0, 4, 5, 6, 0, 0, 0, 0, 0, 0, 0, 0, 0, 0, 0, 1, 0, 0, 0, 1, 3, 1]"
209,8,2332800,B_,0.003,0.75,180,0.9,14,11,32,0.055,"[0, 0, 0, 0, 0, 0, 0, 0, 2, 1, 5, 8, 2, 4, 8, 2, 5, 7, 0, 1, 2, 0, 1, 7, 0, 1, 0, 2, 4, 2]"
210,8,2332800,B_,0.003,0.75,180,0.9,14,11,32,0.06,"[0, 0, 0, 0, 0, 1, 0, 0, 0, 0, 0, 0, 0, 0, 0, 0, 0, 0, 0, 0, 0, 1, 0, 1, 0, 1, 0, 3, 8, 5]"
211,8,2332800,B_,0.003,0.75,180,0.9,14,11,32,0.065,"[0, 0, 0, 0, 0, 1, 0, 0, 0, 0, 0, 0, 3, 2, 2, 9, 10, 14, 1, 3, 10, 5, 8, 7, 0, 0, 1, 2, 4, 9]"
212,8,2332800,B_,0.003,0.75,180,0.9,14,11,32,0.07,"[0, 0, 1, 0, 0, 0, 0, 2, 4, 5, 9, 11, 12, 14, 19, 14, 13, 20, 5, 6, 10, 7, 12, 15, 1, 1, 9, 11, 4, 8]"
213,8,2332800,B_,0.003,0.75,180,0.9,14,11,32,0.075,"[0, 0, 0, 0, 0, 0, 0, 0, 0, 1, 9, 14, 1, 9, 17, 15, 17, 20, 3, 9, 10, 13, 6, 15, 3, 10, 8, 12, 21, 23]"
215,8,2332800,B_,0.003,0.75,180,0.9,14,11,32,0.085,"[0, 0, 3, 5, 6, 3, 0, 1, 1, 3, 10, 11, 2, 4, 5, 7, 15, 22, 6, 21, 22, 24, 24, 30, 8, 29, 18, 27, 19, 26]"
217,8,2332800,B_,0.003,0.75,180,0.9,14,11,32,0.095,"[0, 0, 0, 0, 0, 0, 4, 11, 27, 25, 24, 20, 19, 27, 33, 19, 21, 21, 18, 13, 29, 21, 23, 23, 10, 26, 25, 20, 28, 19]"
218,8,2332800,B_,0.003,0.75,180,0.9,14,11,32,0.1,"[0, 4, 10, 26, 31, 22, 6, 25, 28, 26, 25, 24, 15, 30, 26, 33, 27, 28, 7, 27, 25, 27, 25, 24, 18, 17, 27, 29, 26, 18]"
214,8,2332800,B_,0.003,0.75,180,0.9,14,11,32,0.08,"[0, 0, 0, 0, 0, 3, 3, 8, 13, 13, 13, 20, 8, 5, 12, 13, 14, 25, 8, 19, 19, 14, 16, 19, 11, 23, 21, 22, 23, 17]"
216,8,2332800,B_,0.003,0.75,180,0.9,14,11,32,0.09,"[0, 0, 4, 10, 15, 28, 9, 18, 23, 16, 19, 28, 5, 8, 28, 28, 19, 25, 7, 22, 17, 18, 15, 26, 12, 30, 21, 33, 27, 25]"
219,8,2332800,B_,0.003,0.75,180,0.9,14,11,32,0.105,"[0, 0, 0, 2, 7, 6, 0, 9, 28, 30, 21, 24, 14, 27, 29, 27, 23, 32, 22, 21, 40, 31, 29, 32, 12, 32, 35, 25, 36, 30]"
226,9,2332800,B_,0.003,0.75,180,0.9,14,11,32,0.015,"[0, 0, 0, 0, 0, 0, 0, 0, 0, 0, 0, 0, 0, 0, 0, 0, 0, 0, 0, 0, 0, 0, 0, 0, 0, 0, 0, 0, 0, 0]"
225,9,2332800,B_,0.003,0.75,180,0.9,14,11,32,0.01,"[0, 0, 0, 0, 0, 0, 0, 0, 0, 0, 0, 0, 0, 0, 0, 0, 0, 0, 0, 0, 0, 0, 0, 0, 0, 0, 0, 0, 0, 0]"
220,8,2332800,B_,0.003,0.75,180,0.9,14,11,32,0.11,"[0, 8, 7, 19, 30, 28, 13, 23, 27, 31, 27, 21, 18, 19, 36, 26, 21, 36, 16, 31, 32, 36, 25, 24, 24, 21, 19, 36, 17, 35]"
227,9,2332800,B_,0.003,0.75,180,0.9,14,11,32,0.02,"[0, 0, 0, 0, 0, 0, 0, 0, 0, 0, 0, 0, 0, 0, 0, 0, 0, 0, 0, 0, 0, 0, 0, 0, 0, 0, 0, 0, 0, 0]"
221,8,2332800,B_,0.003,0.75,180,0.9,14,11,32,0.115,"[0, 0, 23, 34, 36, 19, 26, 31, 27, 24, 35, 25, 24, 27, 31, 32, 22, 35, 11, 34, 26, 27, 26, 29, 15, 24, 26, 33, 27, 35]"
229,9,2332800,B_,0.003,0.75,180,0.9,14,11,32,0.03,"[0, 0, 0, 0, 0, 1, 0, 0, 0, 0, 0, 0, 0, 0, 0, 0, 0, 0, 0, 0, 0, 2, 0, 0, 0, 1, 0, 0, 3, 2]"
228,9,2332800,B_,0.003,0.75,180,0.9,14,11,32,0.025,"[0, 0, 0, 0, 0, 0, 0, 0, 0, 0, 0, 1, 0, 0, 0, 0, 0, 0, 0, 0, 0, 0, 0, 0, 0, 0, 0, 0, 0, 0]"
230,9,2332800,B_,0.003,0.75,180,0.9,14,11,32,0.035,"[0, 0, 0, 0, 0, 0, 0, 0, 0, 0, 0, 0, 0, 0, 0, 0, 0, 1, 0, 0, 0, 0, 0, 0, 0, 0, 0, 0, 0, 0]"
222,8,2332800,B_,0.003,0.75,180,0.9,14,11,32,0.12,"[0, 1, 1, 6, 13, 26, 29, 24, 33, 24, 33, 37, 24, 31, 23, 37, 18, 34, 18, 29, 35, 26, 20, 33, 25, 25, 34, 35, 26, 31]"
231,9,2332800,B_,0.003,0.75,180,0.9,14,11,32,0.04,"[0, 0, 0, 0, 0, 0, 0, 2, 2, 1, 4, 2, 2, 1, 2, 2, 1, 3, 0, 0, 0, 0, 1, 2, 0, 0, 1, 1, 1, 2]"
232,9,2332800,B_,0.003,0.75,180,0.9,14,11,32,0.045,"[0, 0, 0, 0, 0, 0, 0, 0, 0, 0, 0, 0, 0, 0, 0, 0, 0, 0, 0, 1, 1, 4, 0, 1, 0, 0, 0, 2, 2, 0]"
223,8,2332800,B_,0.003,0.75,180,0.9,14,11,32,0.125,"[0, 6, 12, 32, 33, 29, 20, 21, 32, 21, 28, 29, 21, 27, 31, 31, 25, 23, 31, 27, 31, 29, 27, 31, 12, 32, 29, 30, 27, 30]"
233,9,2332800,B_,0.003,0.75,180,0.9,14,11,32,0.05,"[0, 0, 0, 0, 0, 1, 0, 0, 0, 0, 0, 0, 0, 0, 0, 0, 0, 0, 0, 0, 0, 0, 0, 0, 0, 0, 0, 0, 0, 0]"
234,9,2332800,B_,0.003,0.75,180,0.9,14,11,32,0.055,"[0, 0, 1, 1, 2, 2, 0, 0, 1, 1, 1, 1, 0, 0, 1, 0, 6, 2, 0, 0, 0, 0, 0, 1, 0, 0, 3, 5, 1, 4]"
235,9,2332800,B_,0.003,0.75,180,0.9,14,11,32,0.06,"[0, 0, 0, 0, 0, 0, 0, 0, 0, 0, 1, 0, 1, 0, 0, 1, 0, 1, 0, 0, 0, 0, 0, 0, 0, 1, 1, 1, 4, 1]"
224,8,2332800,B_,0.003,0.75,180,0.9,14,11,32,0.13,"[0, 14, 32, 30, 40, 33, 20, 34, 33, 34, 28, 33, 19, 38, 27, 43, 35, 26, 17, 33, 27, 23, 30, 25, 22, 27, 35, 39, 28, 26]"
236,9,2332800,B_,0.003,0.75,180,0.9,14,11,32,0.065,"[0, 5, 1, 2, 7, 8, 1, 4, 3, 6, 4, 10, 0, 1, 3, 1, 2, 2, 0, 0, 0, 0, 0, 0, 0, 3, 3, 2, 3, 6]"
242,9,2332800,B_,0.003,0.75,180,0.9,14,11,32,0.095,"[0, 0, 0, 0, 0, 0, 0, 5, 6, 14, 14, 20, 15, 22, 23, 19, 27, 19, 17, 32, 14, 23, 20, 24, 14, 16, 26, 29, 20, 23]"
237,9,2332800,B_,0.003,0.75,180,0.9,14,11,32,0.07,"[0, 0, 5, 10, 9, 7, 2, 6, 9, 7, 13, 18, 2, 7, 9, 10, 15, 18, 5, 11, 14, 17, 23, 12, 3, 11, 20, 9, 11, 13]"
238,9,2332800,B_,0.003,0.75,180,0.9,14,11,32,0.075,"[0, 0, 0, 0, 0, 0, 7, 4, 15, 12, 20, 30, 5, 13, 15, 22, 18, 19, 3, 10, 15, 11, 9, 14, 6, 20, 16, 25, 12, 14]"
239,9,2332800,B_,0.003,0.75,180,0.9,14,11,32,0.08,"[0, 2, 8, 1, 10, 12, 0, 4, 3, 7, 18, 28, 10, 23, 22, 16, 22, 26, 4, 12, 17, 18, 19, 24, 11, 15, 21, 29, 18, 28]"
240,9,2332800,B_,0.003,0.75,180,0.9,14,11,32,0.085,"[0, 1, 0, 12, 7, 11, 3, 11, 12, 17, 31, 30, 6, 22, 30, 22, 25, 25, 9, 10, 22, 24, 15, 22, 13, 22, 20, 25, 22, 22]"
241,9,2332800,B_,0.003,0.75,180,0.9,14,11,32,0.09,"[0, 2, 3, 8, 18, 19, 11, 17, 10, 11, 22, 26, 14, 18, 17, 27, 20, 19, 18, 22, 18, 25, 15, 18, 3, 15, 17, 24, 18, 29]"
250,10,2332800,B_,0.003,0.75,180,0.9,14,11,32,0.01,"[0, 0, 0, 0, 0, 0, 0, 0, 0, 0, 0, 0, 0, 0, 0, 0, 0, 0, 0, 0, 0, 0, 0, 0, 0, 0, 0, 0, 0, 0]"
251,10,2332800,B_,0.003,0.75,180,0.9,14,11,32,0.015,"[0, 0, 0, 0, 0, 0, 0, 0, 0, 0, 0, 0, 0, 0, 0, 0, 0, 0, 0, 0, 0, 0, 0, 0, 0, 0, 0, 0, 0, 0]"
244,9,2332800,B_,0.003,0.75,180,0.9,14,11,32,0.105,"[0, 0, 0, 0, 0, 0, 23, 27, 29, 32, 31, 22, 5, 28, 20, 23, 14, 29, 12, 38, 26, 34, 28, 35, 15, 17, 33, 21, 28, 20]"
243,9,2332800,B_,0.003,0.75,180,0.9,14,11,32,0.1,"[0, 1, 13, 15, 25, 23, 0, 0, 2, 19, 32, 24, 20, 31, 27, 17, 17, 20, 23, 22, 28, 28, 21, 23, 11, 29, 30, 33, 21, 25]"
252,10,2332800,B_,0.003,0.75,180,0.9,14,11,32,0.02,"[0, 0, 0, 0, 0, 0, 0, 0, 0, 0, 0, 0, 0, 0, 0, 0, 0, 0, 0, 0, 0, 0, 0, 0, 0, 0, 0, 0, 0, 0]"
253,10,2332800,B_,0.003,0.75,180,0.9,14,11,32,0.025,"[0, 0, 0, 0, 0, 0, 0, 0, 0, 0, 0, 0, 0, 0, 0, 0, 0, 0, 0, 0, 0, 0, 0, 0, 0, 0, 0, 0, 0, 0]"
254,10,2332800,B_,0.003,0.75,180,0.9,14,11,32,0.03,"[0, 0, 0, 0, 1, 0, 0, 0, 0, 0, 0, 0, 0, 0, 0, 0, 0, 0, 0, 0, 0, 0, 0, 0, 0, 0, 0, 0, 0, 0]"
255,10,2332800,B_,0.003,0.75,180,0.9,14,11,32,0.035,"[0, 0, 2, 1, 1, 2, 0, 2, 2, 3, 1, 3, 1, 1, 1, 1, 1, 2, 1, 0, 0, 0, 0, 0, 0, 0, 0, 0, 0, 0]"
245,9,2332800,B_,0.003,0.75,180,0.9,14,11,32,0.11,"[3, 16, 22, 34, 24, 20, 17, 22, 19, 34, 27, 37, 18, 22, 31, 22, 25, 32, 8, 20, 37, 30, 22, 28, 24, 21, 28, 35, 26, 19]"
256,10,2332800,B_,0.003,0.75,180,0.9,14,11,32,0.04,"[0, 0, 0, 0, 0, 0, 0, 0, 0, 0, 0, 0, 0, 0, 0, 2, 0, 0, 0, 1, 1, 1, 2, 1, 0, 0, 0, 0, 0, 0]"
246,9,2332800,B_,0.003,0.75,180,0.9,14,11,32,0.115,"[0, 0, 4, 5, 13, 15, 27, 20, 31, 21, 32, 27, 15, 28, 30, 33, 32, 35, 21, 18, 31, 24, 30, 28, 21, 22, 22, 36, 22, 26]"
247,9,2332800,B_,0.003,0.75,180,0.9,14,11,32,0.12,"[0, 10, 6, 14, 36, 29, 17, 29, 23, 27, 33, 34, 24, 30, 24, 29, 33, 28, 14, 24, 31, 26, 29, 31, 24, 21, 27, 35, 23, 27]"
257,10,2332800,B_,0.003,0.75,180,0.9,14,11,32,0.045,"[0, 1, 2, 4, 3, 4, 0, 0, 0, 0, 3, 1, 0, 0, 0, 1, 1, 1, 0, 0, 0, 0, 1, 0, 0, 0, 0, 0, 0, 0]"
258,10,2332800,B_,0.003,0.75,180,0.9,14,11,32,0.05,"[0, 1, 1, 1, 0, 1, 0, 0, 1, 0, 0, 0, 0, 0, 0, 0, 2, 4, 0, 1, 0, 4, 4, 7, 0, 2, 1, 5, 1, 3]"
248,9,2332800,B_,0.003,0.75,180,0.9,14,11,32,0.125,"[6, 18, 38, 34, 30, 27, 28, 26, 34, 24, 33, 28, 18, 38, 22, 22, 32, 25, 18, 19, 32, 27, 34, 26, 25, 33, 31, 23, 30, 34]"
249,9,2332800,B_,0.003,0.75,180,0.9,14,11,32,0.13,"[11, 28, 29, 23, 26, 27, 33, 32, 33, 36, 27, 28, 32, 31, 36, 26, 29, 37, 26, 23, 40, 23, 23, 33, 11, 32, 29, 31, 23, 29]"
259,10,2332800,B_,0.003,0.75,180,0.9,14,11,32,0.055,"[0, 0, 2, 3, 6, 2, 0, 2, 5, 1, 2, 11, 0, 0, 0, 0, 0, 0, 3, 5, 1, 6, 2, 2, 0, 0, 0, 0, 0, 0]"
260,10,2332800,B_,0.003,0.75,180,0.9,14,11,32,0.06,"[0, 0, 0, 1, 1, 3, 0, 1, 0, 6, 4, 6, 0, 0, 0, 0, 0, 2, 0, 0, 0, 2, 2, 3, 0, 0, 0, 0, 1, 0]"
261,10,2332800,B_,0.003,0.75,180,0.9,14,11,32,0.065,"[0, 0, 0, 6, 1, 3, 1, 0, 2, 3, 2, 5, 2, 9, 6, 2, 4, 14, 0, 5, 8, 5, 4, 11, 1, 2, 3, 4, 1, 2]"
262,10,2332800,B_,0.003,0.75,180,0.9,14,11,32,0.07,"[0, 0, 0, 0, 0, 4, 0, 0, 0, 0, 0, 0, 0, 0, 0, 0, 0, 2, 0, 0, 0, 2, 5, 11, 1, 3, 9, 14, 14, 19]"
263,10,2332800,B_,0.003,0.75,180,0.9,14,11,32,0.075,"[0, 0, 0, 3, 3, 4, 2, 3, 13, 14, 19, 21, 2, 2, 3, 10, 14, 16, 2, 6, 12, 11, 12, 17, 0, 3, 8, 13, 10, 15]"
264,10,2332800,B_,0.003,0.75,180,0.9,14,11,32,0.08,"[0, 0, 0, 0, 0, 0, 1, 6, 14, 22, 20, 12, 4, 7, 6, 11, 8, 12, 0, 0, 0, 0, 2, 1, 0, 0, 3, 4, 5, 6]"
265,10,2332800,B_,0.003,0.75,180,0.9,14,11,32,0.085,"[0, 0, 0, 0, 0, 0, 2, 3, 8, 20, 26, 23, 2, 7, 17, 24, 26, 36, 12, 12, 14, 17, 20, 19, 17, 34, 23, 24, 20, 26]"
266,10,2332800,B_,0.003,0.75,180,0.9,14,11,32,0.09,"[0, 0, 2, 1, 2, 4, 6, 11, 22, 22, 29, 17, 6, 18, 29, 25, 21, 22, 9, 7, 10, 22, 18, 20, 16, 24, 17, 30, 33, 16]"
267,10,2332800,B_,0.003,0.75,180,0.9,14,11,32,0.095,"[0, 3, 8, 11, 21, 24, 14, 23, 33, 24, 21, 16, 10, 15, 26, 20, 22, 28, 15, 21, 22, 31, 23, 16, 10, 17, 35, 32, 27, 20]"
268,10,2332800,B_,0.003,0.75,180,0.9,14,11,32,0.1,"[0, 0, 0, 5, 5, 9, 24, 17, 26, 26, 39, 23, 29, 38, 24, 23, 28, 23, 13, 21, 20, 27, 32, 19, 14, 23, 18, 31, 24, 24]"
269,10,2332800,B_,0.003,0.75,180,0.9,14,11,32,0.105,"[0, 4, 12, 7, 26, 29, 7, 24, 25, 18, 39, 22, 20, 27, 26, 24, 26, 22, 21, 22, 23, 28, 33, 24, 9, 24, 32, 31, 31, 26]"
275,11,2332800,B_,0.003,0.75,180,0.9,14,11,32,0.01,"[0, 0, 0, 0, 0, 0, 0, 0, 0, 0, 0, 0, 0, 0, 0, 0, 0, 0, 0, 0, 0, 0, 0, 0, 0, 0, 0, 0, 0, 0]"
276,11,2332800,B_,0.003,0.75,180,0.9,14,11,32,0.015,"[0, 0, 0, 0, 0, 0, 0, 0, 0, 0, 0, 0, 0, 0, 0, 0, 0, 0, 0, 0, 0, 0, 0, 0, 0, 1, 0, 1, 1, 0]"
277,11,2332800,B_,0.003,0.75,180,0.9,14,11,32,0.02,"[0, 0, 0, 1, 0, 0, 0, 0, 0, 0, 0, 0, 0, 0, 0, 0, 0, 0, 0, 0, 0, 0, 0, 0, 0, 0, 0, 0, 0, 0]"
278,11,2332800,B_,0.003,0.75,180,0.9,14,11,32,0.025,"[0, 0, 0, 0, 1, 1, 0, 0, 0, 2, 2, 0, 0, 0, 0, 0, 0, 0, 0, 0, 0, 0, 0, 0, 0, 0, 0, 0, 0, 0]"
287,11,2332800,B_,0.003,0.75,180,0.9,14,11,32,0.07,"[0, 0, 1, 0, 0, 1, 4, 7, 11, 6, 12, 8, 0, 0, 0, 0, 6, 12, 5, 5, 14, 8, 12, 21, 2, 4, 4, 2, 1, 6]"
279,11,2332800,B_,0.003,0.75,180,0.9,14,11,32,0.03,"[0, 0, 0, 0, 0, 1, 0, 0, 0, 0, 0, 1, 0, 0, 0, 0, 1, 1, 2, 0, 1, 1, 0, 2, 0, 0, 0, 0, 0, 0]"
280,11,2332800,B_,0.003,0.75,180,0.9,14,11,32,0.035,"[0, 0, 0, 0, 0, 0, 0, 0, 0, 0, 0, 0, 0, 0, 0, 0, 0, 0, 0, 0, 0, 0, 0, 0, 0, 0, 0, 0, 0, 0]"
270,10,2332800,B_,0.003,0.75,180,0.9,14,11,32,0.11,"[0, 9, 22, 29, 26, 25, 17, 24, 29, 22, 28, 29, 26, 26, 22, 23, 21, 25, 18, 19, 33, 21, 30, 29, 3, 15, 41, 25, 21, 26]"
271,10,2332800,B_,0.003,0.75,180,0.9,14,11,32,0.115,"[0, 0, 2, 17, 25, 29, 20, 35, 31, 22, 27, 38, 23, 26, 26, 24, 23, 29, 25, 22, 30, 30, 20, 35, 21, 29, 29, 23, 26, 21]"
283,11,2332800,B_,0.003,0.75,180,0.9,14,11,32,0.05,"[0, 2, 0, 2, 3, 7, 0, 0, 0, 0, 0, 0, 0, 0, 0, 0, 0, 0, 0, 0, 0, 0, 0, 0, 0, 0, 0, 0, 0, 1]"
282,11,2332800,B_,0.003,0.75,180,0.9,14,11,32,0.045,"[0, 0, 0, 0, 0, 0, 0, 0, 0, 0, 0, 0, 0, 0, 0, 1, 1, 1, 0, 0, 1, 0, 4, 8, 1, 0, 0, 0, 0, 0]"
281,11,2332800,B_,0.003,0.75,180,0.9,14,11,32,0.04,"[0, 0, 0, 0, 0, 0, 0, 1, 3, 0, 2, 4, 0, 0, 1, 0, 0, 2, 0, 0, 0, 1, 1, 0, 0, 0, 0, 0, 0, 0]"
272,10,2332800,B_,0.003,0.75,180,0.9,14,11,32,0.12,"[0, 0, 0, 24, 32, 25, 24, 30, 25, 22, 34, 23, 24, 27, 37, 29, 30, 34, 37, 28, 28, 32, 31, 28, 35, 24, 30, 26, 41, 30]"
284,11,2332800,B_,0.003,0.75,180,0.9,14,11,32,0.055,"[0, 0, 0, 0, 0, 0, 0, 0, 0, 0, 0, 0, 0, 1, 1, 3, 3, 2, 1, 2, 1, 3, 2, 10, 2, 1, 4, 3, 6, 2]"
273,10,2332800,B_,0.003,0.75,180,0.9,14,11,32,0.125,"[0, 3, 30, 23, 26, 22, 28, 27, 28, 28, 35, 36, 16, 30, 28, 37, 25, 32, 20, 24, 30, 32, 31, 32, 22, 28, 33, 37, 38, 27]"
285,11,2332800,B_,0.003,0.75,180,0.9,14,11,32,0.06,"[0, 0, 3, 7, 8, 10, 1, 7, 6, 10, 14, 16, 0, 0, 4, 4, 2, 6, 0, 0, 0, 0, 0, 1, 0, 0, 0, 0, 0, 4]"
286,11,2332800,B_,0.003,0.75,180,0.9,14,11,32,0.065,"[0, 1, 3, 2, 5, 4, 0, 0, 0, 0, 0, 0, 0, 0, 0, 0, 1, 0, 0, 1, 6, 6, 10, 6, 0, 0, 0, 0, 0, 7]"
274,10,2332800,B_,0.003,0.75,180,0.9,14,11,32,0.13,"[0, 0, 7, 19, 41, 29, 26, 20, 27, 26, 27, 35, 20, 30, 29, 23, 27, 27, 30, 28, 33, 31, 31, 24, 29, 36, 36, 34, 26, 27]"
288,11,2332800,B_,0.003,0.75,180,0.9,14,11,32,0.075,"[0, 0, 0, 0, 0, 0, 1, 11, 13, 15, 15, 24, 3, 12, 13, 10, 24, 17, 4, 5, 5, 11, 14, 16, 7, 8, 18, 15, 26, 20]"
289,11,2332800,B_,0.003,0.75,180,0.9,14,11,32,0.08,"[0, 1, 1, 4, 5, 13, 1, 1, 1, 2, 8, 8, 9, 7, 16, 13, 27, 22, 11, 7, 10, 22, 19, 24, 5, 10, 16, 16, 15, 24]"
300,12,2332800,B_,0.003,0.75,180,0.9,14,11,32,0.01,"[0, 0, 0, 0, 0, 0, 0, 0, 0, 0, 0, 0, 0, 0, 0, 0, 0, 0, 0, 0, 0, 0, 0, 0, 0, 0, 0, 0, 0, 0]"
293,11,2332800,B_,0.003,0.75,180,0.9,14,11,32,0.1,"[0, 6, 11, 15, 21, 23, 9, 20, 28, 20, 30, 31, 23, 18, 21, 24, 27, 24, 21, 23, 26, 19, 19, 24, 17, 17, 29, 21, 19, 28]"
294,11,2332800,B_,0.003,0.75,180,0.9,14,11,32,0.105,"[0, 0, 5, 10, 26, 22, 9, 11, 29, 26, 21, 29, 17, 28, 27, 29, 23, 28, 14, 36, 25, 27, 22, 29, 18, 25, 28, 22, 21, 27]"
290,11,2332800,B_,0.003,0.75,180,0.9,14,11,32,0.085,"[0, 0, 0, 0, 2, 6, 2, 9, 19, 25, 18, 21, 6, 19, 32, 28, 18, 25, 15, 20, 26, 32, 17, 26, 5, 16, 16, 19, 14, 25]"
302,12,2332800,B_,0.003,0.75,180,0.9,14,11,32,0.02,"[0, 0, 0, 0, 0, 0, 0, 0, 0, 0, 0, 0, 0, 0, 0, 0, 0, 0, 0, 0, 0, 0, 0, 0, 0, 0, 0, 0, 0, 0]"
297,11,2332800,B_,0.003,0.75,180,0.9,14,11,32,0.12,"[0, 0, 3, 25, 29, 24, 17, 26, 27, 23, 19, 28, 23, 31, 27, 29, 28, 28, 27, 26, 26, 21, 28, 29, 16, 32, 38, 32, 31, 34]"
298,11,2332800,B_,0.003,0.75,180,0.9,14,11,32,0.125,"[2, 8, 27, 27, 27, 31, 22, 37, 29, 23, 43, 24, 24, 24, 26, 31, 22, 26, 30, 22, 35, 29, 23, 33, 28, 20, 32, 34, 26, 33]"
305,12,2332800,B_,0.003,0.75,180,0.9,14,11,32,0.035,"[0, 0, 0, 0, 0, 0, 0, 0, 0, 0, 0, 0, 0, 1, 0, 0, 0, 0, 2, 0, 4, 0, 2, 2, 0, 0, 1, 2, 2, 0]"
306,12,2332800,B_,0.003,0.75,180,0.9,14,11,32,0.04,"[0, 0, 0, 0, 0, 0, 0, 0, 1, 0, 1, 1, 0, 0, 0, 0, 0, 0, 0, 0, 0, 0, 0, 0, 0, 0, 0, 0, 0, 0]"
291,11,2332800,B_,0.003,0.75,180,0.9,14,11,32,0.09,"[0, 0, 0, 0, 0, 0, 4, 20, 20, 22, 22, 20, 17, 27, 23, 13, 20, 20, 4, 16, 23, 23, 21, 30, 10, 15, 19, 26, 25, 25]"
299,11,2332800,B_,0.003,0.75,180,0.9,14,11,32,0.13,"[0, 8, 29, 32, 35, 29, 19, 30, 25, 23, 27, 29, 32, 27, 26, 28, 24, 23, 20, 32, 35, 29, 30, 20, 28, 28, 27, 46, 31, 44]"
292,11,2332800,B_,0.003,0.75,180,0.9,14,11,32,0.095,"[0, 0, 8, 7, 12, 24, 6, 15, 16, 18, 28, 20, 0, 20, 23, 28, 24, 30, 15, 25, 25, 19, 30, 17, 22, 20, 29, 26, 22, 33]"
301,12,2332800,B_,0.003,0.75,180,0.9,14,11,32,0.015,"[0, 0, 0, 0, 0, 0, 0, 0, 0, 0, 0, 0, 0, 0, 0, 0, 0, 0, 0, 0, 0, 0, 0, 0, 0, 0, 0, 0, 0, 0]"
309,12,2332800,B_,0.003,0.75,180,0.9,14,11,32,0.055,"[0, 0, 2, 2, 3, 4, 3, 3, 3, 2, 6, 9, 3, 4, 7, 8, 6, 7, 3, 1, 2, 4, 9, 11, 1, 3, 1, 0, 0, 3]"
310,12,2332800,B_,0.003,0.75,180,0.9,14,11,32,0.06,"[0, 0, 2, 3, 7, 8, 1, 3, 2, 4, 6, 7, 1, 1, 3, 3, 1, 2, 0, 0, 0, 0, 0, 0, 0, 0, 3, 7, 4, 9]"
296,11,2332800,B_,0.003,0.75,180,0.9,14,11,32,0.115,"[0, 0, 0, 5, 19, 23, 19, 28, 25, 31, 20, 35, 22, 32, 32, 40, 23, 28, 26, 32, 27, 28, 24, 26, 26, 25, 34, 18, 19, 31]"
303,12,2332800,B_,0.003,0.75,180,0.9,14,11,32,0.025,"[0, 0, 0, 0, 0, 0, 0, 0, 0, 0, 0, 0, 0, 0, 0, 0, 0, 0, 0, 0, 0, 0, 0, 0, 0, 0, 0, 0, 0, 0]"
295,11,2332800,B_,0.003,0.75,180,0.9,14,11,32,0.11,"[0, 13, 27, 40, 34, 19, 19, 29, 30, 27, 31, 26, 12, 25, 30, 27, 25, 25, 12, 22, 28, 23, 34, 38, 15, 27, 30, 25, 27, 18]"
304,12,2332800,B_,0.003,0.75,180,0.9,14,11,32,0.03,"[0, 0, 0, 0, 1, 1, 1, 0, 0, 1, 1, 1, 0, 0, 0, 0, 0, 0, 0, 0, 0, 0, 0, 0, 0, 0, 0, 0, 0, 0]"
311,12,2332800,B_,0.003,0.75,180,0.9,14,11,32,0.065,"[0, 0, 0, 0, 0, 0, 0, 0, 0, 0, 0, 0, 0, 0, 0, 0, 0, 0, 0, 0, 0, 0, 1, 2, 0, 5, 1, 2, 3, 3]"
307,12,2332800,B_,0.003,0.75,180,0.9,14,11,32,0.045,"[0, 0, 0, 0, 0, 0, 0, 0, 0, 0, 0, 0, 0, 0, 2, 0, 0, 0, 0, 0, 0, 1, 0, 1, 0, 0, 1, 0, 2, 2]"
308,12,2332800,B_,0.003,0.75,180,0.9,14,11,32,0.05,"[0, 1, 4, 3, 9, 4, 0, 0, 0, 0, 0, 0, 0, 0, 0, 0, 1, 2, 0, 0, 0, 0, 0, 0, 0, 0, 0, 0, 0, 1]"
312,12,2332800,B_,0.003,0.75,180,0.9,14,11,32,0.07,"[0, 10, 9, 14, 28, 11, 2, 6, 13, 7, 14, 15, 2, 6, 2, 9, 5, 7, 2, 5, 11, 21, 14, 15, 5, 8, 2, 8, 6, 5]"
313,12,2332800,B_,0.003,0.75,180,0.9,14,11,32,0.075,"[0, 0, 0, 0, 0, 0, 0, 5, 6, 8, 14, 14, 7, 13, 13, 20, 15, 19, 6, 2, 6, 13, 18, 27, 11, 17, 21, 27, 12, 20]"
314,12,2332800,B_,0.003,0.75,180,0.9,14,11,32,0.08,"[0, 0, 0, 0, 0, 0, 0, 0, 0, 0, 4, 6, 2, 8, 7, 11, 27, 19, 6, 14, 17, 21, 22, 22, 3, 4, 10, 15, 9, 9]"
315,12,2332800,B_,0.003,0.75,180,0.9,14,11,32,0.085,"[0, 0, 8, 10, 13, 20, 3, 11, 10, 14, 20, 22, 0, 4, 9, 14, 17, 33, 10, 19, 20, 21, 15, 18, 0, 0, 2, 4, 2, 16]"
316,12,2332800,B_,0.003,0.75,180,0.9,14,11,32,0.09,"[0, 2, 0, 3, 0, 5, 0, 5, 19, 14, 19, 26, 13, 18, 21, 26, 16, 31, 12, 19, 24, 28, 28, 25, 7, 7, 14, 21, 21, 21]"
317,12,2332800,B_,0.003,0.75,180,0.9,14,11,32,0.095,"[0, 1, 5, 15, 14, 20, 6, 10, 25, 20, 27, 20, 8, 27, 27, 29, 19, 23, 25, 15, 27, 32, 16, 15, 0, 1, 0, 0, 5, 14]"
318,12,2332800,B_,0.003,0.75,180,0.9,14,11,32,0.1,"[0, 4, 23, 31, 31, 29, 11, 21, 25, 22, 28, 27, 7, 10, 13, 12, 18, 23, 5, 14, 20, 25, 29, 31, 21, 26, 20, 32, 28, 27]"
324,12,2332800,B_,0.003,0.75,180,0.9,14,11,32,0.13,"[0, 2, 14, 31, 27, 30, 19, 29, 26, 30, 36, 30, 24, 24, 34, 27, 31, 25, 24, 27, 35, 28, 26, 28, 19, 35, 30, 19, 32, 27]"
325,13,2332800,B_,0.003,0.75,180,0.9,14,11,32,0.01,"[0, 0, 0, 0, 0, 0, 0, 0, 0, 0, 0, 0, 0, 0, 0, 0, 0, 0, 0, 0, 0, 0, 0, 0, 0, 0, 0, 0, 0, 0]"
327,13,2332800,B_,0.003,0.75,180,0.9,14,11,32,0.02,"[0, 0, 0, 0, 0, 0, 0, 0, 0, 0, 0, 0, 0, 0, 0, 0, 0, 1, 0, 0, 0, 0, 0, 0, 0, 0, 0, 0, 0, 0]"
326,13,2332800,B_,0.003,0.75,180,0.9,14,11,32,0.015,"[0, 0, 0, 0, 0, 0, 0, 0, 0, 0, 0, 0, 0, 0, 0, 0, 0, 0, 0, 0, 0, 0, 0, 0, 0, 0, 0, 0, 0, 0]"
330,13,2332800,B_,0.003,0.75,180,0.9,14,11,32,0.035,"[0, 0, 0, 0, 0, 0, 0, 0, 1, 3, 0, 2, 0, 0, 0, 0, 0, 0, 0, 0, 0, 1, 0, 2, 0, 1, 1, 0, 0, 1]"
329,13,2332800,B_,0.003,0.75,180,0.9,14,11,32,0.03,"[0, 0, 0, 0, 0, 0, 0, 0, 0, 0, 0, 0, 0, 0, 0, 0, 0, 2, 0, 0, 0, 0, 0, 0, 0, 0, 0, 0, 0, 0]"
331,13,2332800,B_,0.003,0.75,180,0.9,14,11,32,0.04,"[0, 0, 0, 0, 0, 0, 0, 0, 1, 1, 2, 1, 0, 0, 0, 0, 1, 0, 0, 0, 0, 0, 0, 0, 0, 1, 0, 0, 2, 0]"
328,13,2332800,B_,0.003,0.75,180,0.9,14,11,32,0.025,"[0, 0, 0, 0, 0, 0, 0, 0, 0, 0, 0, 0, 0, 0, 0, 0, 0, 0, 0, 0, 1, 0, 0, 1, 1, 0, 0, 0, 0, 0]"
332,13,2332800,B_,0.003,0.75,180,0.9,14,11,32,0.045,"[0, 0, 0, 0, 0, 0, 0, 0, 0, 1, 3, 1, 0, 0, 0, 0, 0, 0, 0, 0, 0, 0, 0, 0, 0, 0, 0, 0, 0, 0]"
333,13,2332800,B_,0.003,0.75,180,0.9,14,11,32,0.05,"[0, 0, 0, 1, 2, 2, 1, 0, 0, 0, 0, 0, 0, 0, 0, 0, 0, 0, 0, 2, 2, 2, 2, 3, 0, 0, 0, 0, 0, 0]"
319,12,2332800,B_,0.003,0.75,180,0.9,14,11,32,0.105,"[3, 5, 19, 31, 25, 33, 24, 30, 25, 26, 31, 29, 14, 25, 34, 22, 27, 27, 21, 24, 37, 20, 23, 23, 15, 21, 26, 32, 26, 33]"
334,13,2332800,B_,0.003,0.75,180,0.9,14,11,32,0.055,"[0, 0, 0, 0, 0, 0, 1, 0, 0, 1, 3, 4, 4, 3, 9, 9, 10, 14, 0, 0, 1, 2, 6, 7, 2, 5, 4, 5, 4, 7]"
320,12,2332800,B_,0.003,0.75,180,0.9,14,11,32,0.11,"[0, 4, 11, 35, 15, 31, 12, 21, 28, 26, 36, 30, 20, 24, 34, 22, 30, 23, 11, 36, 32, 29, 22, 37, 27, 27, 17, 40, 20, 21]"
335,13,2332800,B_,0.003,0.75,180,0.9,14,11,32,0.06,"[0, 0, 0, 0, 0, 0, 0, 2, 7, 4, 7, 10, 1, 7, 4, 7, 9, 6, 1, 1, 6, 3, 6, 8, 0, 0, 1, 3, 2, 2]"
322,12,2332800,B_,0.003,0.75,180,0.9,14,11,32,0.12,"[0, 1, 18, 25, 27, 34, 23, 25, 30, 34, 26, 30, 34, 25, 37, 28, 29, 24, 24, 29, 25, 30, 15, 32, 19, 35, 26, 34, 18, 27]"
321,12,2332800,B_,0.003,0.75,180,0.9,14,11,32,0.115,"[11, 23, 23, 22, 28, 23, 23, 27, 26, 30, 37, 31, 18, 31, 35, 29, 24, 29, 26, 24, 29, 29, 24, 27, 14, 35, 30, 26, 21, 33]"
323,12,2332800,B_,0.003,0.75,180,0.9,14,11,32,0.125,"[0, 23, 28, 29, 25, 27, 19, 34, 38, 26, 33, 29, 20, 27, 30, 21, 23, 31, 29, 25, 40, 32, 25, 29, 21, 24, 35, 39, 26, 30]"
337,13,2332800,B_,0.003,0.75,180,0.9,14,11,32,0.07,"[0, 0, 0, 0, 0, 0, 0, 0, 0, 0, 2, 11, 6, 9, 13, 15, 16, 16, 6, 10, 14, 20, 13, 20, 5, 7, 13, 14, 13, 17]"
336,13,2332800,B_,0.003,0.75,180,0.9,14,11,32,0.065,"[0, 1, 4, 12, 5, 13, 3, 3, 11, 6, 14, 13, 4, 13, 21, 18, 11, 18, 3, 6, 15, 15, 13, 17, 5, 12, 17, 15, 18, 11]"
340,13,2332800,B_,0.003,0.75,180,0.9,14,11,32,0.085,"[0, 0, 1, 3, 3, 2, 0, 0, 9, 25, 21, 21, 20, 17, 30, 18, 18, 26, 7, 20, 20, 31, 22, 20, 4, 10, 17, 22, 28, 22]"
350,14,2332800,B_,0.003,0.75,180,0.9,14,11,32,0.01,"[0, 0, 0, 0, 0, 0, 0, 0, 0, 1, 0, 0, 0, 0, 0, 0, 0, 0, 0, 0, 0, 0, 0, 0, 0, 0, 0, 0, 0, 0]"
342,13,2332800,B_,0.003,0.75,180,0.9,14,11,32,0.095,"[0, 0, 0, 0, 0, 0, 0, 0, 0, 11, 25, 21, 11, 30, 28, 20, 17, 27, 12, 15, 16, 29, 10, 32, 5, 30, 29, 25, 26, 21]"
341,13,2332800,B_,0.003,0.75,180,0.9,14,11,32,0.09,"[0, 7, 15, 37, 22, 24, 15, 15, 26, 16, 29, 26, 16, 17, 25, 15, 23, 26, 23, 24, 24, 26, 20, 24, 14, 25, 12, 26, 20, 16]"
344,13,2332800,B_,0.003,0.75,180,0.9,14,11,32,0.105,"[0, 0, 6, 14, 9, 30, 6, 31, 28, 25, 33, 21, 19, 27, 21, 25, 26, 28, 23, 22, 29, 25, 27, 19, 13, 28, 33, 19, 25, 26]"
345,13,2332800,B_,0.003,0.75,180,0.9,14,11,32,0.11,"[0, 2, 3, 17, 27, 20, 15, 25, 25, 21, 34, 26, 19, 20, 25, 22, 23, 30, 23, 29, 34, 26, 18, 31, 13, 24, 33, 39, 27, 25]"
346,13,2332800,B_,0.003,0.75,180,0.9,14,11,32,0.115,"[2, 34, 18, 30, 27, 30, 15, 29, 34, 34, 36, 28, 14, 30, 38, 33, 18, 33, 16, 16, 29, 26, 22, 29, 10, 37, 36, 27, 17, 27]"
347,13,2332800,B_,0.003,0.75,180,0.9,14,11,32,0.12,"[0, 0, 0, 0, 0, 0, 18, 18, 28, 26, 25, 26, 37, 34, 33, 31, 32, 25, 19, 21, 32, 29, 26, 24, 27, 23, 31, 28, 26, 27]"
338,13,2332800,B_,0.003,0.75,180,0.9,14,11,32,0.075,"[0, 2, 0, 0, 0, 0, 3, 4, 7, 15, 20, 25, 6, 6, 11, 16, 11, 11, 5, 13, 20, 19, 19, 20, 5, 13, 10, 20, 20, 13]"
353,14,2332800,B_,0.003,0.75,180,0.9,14,11,32,0.025,"[0, 0, 0, 0, 0, 0, 0, 0, 0, 0, 0, 0, 0, 0, 0, 0, 0, 0, 0, 0, 0, 0, 0, 0, 0, 0, 0, 0, 0, 0]"
354,14,2332800,B_,0.003,0.75,180,0.9,14,11,32,0.03,"[0, 0, 0, 0, 0, 0, 0, 0, 0, 0, 0, 0, 0, 0, 0, 0, 0, 0, 0, 0, 0, 0, 0, 0, 0, 0, 0, 0, 0, 0]"
348,13,2332800,B_,0.003,0.75,180,0.9,14,11,32,0.125,"[0, 7, 28, 31, 30, 36, 21, 26, 36, 27, 29, 36, 21, 24, 36, 32, 30, 27, 28, 26, 30, 29, 22, 35, 25, 35, 36, 25, 34, 38]"
339,13,2332800,B_,0.003,0.75,180,0.9,14,11,32,0.08,"[0, 0, 2, 5, 10, 10, 6, 20, 17, 19, 28, 14, 7, 19, 24, 23, 21, 20, 4, 6, 9, 11, 17, 20, 7, 18, 24, 24, 17, 23]"
359,14,2332800,B_,0.003,0.75,180,0.9,14,11,32,0.055,"[0, 0, 0, 0, 0, 0, 1, 3, 2, 3, 4, 5, 0, 0, 0, 0, 0, 0, 0, 0, 0, 0, 1, 0, 0, 0, 0, 0, 0, 0]"
351,14,2332800,B_,0.003,0.75,180,0.9,14,11,32,0.015,"[0, 0, 0, 0, 0, 0, 0, 0, 0, 0, 0, 0, 0, 0, 0, 0, 0, 0, 0, 0, 0, 0, 0, 0, 0, 0, 0, 0, 0, 0]"
343,13,2332800,B_,0.003,0.75,180,0.9,14,11,32,0.1,"[0, 0, 2, 5, 11, 17, 4, 10, 19, 21, 32, 25, 12, 28, 31, 26, 31, 23, 16, 25, 33, 24, 22, 24, 13, 32, 16, 23, 23, 29]"
352,14,2332800,B_,0.003,0.75,180,0.9,14,11,32,0.02,"[0, 0, 0, 0, 0, 0, 0, 0, 0, 0, 0, 0, 0, 0, 0, 0, 0, 0, 0, 0, 0, 0, 0, 0, 1, 0, 0, 0, 0, 0]"
362,14,2332800,B_,0.003,0.75,180,0.9,14,11,32,0.07,"[0, 0, 0, 4, 3, 5, 0, 0, 0, 4, 10, 7, 3, 9, 18, 19, 16, 13, 1, 4, 5, 15, 13, 19, 11, 10, 18, 29, 12, 21]"
355,14,2332800,B_,0.003,0.75,180,0.9,14,11,32,0.035,"[0, 0, 0, 1, 1, 1, 0, 0, 0, 0, 0, 2, 0, 0, 0, 0, 0, 0, 0, 0, 0, 0, 0, 0, 0, 0, 0, 1, 0, 0]"
349,13,2332800,B_,0.003,0.75,180,0.9,14,11,32,0.13,"[0, 2, 12, 37, 36, 35, 24, 28, 21, 33, 28, 35, 23, 40, 29, 31, 27, 28, 20, 26, 30, 27, 26, 29, 23, 29, 30, 42, 32, 42]"
356,14,2332800,B_,0.003,0.75,180,0.9,14,11,32,0.04,"[0, 0, 3, 1, 1, 5, 0, 0, 0, 0, 0, 3, 0, 0, 0, 1, 2, 0, 0, 0, 0, 0, 0, 0, 0, 0, 1, 0, 0, 0]"
357,14,2332800,B_,0.003,0.75,180,0.9,14,11,32,0.045,"[1, 0, 3, 5, 3, 4, 2, 0, 0, 2, 2, 6, 0, 0, 0, 0, 0, 1, 0, 0, 1, 2, 0, 0, 0, 0, 1, 3, 3, 1]"
358,14,2332800,B_,0.003,0.75,180,0.9,14,11,32,0.05,"[0, 0, 0, 0, 0, 0, 0, 2, 2, 3, 1, 8, 1, 0, 0, 0, 0, 0, 0, 0, 1, 1, 4, 6, 0, 1, 0, 0, 0, 1]"
363,14,2332800,B_,0.003,0.75,180,0.9,14,11,32,0.075,"[0, 0, 0, 0, 0, 0, 0, 1, 5, 2, 12, 9, 0, 1, 0, 0, 0, 0, 0, 0, 0, 3, 15, 11, 3, 7, 10, 11, 16, 19]"
360,14,2332800,B_,0.003,0.75,180,0.9,14,11,32,0.06,"[0, 0, 0, 0, 0, 0, 0, 0, 0, 0, 3, 2, 0, 0, 0, 0, 0, 2, 0, 0, 4, 1, 3, 7, 5, 6, 5, 11, 11, 8]"
361,14,2332800,B_,0.003,0.75,180,0.9,14,11,32,0.065,"[0, 0, 0, 1, 4, 2, 8, 7, 8, 10, 9, 9, 5, 10, 5, 4, 3, 5, 2, 9, 3, 7, 7, 13, 3, 4, 8, 10, 7, 13]"
364,14,2332800,B_,0.003,0.75,180,0.9,14,11,32,0.08,"[1, 6, 8, 9, 15, 24, 2, 5, 4, 12, 10, 13, 7, 10, 23, 19, 20, 16, 1, 4, 14, 15, 20, 29, 9, 23, 22, 23, 24, 19]"
365,14,2332800,B_,0.003,0.75,180,0.9,14,11,32,0.085,"[0, 0, 1, 5, 7, 2, 4, 10, 19, 22, 21, 27, 9, 23, 22, 13, 22, 27, 8, 22, 24, 26, 18, 18, 4, 21, 20, 27, 20, 24]"
366,14,2332800,B_,0.003,0.75,180,0.9,14,11,32,0.09,"[0, 3, 5, 17, 10, 26, 18, 27, 30, 18, 22, 32, 7, 8, 6, 9, 16, 26, 15, 16, 32, 32, 25, 25, 19, 15, 28, 13, 23, 16]"
369,14,2332800,B_,0.003,0.75,180,0.9,14,11,32,0.105,"[4, 15, 32, 29, 28, 32, 15, 30, 34, 24, 27, 23, 10, 22, 28, 32, 29, 27, 8, 28, 19, 14, 19, 27, 17, 23, 24, 27, 19, 27]"
367,14,2332800,B_,0.003,0.75,180,0.9,14,11,32,0.095,"[0, 9, 11, 18, 19, 25, 10, 23, 36, 23, 29, 28, 16, 41, 22, 24, 14, 23, 7, 18, 15, 23, 18, 29, 18, 20, 23, 28, 25, 26]"
368,14,2332800,B_,0.003,0.75,180,0.9,14,11,32,0.1,"[2, 8, 15, 30, 29, 25, 17, 19, 24, 24, 29, 25, 17, 28, 32, 25, 15, 22, 7, 21, 30, 25, 26, 22, 6, 21, 19, 33, 31, 32]"
388,15,2332800,B_,0.003,0.75,180,0.9,14,11,32,0.075,"[0, 0, 0, 0, 0, 0, 0, 5, 6, 5, 16, 18, 3, 4, 5, 8, 24, 22, 1, 7, 9, 15, 24, 22, 9, 16, 30, 27, 18, 26]"
376,15,2332800,B_,0.003,0.75,180,0.9,14,11,32,0.015,"[0, 0, 0, 0, 0, 0, 0, 0, 0, 0, 0, 0, 0, 0, 0, 0, 0, 0, 0, 0, 0, 0, 0, 0, 0, 0, 0, 0, 0, 0]"
377,15,2332800,B_,0.003,0.75,180,0.9,14,11,32,0.02,"[0, 0, 0, 0, 0, 0, 0, 0, 0, 0, 0, 0, 0, 0, 0, 0, 0, 0, 0, 0, 0, 0, 0, 0, 0, 0, 0, 0, 0, 0]"
375,15,2332800,B_,0.003,0.75,180,0.9,14,11,32,0.01,"[0, 0, 0, 0, 0, 0, 0, 0, 0, 0, 0, 0, 0, 0, 0, 0, 0, 0, 0, 0, 0, 0, 0, 0, 0, 0, 0, 0, 0, 0]"
378,15,2332800,B_,0.003,0.75,180,0.9,14,11,32,0.025,"[0, 0, 0, 0, 0, 0, 0, 0, 0, 0, 0, 0, 0, 0, 0, 0, 0, 0, 0, 0, 0, 0, 0, 0, 0, 0, 0, 0, 0, 1]"
379,15,2332800,B_,0.003,0.75,180,0.9,14,11,32,0.03,"[0, 0, 0, 0, 0, 0, 0, 1, 0, 0, 0, 0, 0, 0, 0, 0, 0, 0, 0, 0, 0, 0, 1, 1, 0, 0, 0, 0, 0, 0]"
389,15,2332800,B_,0.003,0.75,180,0.9,14,11,32,0.08,"[3, 6, 12, 13, 17, 20, 11, 15, 21, 17, 18, 28, 7, 16, 23, 33, 17, 20, 9, 14, 26, 13, 26, 19, 1, 6, 8, 15, 17, 22]"
381,15,2332800,B_,0.003,0.75,180,0.9,14,11,32,0.04,"[0, 0, 0, 0, 0, 0, 0, 0, 0, 0, 0, 0, 0, 0, 0, 0, 0, 0, 0, 0, 0, 0, 0, 0, 0, 0, 0, 0, 0, 0]"
380,15,2332800,B_,0.003,0.75,180,0.9,14,11,32,0.035,"[0, 0, 0, 0, 0, 0, 0, 0, 0, 2, 2, 1, 0, 0, 0, 0, 0, 0, 0, 0, 0, 0, 0, 0, 0, 0, 0, 0, 0, 0]"
390,15,2332800,B_,0.003,0.75,180,0.9,14,11,32,0.085,"[2, 6, 10, 14, 23, 16, 7, 13, 23, 19, 26, 21, 10, 27, 25, 20, 15, 34, 7, 23, 22, 21, 26, 15, 5, 16, 12, 20, 18, 17]"
382,15,2332800,B_,0.003,0.75,180,0.9,14,11,32,0.045,"[0, 0, 0, 0, 0, 0, 0, 0, 0, 0, 0, 0, 0, 0, 0, 0, 0, 1, 0, 0, 0, 0, 0, 3, 0, 0, 5, 1, 4, 3]"
391,15,2332800,B_,0.003,0.75,180,0.9,14,11,32,0.09,"[0, 5, 11, 19, 28, 21, 3, 18, 22, 17, 18, 27, 15, 21, 20, 24, 16, 27, 16, 26, 25, 37, 19, 29, 3, 18, 33, 25, 20, 23]"
384,15,2332800,B_,0.003,0.75,180,0.9,14,11,32,0.055,"[0, 0, 0, 0, 0, 0, 0, 0, 4, 1, 7, 4, 1, 1, 1, 2, 3, 5, 1, 3, 4, 3, 1, 2, 0, 0, 0, 0, 0, 0]"
383,15,2332800,B_,0.003,0.75,180,0.9,14,11,32,0.05,"[0, 0, 0, 0, 0, 0, 0, 3, 1, 1, 4, 3, 0, 1, 4, 2, 4, 4, 2, 3, 4, 5, 3, 0, 0, 0, 0, 0, 2, 2]"
392,15,2332800,B_,0.003,0.75,180,0.9,14,11,32,0.095,"[0, 0, 1, 3, 4, 5, 2, 6, 19, 17, 30, 19, 17, 32, 22, 23, 19, 21, 11, 27, 25, 12, 22, 24, 1, 6, 28, 23, 25, 21]"
370,14,2332800,B_,0.003,0.75,180,0.9,14,11,32,0.11,"[5, 10, 19, 36, 33, 22, 5, 10, 31, 21, 33, 24, 18, 34, 33, 24, 22, 28, 26, 25, 28, 26, 30, 31, 18, 35, 26, 28, 26, 34]"
371,14,2332800,B_,0.003,0.75,180,0.9,14,11,32,0.115,"[1, 18, 33, 28, 22, 31, 25, 27, 21, 33, 30, 27, 16, 21, 23, 29, 29, 28, 15, 37, 29, 21, 32, 23, 25, 16, 31, 34, 27, 23]"
385,15,2332800,B_,0.003,0.75,180,0.9,14,11,32,0.06,"[0, 1, 0, 3, 5, 5, 0, 1, 0, 0, 1, 4, 1, 6, 5, 9, 5, 6, 0, 0, 0, 0, 2, 8, 0, 5, 5, 9, 10, 7]"
372,14,2332800,B_,0.003,0.75,180,0.9,14,11,32,0.12,"[0, 14, 29, 24, 31, 22, 27, 28, 26, 26, 23, 38, 21, 25, 35, 29, 31, 21, 9, 30, 32, 26, 22, 20, 31, 28, 31, 29, 26, 29]"
393,15,2332800,B_,0.003,0.75,180,0.9,14,11,32,0.1,"[0, 0, 0, 4, 9, 13, 2, 6, 28, 26, 26, 24, 17, 23, 34, 23, 22, 26, 22, 26, 30, 18, 19, 27, 24, 30, 18, 26, 13, 25]"
394,15,2332800,B_,0.003,0.75,180,0.9,14,11,32,0.105,"[0, 1, 6, 16, 13, 26, 12, 22, 30, 25, 29, 23, 8, 30, 22, 26, 23, 33, 18, 24, 29, 25, 19, 24, 24, 27, 21, 25, 22, 14]"
374,14,2332800,B_,0.003,0.75,180,0.9,14,11,32,0.13,"[0, 7, 18, 42, 27, 34, 23, 24, 30, 29, 39, 32, 3, 25, 30, 30, 28, 26, 24, 36, 29, 31, 25, 30, 24, 29, 24, 23, 19, 35]"
401,16,2332800,B_,0.003,0.75,180,0.9,14,11,32,0.015,"[0, 0, 0, 0, 0, 0, 0, 0, 0, 0, 0, 0, 0, 0, 0, 0, 0, 0, 0, 0, 1, 0, 0, 0, 0, 0, 0, 0, 0, 0]"
386,15,2332800,B_,0.003,0.75,180,0.9,14,11,32,0.065,"[0, 0, 1, 2, 4, 8, 0, 0, 0, 0, 0, 2, 3, 4, 3, 9, 9, 6, 0, 2, 6, 8, 2, 10, 3, 10, 9, 7, 7, 6]"
373,14,2332800,B_,0.003,0.75,180,0.9,14,11,32,0.125,"[28, 27, 27, 33, 28, 25, 30, 34, 34, 33, 21, 43, 25, 32, 35, 31, 21, 37, 25, 20, 38, 23, 33, 29, 22, 27, 27, 25, 28, 31]"
387,15,2332800,B_,0.003,0.75,180,0.9,14,11,32,0.07,"[2, 1, 2, 2, 0, 0, 3, 7, 9, 8, 11, 17, 2, 2, 2, 4, 8, 7, 2, 5, 6, 16, 16, 16, 3, 6, 3, 15, 24, 19]"
395,15,2332800,B_,0.003,0.75,180,0.9,14,11,32,0.11,"[0, 3, 3, 19, 30, 24, 17, 27, 34, 26, 27, 28, 16, 32, 24, 27, 30, 26, 17, 19, 24, 21, 24, 26, 22, 28, 31, 28, 18, 31]"
397,15,2332800,B_,0.003,0.75,180,0.9,14,11,32,0.12,"[2, 8, 22, 24, 35, 27, 17, 25, 24, 26, 26, 35, 13, 37, 26, 21, 30, 34, 17, 25, 24, 26, 32, 28, 23, 36, 32, 32, 21, 29]"
398,15,2332800,B_,0.003,0.75,180,0.9,14,11,32,0.125,"[1, 4, 31, 30, 23, 31, 20, 28, 29, 33, 38, 30, 31, 30, 29, 27, 34, 35, 23, 19, 38, 41, 23, 25, 25, 42, 33, 30, 23, 24]"
399,15,2332800,B_,0.003,0.75,180,0.9,14,11,32,0.13,"[16, 32, 29, 35, 33, 36, 19, 22, 29, 31, 32, 28, 14, 38, 27, 42, 37, 28, 30, 34, 37, 32, 30, 32, 25, 33, 29, 39, 21, 39]"
405,16,2332800,B_,0.003,0.75,180,0.9,14,11,32,0.035,"[0, 1, 1, 0, 0, 0, 0, 0, 0, 1, 2, 0, 0, 0, 0, 0, 0, 0, 0, 0, 0, 0, 0, 0, 0, 0, 0, 0, 0, 0]"
400,16,2332800,B_,0.003,0.75,180,0.9,14,11,32,0.01,"[0, 0, 0, 0, 0, 0, 0, 0, 0, 0, 0, 0, 0, 0, 0, 0, 0, 0, 0, 0, 0, 0, 0, 0, 0, 0, 0, 0, 0, 0]"
402,16,2332800,B_,0.003,0.75,180,0.9,14,11,32,0.02,"[0, 0, 0, 0, 1, 0, 1, 0, 0, 0, 2, 0, 0, 0, 0, 0, 0, 0, 0, 0, 0, 0, 0, 0, 0, 0, 0, 0, 0, 0]"
411,16,2332800,B_,0.003,0.75,180,0.9,14,11,32,0.065,"[0, 2, 1, 2, 4, 4, 3, 1, 3, 1, 8, 4, 2, 0, 0, 0, 2, 0, 3, 6, 9, 4, 11, 20, 7, 6, 10, 11, 7, 7]"
403,16,2332800,B_,0.003,0.75,180,0.9,14,11,32,0.025,"[0, 0, 0, 0, 0, 0, 0, 0, 0, 0, 0, 0, 0, 0, 0, 0, 1, 0, 0, 0, 0, 1, 1, 0, 0, 0, 0, 0, 0, 0]"
396,15,2332800,B_,0.003,0.75,180,0.9,14,11,32,0.115,"[0, 7, 32, 27, 32, 35, 23, 26, 30, 31, 37, 32, 14, 35, 28, 28, 18, 29, 17, 32, 29, 28, 18, 24, 18, 34, 35, 27, 25, 29]"
404,16,2332800,B_,0.003,0.75,180,0.9,14,11,32,0.03,"[0, 0, 0, 0, 0, 0, 0, 0, 0, 0, 0, 0, 0, 0, 0, 0, 0, 0, 0, 0, 0, 0, 0, 1, 0, 0, 1, 0, 0, 0]"
407,16,2332800,B_,0.003,0.75,180,0.9,14,11,32,0.045,"[0, 0, 0, 0, 0, 0, 0, 2, 2, 1, 2, 2, 0, 0, 0, 0, 0, 0, 0, 0, 0, 0, 1, 0, 0, 0, 0, 0, 0, 0]"
406,16,2332800,B_,0.003,0.75,180,0.9,14,11,32,0.04,"[0, 0, 0, 0, 0, 0, 0, 0, 0, 0, 0, 0, 0, 0, 1, 1, 1, 0, 0, 0, 0, 0, 0, 0, 0, 0, 0, 0, 0, 0]"
409,16,2332800,B_,0.003,0.75,180,0.9,14,11,32,0.055,"[0, 0, 1, 0, 0, 0, 0, 0, 0, 2, 1, 2, 0, 0, 0, 0, 1, 0, 1, 1, 5, 3, 5, 6, 0, 0, 0, 0, 0, 0]"
408,16,2332800,B_,0.003,0.75,180,0.9,14,11,32,0.05,"[0, 0, 0, 0, 0, 0, 0, 0, 1, 3, 10, 5, 2, 1, 1, 5, 6, 7, 0, 1, 8, 2, 5, 7, 0, 2, 4, 3, 1, 4]"
410,16,2332800,B_,0.003,0.75,180,0.9,14,11,32,0.06,"[0, 0, 0, 0, 0, 0, 0, 3, 9, 10, 13, 15, 4, 9, 13, 13, 16, 13, 2, 2, 4, 0, 6, 12, 1, 4, 5, 3, 10, 5]"
414,16,2332800,B_,0.003,0.75,180,0.9,14,11,32,0.08,"[0, 0, 7, 7, 20, 20, 5, 6, 16, 9, 19, 17, 2, 8, 16, 11, 14, 10, 4, 10, 15, 14, 18, 20, 8, 9, 22, 15, 20, 18]"
412,16,2332800,B_,0.003,0.75,180,0.9,14,11,32,0.07,"[0, 0, 0, 0, 0, 0, 0, 5, 7, 4, 12, 7, 3, 3, 5, 5, 4, 7, 1, 1, 7, 5, 2, 6, 0, 0, 0, 0, 0, 3]"
413,16,2332800,B_,0.003,0.75,180,0.9,14,11,32,0.075,"[0, 1, 7, 14, 14, 13, 8, 8, 9, 12, 17, 13, 3, 10, 11, 13, 24, 21, 4, 19, 28, 22, 25, 14, 3, 5, 14, 14, 25, 10]"
415,16,2332800,B_,0.003,0.75,180,0.9,14,11,32,0.085,"[0, 4, 15, 22, 22, 20, 4, 10, 14, 22, 32, 23, 10, 27, 24, 16, 34, 21, 14, 26, 22, 25, 22, 23, 9, 22, 28, 28, 19, 26]"
416,16,2332800,B_,0.003,0.75,180,0.9,14,11,32,0.09,"[0, 7, 9, 11, 13, 19, 9, 21, 16, 19, 26, 28, 19, 35, 26, 25, 11, 23, 23, 18, 22, 28, 18, 33, 8, 33, 16, 20, 21, 29]"
417,16,2332800,B_,0.003,0.75,180,0.9,14,11,32,0.095,"[0, 0, 9, 23, 31, 25, 19, 25, 27, 14, 29, 16, 12, 34, 23, 19, 36, 25, 4, 18, 28, 20, 11, 25, 16, 21, 25, 32, 32, 32]"
426,17,2332800,B_,0.003,0.75,180,0.9,14,11,32,0.015,"[0, 0, 0, 0, 0, 0, 0, 0, 0, 0, 0, 0, 0, 0, 0, 0, 0, 0, 0, 0, 0, 0, 0, 0, 0, 0, 0, 0, 0, 0]"
420,16,2332800,B_,0.003,0.75,180,0.9,14,11,32,0.11,"[0, 0, 0, 0, 0, 0, 0, 1, 3, 4, 12, 35, 16, 15, 26, 27, 26, 24, 6, 26, 22, 32, 24, 29, 18, 32, 28, 24, 20, 24]"
429,17,2332800,B_,0.003,0.75,180,0.9,14,11,32,0.03,"[0, 0, 1, 2, 1, 0, 0, 0, 0, 0, 0, 0, 0, 0, 0, 0, 0, 0, 0, 0, 0, 2, 0, 0, 0, 0, 0, 0, 0, 0]"
431,17,2332800,B_,0.003,0.75,180,0.9,14,11,32,0.04,"[0, 0, 0, 0, 0, 0, 0, 0, 0, 0, 0, 0, 0, 0, 0, 1, 0, 0, 0, 0, 0, 0, 1, 3, 2, 2, 1, 0, 2, 3]"
434,17,2332800,B_,0.003,0.75,180,0.9,14,11,32,0.055,"[0, 0, 0, 0, 0, 0, 0, 0, 0, 3, 2, 1, 0, 2, 2, 2, 10, 7, 2, 4, 7, 6, 4, 12, 0, 2, 5, 6, 3, 4]"
439,17,2332800,B_,0.003,0.75,180,0.9,14,11,32,0.08,"[0, 0, 2, 2, 3, 5, 6, 10, 9, 9, 14, 12, 2, 12, 8, 14, 12, 21, 8, 9, 14, 14, 19, 17, 0, 0, 0, 0, 0, 1]"
418,16,2332800,B_,0.003,0.75,180,0.9,14,11,32,0.1,"[0, 2, 1, 5, 11, 9, 2, 25, 27, 24, 35, 25, 3, 11, 25, 29, 26, 27, 27, 15, 35, 26, 25, 20, 13, 21, 39, 32, 22, 32]"
425,17,2332800,B_,0.003,0.75,180,0.9,14,11,32,0.01,"[0, 0, 0, 0, 0, 0, 0, 0, 0, 0, 0, 0, 0, 0, 0, 0, 0, 0, 0, 0, 0, 0, 0, 0, 0, 0, 0, 0, 0, 0]"
440,17,2332800,B_,0.003,0.75,180,0.9,14,11,32,0.085,"[0, 0, 1, 16, 15, 16, 5, 20, 19, 26, 24, 23, 7, 12, 13, 19, 14, 25, 5, 13, 18, 17, 21, 26, 17, 28, 25, 19, 22, 16]"
428,17,2332800,B_,0.003,0.75,180,0.9,14,11,32,0.025,"[0, 0, 0, 0, 0, 0, 0, 0, 0, 0, 0, 0, 0, 0, 0, 0, 0, 0, 0, 0, 0, 0, 0, 0, 0, 0, 0, 0, 0, 0]"
442,17,2332800,B_,0.003,0.75,180,0.9,14,11,32,0.095,"[2, 2, 18, 28, 29, 30, 16, 21, 24, 24, 27, 19, 16, 27, 20, 27, 21, 27, 8, 20, 25, 13, 20, 30, 21, 23, 25, 23, 23, 20]"
427,17,2332800,B_,0.003,0.75,180,0.9,14,11,32,0.02,"[0, 0, 0, 0, 0, 0, 0, 0, 0, 0, 0, 1, 0, 0, 0, 0, 0, 0, 0, 0, 0, 0, 1, 0, 0, 0, 0, 0, 0, 0]"
430,17,2332800,B_,0.003,0.75,180,0.9,14,11,32,0.035,"[0, 0, 0, 0, 0, 0, 0, 0, 0, 0, 0, 0, 0, 1, 1, 0, 2, 4, 1, 3, 0, 1, 4, 3, 0, 0, 0, 0, 0, 0]"
419,16,2332800,B_,0.003,0.75,180,0.9,14,11,32,0.105,"[0, 0, 0, 0, 0, 3, 24, 19, 20, 26, 24, 27, 22, 30, 29, 33, 22, 41, 21, 22, 27, 19, 32, 24, 8, 28, 26, 29, 26, 35]"
433,17,2332800,B_,0.003,0.75,180,0.9,14,11,32,0.05,"[0, 0, 0, 0, 0, 0, 0, 0, 0, 0, 0, 0, 1, 0, 2, 2, 0, 0, 0, 0, 0, 0, 1, 0, 0, 2, 1, 0, 3, 2]"
432,17,2332800,B_,0.003,0.75,180,0.9,14,11,32,0.045,"[0, 0, 0, 0, 0, 0, 0, 1, 1, 1, 2, 7, 0, 0, 0, 0, 0, 0, 0, 0, 0, 0, 1, 0, 0, 0, 0, 1, 2, 1]"
446,17,2332800,B_,0.003,0.75,180,0.9,14,11,32,0.115,"[0, 1, 26, 24, 24, 24, 32, 28, 38, 26, 32, 25, 5, 15, 32, 32, 28, 30, 19, 25, 38, 22, 18, 32, 27, 32, 26, 28, 26, 25]"
450,18,2332800,B_,0.003,0.75,180,0.9,14,11,32,0.01,"[0, 0, 0, 0, 0, 0, 0, 0, 0, 0, 0, 0, 0, 0, 0, 0, 0, 0, 0, 0, 0, 0, 0, 0, 0, 0, 0, 0, 0, 0]"
447,17,2332800,B_,0.003,0.75,180,0.9,14,11,32,0.12,"[12, 30, 32, 36, 29, 40, 16, 16, 43, 30, 34, 33, 16, 29, 41, 23, 36, 31, 19, 27, 29, 26, 17, 37, 28, 35, 22, 37, 22, 21]"
435,17,2332800,B_,0.003,0.75,180,0.9,14,11,32,0.06,"[0, 0, 0, 3, 2, 2, 2, 2, 4, 8, 9, 9, 0, 0, 1, 3, 4, 5, 0, 2, 0, 0, 5, 10, 3, 4, 2, 8, 9, 10]"
421,16,2332800,B_,0.003,0.75,180,0.9,14,11,32,0.115,"[0, 0, 14, 21, 28, 30, 15, 24, 29, 41, 23, 35, 25, 36, 29, 28, 19, 30, 15, 32, 42, 23, 28, 30, 2, 19, 24, 30, 23, 34]"
448,17,2332800,B_,0.003,0.75,180,0.9,14,11,32,0.125,"[28, 27, 30, 31, 31, 29, 33, 22, 30, 24, 25, 33, 11, 31, 25, 21, 22, 32, 31, 30, 37, 25, 23, 22, 23, 24, 32, 31, 36, 41]"
422,16,2332800,B_,0.003,0.75,180,0.9,14,11,32,0.12,"[4, 32, 39, 21, 34, 32, 18, 27, 27, 21, 33, 33, 15, 25, 29, 31, 23, 31, 9, 24, 29, 33, 20, 29, 21, 29, 32, 31, 17, 29]"
436,17,2332800,B_,0.003,0.75,180,0.9,14,11,32,0.065,"[0, 0, 0, 0, 0, 0, 0, 2, 6, 4, 10, 15, 4, 14, 20, 14, 14, 11, 7, 4, 4, 4, 7, 9, 2, 0, 0, 2, 7, 4]"
423,16,2332800,B_,0.003,0.75,180,0.9,14,11,32,0.125,"[2, 16, 24, 27, 34, 33, 29, 16, 30, 23, 28, 43, 33, 33, 25, 41, 30, 26, 20, 20, 34, 37, 26, 27, 22, 31, 25, 27, 24, 20]"
453,18,2332800,B_,0.003,0.75,180,0.9,14,11,32,0.025,"[1, 0, 0, 1, 0, 0, 0, 0, 0, 0, 0, 0, 0, 0, 0, 0, 1, 0, 0, 0, 0, 0, 0, 1, 0, 0, 0, 0, 0, 0]"
449,17,2332800,B_,0.003,0.75,180,0.9,14,11,32,0.13,"[13, 31, 32, 31, 30, 28, 23, 29, 23, 29, 36, 32, 20, 29, 28, 35, 34, 39, 17, 19, 36, 25, 31, 29, 28, 35, 26, 34, 23, 32]"
437,17,2332800,B_,0.003,0.75,180,0.9,14,11,32,0.07,"[3, 1, 2, 6, 4, 14, 0, 1, 4, 8, 6, 10, 0, 9, 5, 12, 7, 20, 8, 19, 15, 17, 14, 21, 6, 16, 11, 22, 12, 21]"
424,16,2332800,B_,0.003,0.75,180,0.9,14,11,32,0.13,"[4, 30, 35, 28, 35, 33, 24, 29, 27, 32, 33, 28, 22, 32, 27, 31, 36, 34, 25, 28, 29, 32, 30, 33, 26, 30, 27, 33, 25, 24]"
438,17,2332800,B_,0.003,0.75,180,0.9,14,11,32,0.075,"[0, 1, 3, 8, 20, 13, 5, 7, 8, 17, 18, 14, 9, 11, 8, 14, 18, 18, 7, 10, 12, 18, 17, 21, 5, 8, 12, 12, 10, 10]"
441,17,2332800,B_,0.003,0.75,180,0.9,14,11,32,0.09,"[0, 0, 1, 3, 12, 16, 8, 23, 27, 20, 30, 18, 10, 16, 29, 24, 35, 25, 10, 15, 23, 26, 28, 19, 5, 24, 19, 29, 21, 25]"
443,17,2332800,B_,0.003,0.75,180,0.9,14,11,32,0.1,"[0, 2, 4, 5, 7, 12, 6, 17, 29, 26, 27, 24, 18, 24, 24, 25, 27, 22, 16, 25, 27, 34, 30, 22, 18, 26, 27, 29, 26, 30]"
444,17,2332800,B_,0.003,0.75,180,0.9,14,11,32,0.105,"[0, 6, 28, 26, 29, 27, 17, 24, 22, 20, 25, 34, 18, 26, 23, 29, 16, 22, 18, 30, 28, 24, 24, 26, 3, 23, 25, 35, 14, 34]"
445,17,2332800,B_,0.003,0.75,180,0.9,14,11,32,0.11,"[0, 0, 3, 15, 26, 27, 10, 36, 20, 23, 26, 34, 18, 20, 36, 36, 28, 32, 26, 32, 28, 29, 27, 33, 20, 26, 27, 31, 23, 25]"
451,18,2332800,B_,0.003,0.75,180,0.9,14,11,32,0.015,"[0, 0, 0, 0, 0, 0, 0, 0, 0, 0, 0, 0, 0, 0, 0, 0, 0, 0, 0, 0, 0, 0, 0, 0, 0, 0, 0, 0, 0, 0]"
452,18,2332800,B_,0.003,0.75,180,0.9,14,11,32,0.02,"[0, 0, 0, 0, 0, 0, 0, 0, 0, 0, 0, 0, 0, 0, 0, 0, 0, 0, 0, 0, 0, 0, 0, 0, 0, 0, 0, 0, 0, 0]"
454,18,2332800,B_,0.003,0.75,180,0.9,14,11,32,0.03,"[0, 0, 0, 0, 0, 0, 0, 0, 1, 2, 0, 0, 0, 0, 0, 0, 0, 0, 0, 0, 0, 0, 0, 1, 0, 0, 0, 1, 0, 0]"
462,18,2332800,B_,0.003,0.75,180,0.9,14,11,32,0.07,"[0, 0, 1, 2, 2, 1, 0, 0, 0, 2, 3, 2, 0, 2, 5, 4, 12, 19, 1, 0, 4, 13, 11, 19, 4, 5, 8, 13, 11, 22]"
455,18,2332800,B_,0.003,0.75,180,0.9,14,11,32,0.035,"[0, 0, 0, 0, 0, 0, 0, 0, 0, 1, 0, 2, 0, 0, 0, 0, 0, 0, 0, 0, 0, 0, 0, 0, 0, 0, 0, 0, 0, 0]"
456,18,2332800,B_,0.003,0.75,180,0.9,14,11,32,0.04,"[0, 0, 0, 1, 3, 2, 0, 0, 0, 0, 0, 0, 0, 0, 0, 0, 0, 0, 0, 0, 2, 2, 1, 3, 1, 0, 0, 1, 1, 1]"
458,18,2332800,B_,0.003,0.75,180,0.9,14,11,32,0.05,"[0, 0, 0, 0, 0, 0, 0, 0, 1, 1, 6, 8, 0, 0, 0, 0, 0, 0, 0, 0, 0, 0, 0, 0, 0, 0, 0, 0, 0, 0]"
457,18,2332800,B_,0.003,0.75,180,0.9,14,11,32,0.045,"[0, 0, 0, 0, 0, 0, 0, 1, 2, 5, 4, 4, 0, 1, 4, 4, 3, 3, 0, 0, 0, 1, 0, 0, 1, 0, 0, 0, 0, 2]"
459,18,2332800,B_,0.003,0.75,180,0.9,14,11,32,0.055,"[0, 0, 1, 2, 2, 1, 0, 0, 1, 2, 1, 3, 0, 1, 1, 0, 2, 1, 1, 0, 0, 0, 2, 1, 0, 0, 0, 0, 3, 1]"
460,18,2332800,B_,0.003,0.75,180,0.9,14,11,32,0.06,"[0, 0, 0, 4, 5, 8, 0, 0, 0, 0, 0, 2, 0, 0, 0, 1, 2, 5, 0, 3, 2, 6, 8, 6, 6, 6, 9, 13, 14, 12]"
461,18,2332800,B_,0.003,0.75,180,0.9,14,11,32,0.065,"[0, 0, 0, 0, 1, 1, 0, 0, 0, 1, 3, 4, 2, 7, 8, 12, 20, 15, 1, 1, 9, 8, 14, 15, 1, 7, 6, 8, 9, 4]"
463,18,2332800,B_,0.003,0.75,180,0.9,14,11,32,0.075,"[1, 2, 7, 11, 15, 16, 6, 10, 9, 11, 20, 22, 8, 13, 18, 22, 20, 31, 8, 17, 15, 14, 17, 19, 0, 4, 3, 8, 5, 14]"
465,18,2332800,B_,0.003,0.75,180,0.9,14,11,32,0.085,"[0, 0, 2, 2, 7, 8, 10, 17, 22, 23, 28, 28, 17, 19, 18, 17, 28, 22, 0, 7, 13, 16, 15, 20, 4, 1, 5, 7, 8, 14]"
466,18,2332800,B_,0.003,0.75,180,0.9,14,11,32,0.09,"[2, 4, 3, 7, 9, 13, 5, 10, 23, 18, 23, 23, 13, 19, 27, 28, 12, 27, 19, 25, 17, 10, 22, 21, 14, 20, 18, 27, 23, 23]"
464,18,2332800,B_,0.003,0.75,180,0.9,14,11,32,0.08,"[0, 4, 3, 6, 11, 13, 6, 2, 0, 17, 12, 22, 1, 1, 4, 4, 9, 11, 2, 5, 9, 7, 15, 17, 4, 9, 11, 21, 26, 19]"
467,18,2332800,B_,0.003,0.75,180,0.9,14,11,32,0.095,"[2, 2, 3, 12, 15, 29, 3, 10, 12, 22, 19, 26, 9, 24, 34, 17, 19, 24, 9, 16, 27, 23, 21, 36, 14, 25, 22, 37, 30, 18]"
468,18,2332800,B_,0.003,0.75,180,0.9,14,11,32,0.1,"[0, 0, 1, 18, 33, 32, 8, 30, 27, 30, 29, 30, 13, 22, 29, 28, 19, 24, 13, 24, 27, 14, 26, 28, 13, 29, 22, 23, 36, 26]"
469,18,2332800,B_,0.003,0.75,180,0.9,14,11,32,0.105,"[0, 0, 0, 5, 27, 22, 20, 37, 28, 21, 30, 31, 10, 19, 27, 34, 23, 30, 5, 13, 24, 18, 19, 28, 9, 18, 20, 32, 25, 23]"
470,18,2332800,B_,0.003,0.75,180,0.9,14,11,32,0.11,"[0, 3, 7, 30, 20, 31, 23, 23, 33, 34, 24, 32, 18, 33, 19, 24, 31, 24, 17, 27, 31, 20, 27, 26, 8, 31, 28, 27, 33, 21]"
471,18,2332800,B_,0.003,0.75,180,0.9,14,11,32,0.115,"[1, 9, 28, 30, 29, 25, 22, 27, 27, 30, 37, 24, 13, 29, 27, 26, 26, 20, 5, 18, 30, 21, 34, 26, 18, 30, 33, 40, 32, 28]"
476,19,2332800,B_,0.003,0.75,180,0.9,14,11,32,0.015,"[0, 0, 0, 0, 0, 0, 0, 0, 0, 0, 0, 0, 0, 0, 0, 0, 0, 0, 0, 0, 0, 0, 0, 0, 0, 0, 0, 0, 0, 0]"
478,19,2332800,B_,0.003,0.75,180,0.9,14,11,32,0.025,"[0, 0, 0, 0, 0, 0, 0, 0, 0, 0, 0, 0, 0, 0, 0, 0, 0, 0, 0, 0, 0, 0, 0, 0, 0, 0, 0, 0, 0, 0]"
472,18,2332800,B_,0.003,0.75,180,0.9,14,11,32,0.12,"[0, 6, 26, 31, 34, 23, 21, 33, 30, 25, 32, 27, 24, 30, 31, 30, 39, 32, 30, 28, 31, 30, 29, 34, 29, 26, 27, 30, 31, 26]"
473,18,2332800,B_,0.003,0.75,180,0.9,14,11,32,0.125,"[0, 0, 13, 36, 29, 28, 24, 30, 32, 25, 28, 23, 15, 34, 38, 34, 24, 25, 23, 38, 36, 29, 18, 25, 23, 38, 25, 27, 33, 29]"
484,19,2332800,B_,0.003,0.75,180,0.9,14,11,32,0.055,"[0, 0, 0, 0, 0, 0, 0, 3, 4, 8, 8, 7, 7, 6, 5, 3, 2, 8, 0, 0, 0, 0, 0, 0, 0, 0, 0, 0, 0, 0]"
485,19,2332800,B_,0.003,0.75,180,0.9,14,11,32,0.06,"[0, 0, 4, 4, 4, 4, 0, 2, 2, 5, 3, 7, 0, 0, 2, 1, 1, 5, 0, 0, 0, 0, 1, 0, 0, 0, 0, 0, 0, 3]"
486,19,2332800,B_,0.003,0.75,180,0.9,14,11,32,0.065,"[0, 0, 0, 0, 0, 1, 0, 1, 0, 6, 3, 6, 0, 0, 1, 2, 3, 5, 3, 5, 6, 14, 6, 9, 5, 8, 9, 17, 10, 12]"
489,19,2332800,B_,0.003,0.75,180,0.9,14,11,32,0.08,"[0, 0, 0, 0, 0, 0, 0, 1, 2, 9, 11, 26, 5, 8, 20, 22, 30, 20, 5, 16, 18, 18, 13, 23, 10, 13, 29, 14, 22, 27]"
475,19,2332800,B_,0.003,0.75,180,0.9,14,11,32,0.01,"[0, 0, 0, 0, 0, 0, 0, 0, 0, 0, 0, 0, 0, 0, 0, 0, 0, 0, 0, 0, 0, 0, 0, 0, 0, 0, 0, 0, 0, 0]"
477,19,2332800,B_,0.003,0.75,180,0.9,14,11,32,0.02,"[0, 0, 0, 0, 0, 0, 0, 0, 0, 0, 0, 0, 0, 0, 0, 0, 0, 0, 0, 0, 0, 0, 0, 0, 0, 0, 0, 0, 0, 0]"
479,19,2332800,B_,0.003,0.75,180,0.9,14,11,32,0.03,"[0, 1, 1, 1, 1, 1, 0, 0, 0, 0, 1, 0, 0, 0, 0, 0, 0, 0, 0, 0, 0, 0, 0, 0, 0, 0, 0, 0, 0, 0]"
494,19,2332800,B_,0.003,0.75,180,0.9,14,11,32,0.105,"[0, 0, 0, 0, 0, 0, 2, 7, 12, 29, 23, 41, 8, 34, 21, 28, 21, 30, 15, 22, 30, 24, 23, 19, 12, 31, 34, 25, 26, 25]"
480,19,2332800,B_,0.003,0.75,180,0.9,14,11,32,0.035,"[0, 0, 0, 0, 0, 0, 0, 0, 0, 0, 0, 0, 0, 0, 0, 0, 0, 0, 0, 0, 0, 0, 0, 0, 0, 0, 0, 0, 0, 0]"
481,19,2332800,B_,0.003,0.75,180,0.9,14,11,32,0.04,"[0, 1, 1, 2, 0, 0, 0, 0, 0, 2, 0, 2, 0, 0, 0, 0, 2, 3, 0, 0, 1, 0, 1, 0, 0, 0, 0, 0, 0, 0]"
493,19,2332800,B_,0.003,0.75,180,0.9,14,11,32,0.1,"[0, 4, 8, 16, 26, 26, 10, 20, 39, 21, 26, 28, 27, 25, 27, 33, 22, 26, 16, 31, 33, 23, 25, 20, 16, 19, 20, 32, 26, 21]"
482,19,2332800,B_,0.003,0.75,180,0.9,14,11,32,0.045,"[0, 0, 0, 0, 0, 0, 0, 0, 0, 4, 2, 4, 0, 0, 0, 0, 0, 0, 0, 1, 2, 2, 2, 6, 0, 0, 0, 0, 0, 0]"
483,19,2332800,B_,0.003,0.75,180,0.9,14,11,32,0.05,"[0, 0, 0, 0, 0, 0, 0, 0, 0, 0, 0, 0, 1, 0, 0, 0, 0, 2, 2, 4, 6, 2, 2, 1, 3, 1, 2, 4, 2, 3]"
474,18,2332800,B_,0.003,0.75,180,0.9,14,11,32,0.13,"[15, 36, 34, 36, 39, 26, 22, 30, 26, 26, 25, 41, 24, 27, 36, 17, 22, 30, 39, 24, 33, 29, 21, 29, 16, 31, 29, 31, 29, 33]"
487,19,2332800,B_,0.003,0.75,180,0.9,14,11,32,0.07,"[0, 0, 3, 8, 10, 17, 16, 16, 20, 15, 14, 22, 2, 5, 20, 20, 18, 21, 8, 10, 11, 20, 16, 11, 2, 4, 4, 10, 12, 20]"
505,20,2332800,B_,0.003,0.75,180,0.9,14,11,32,0.035,"[0, 0, 0, 0, 1, 0, 0, 0, 0, 0, 0, 0, 0, 2, 0, 2, 4, 1, 0, 0, 1, 2, 2, 2, 0, 0, 0, 0, 0, 0]"
488,19,2332800,B_,0.003,0.75,180,0.9,14,11,32,0.075,"[0, 1, 3, 6, 5, 6, 1, 9, 13, 28, 23, 19, 9, 11, 15, 11, 16, 12, 6, 18, 19, 19, 27, 22, 7, 8, 14, 14, 14, 18]"
490,19,2332800,B_,0.003,0.75,180,0.9,14,11,32,0.085,"[0, 1, 0, 0, 0, 8, 12, 8, 14, 22, 23, 24, 14, 14, 27, 23, 32, 26, 13, 14, 25, 24, 17, 14, 10, 28, 29, 18, 18, 23]"
491,19,2332800,B_,0.003,0.75,180,0.9,14,11,32,0.09,"[6, 6, 30, 16, 26, 27, 13, 18, 26, 22, 27, 26, 9, 24, 30, 23, 22, 24, 11, 26, 22, 25, 15, 19, 4, 25, 21, 20, 21, 19]"
492,19,2332800,B_,0.003,0.75,180,0.9,14,11,32,0.095,"[2, 0, 1, 18, 19, 25, 10, 17, 19, 20, 28, 25, 11, 31, 33, 23, 31, 23, 16, 18, 29, 19, 21, 19, 15, 31, 30, 38, 13, 15]"
500,20,2332800,B_,0.003,0.75,180,0.9,14,11,32,0.01,"[0, 0, 0, 0, 0, 0, 0, 0, 0, 0, 0, 0, 0, 0, 0, 0, 0, 0, 0, 0, 0, 0, 0, 0, 0, 0, 0, 0, 0, 0]"
501,20,2332800,B_,0.003,0.75,180,0.9,14,11,32,0.015,"[0, 0, 0, 0, 0, 0, 0, 0, 0, 0, 0, 0, 0, 0, 0, 0, 0, 0, 0, 0, 0, 0, 0, 0, 0, 0, 0, 0, 0, 0]"
496,19,2332800,B_,0.003,0.75,180,0.9,14,11,32,0.115,"[0, 5, 15, 23, 32, 19, 13, 27, 23, 28, 32, 30, 17, 35, 27, 36, 19, 38, 9, 28, 23, 24, 25, 32, 21, 29, 35, 31, 23, 28]"
502,20,2332800,B_,0.003,0.75,180,0.9,14,11,32,0.02,"[0, 0, 0, 0, 0, 0, 0, 0, 0, 0, 0, 0, 0, 0, 0, 0, 0, 1, 0, 0, 0, 0, 0, 0, 0, 1, 0, 0, 0, 0]"
495,19,2332800,B_,0.003,0.75,180,0.9,14,11,32,0.11,"[0, 1, 7, 24, 27, 25, 7, 21, 33, 28, 29, 40, 16, 31, 35, 27, 26, 22, 25, 31, 36, 33, 29, 30, 28, 18, 27, 29, 29, 25]"
503,20,2332800,B_,0.003,0.75,180,0.9,14,11,32,0.025,"[0, 0, 0, 0, 0, 0, 0, 0, 0, 0, 0, 0, 0, 0, 0, 0, 0, 0, 0, 0, 0, 0, 0, 0, 0, 1, 0, 2, 3, 0]"
497,19,2332800,B_,0.003,0.75,180,0.9,14,11,32,0.12,"[0, 3, 14, 35, 33, 26, 21, 25, 26, 28, 18, 23, 17, 29, 27, 23, 29, 22, 21, 30, 23, 27, 27, 31, 20, 24, 32, 27, 27, 19]"
498,19,2332800,B_,0.003,0.75,180,0.9,14,11,32,0.125,"[0, 0, 14, 26, 23, 32, 17, 30, 33, 31, 33, 28, 22, 31, 29, 24, 27, 37, 19, 23, 38, 28, 25, 40, 25, 27, 33, 27, 28, 19]"
504,20,2332800,B_,0.003,0.75,180,0.9,14,11,32,0.03,"[0, 0, 0, 0, 0, 0, 0, 0, 0, 0, 0, 1, 0, 0, 0, 0, 0, 0, 0, 0, 0, 1, 0, 0, 0, 0, 0, 0, 0, 0]"
499,19,2332800,B_,0.003,0.75,180,0.9,14,11,32,0.13,"[0, 0, 6, 18, 36, 31, 17, 25, 24, 27, 24, 39, 27, 23, 24, 31, 34, 27, 28, 29, 24, 27, 28, 25, 30, 21, 35, 28, 35, 22]"
506,20,2332800,B_,0.003,0.75,180,0.9,14,11,32,0.04,"[0, 0, 0, 0, 0, 0, 0, 0, 3, 1, 0, 0, 1, 2, 2, 0, 1, 1, 0, 0, 0, 0, 0, 0, 0, 0, 0, 0, 0, 0]"
507,20,2332800,B_,0.003,0.75,180,0.9,14,11,32,0.045,"[0, 0, 0, 1, 1, 1, 0, 0, 0, 0, 0, 0, 0, 0, 0, 0, 0, 0, 0, 0, 0, 3, 2, 1, 0, 0, 0, 0, 0, 0]"
508,20,2332800,B_,0.003,0.75,180,0.9,14,11,32,0.05,"[0, 0, 0, 0, 0, 0, 0, 0, 0, 1, 1, 2, 3, 2, 3, 2, 2, 0, 0, 0, 1, 0, 0, 0, 0, 0, 0, 0, 0, 1]"
509,20,2332800,B_,0.003,0.75,180,0.9,14,11,32,0.055,"[0, 0, 0, 0, 0, 1, 0, 0, 0, 1, 4, 5, 1, 2, 1, 0, 2, 0, 0, 0, 0, 0, 0, 0, 0, 0, 0, 0, 0, 1]"
514,20,2332800,B_,0.003,0.75,180,0.9,14,11,32,0.08,"[0, 0, 3, 5, 8, 10, 3, 2, 5, 9, 13, 14, 0, 7, 8, 11, 12, 18, 4, 12, 22, 12, 18, 27, 6, 10, 14, 18, 18, 19]"
513,20,2332800,B_,0.003,0.75,180,0.9,14,11,32,0.075,"[0, 0, 0, 0, 0, 0, 0, 5, 10, 2, 2, 9, 5, 7, 11, 11, 16, 21, 6, 17, 22, 11, 23, 28, 6, 1, 10, 11, 22, 13]"
510,20,2332800,B_,0.003,0.75,180,0.9,14,11,32,0.06,"[2, 4, 7, 3, 8, 6, 1, 0, 2, 3, 6, 8, 4, 0, 2, 3, 7, 7, 4, 2, 8, 10, 11, 16, 1, 3, 2, 4, 2, 6]"
511,20,2332800,B_,0.003,0.75,180,0.9,14,11,32,0.065,"[0, 0, 0, 0, 0, 1, 0, 0, 0, 0, 0, 0, 0, 0, 2, 3, 1, 6, 0, 1, 5, 3, 8, 9, 2, 0, 5, 1, 2, 10]"
515,20,2332800,B_,0.003,0.75,180,0.9,14,11,32,0.085,"[0, 0, 2, 11, 33, 26, 5, 4, 9, 13, 20, 15, 5, 28, 22, 28, 19, 22, 11, 16, 19, 21, 17, 23, 3, 12, 18, 27, 21, 25]"
512,20,2332800,B_,0.003,0.75,180,0.9,14,11,32,0.07,"[2, 9, 9, 17, 7, 15, 6, 14, 12, 24, 20, 24, 6, 12, 9, 16, 16, 18, 5, 7, 11, 13, 13, 17, 0, 0, 0, 0, 0, 3]"
516,20,2332800,B_,0.003,0.75,180,0.9,14,11,32,0.09,"[3, 5, 7, 16, 25, 17, 0, 12, 21, 17, 32, 17, 10, 33, 21, 20, 26, 26, 13, 16, 39, 20, 19, 26, 13, 20, 20, 30, 18, 28]"
517,20,2332800,B_,0.003,0.75,180,0.9,14,11,32,0.095,"[0, 0, 0, 2, 1, 5, 1, 0, 0, 0, 0, 0, 0, 7, 3, 9, 27, 35, 12, 21, 28, 21, 24, 25, 10, 27, 31, 24, 13, 26]"
518,20,2332800,B_,0.003,0.75,180,0.9,14,11,32,0.1,"[0, 0, 4, 2, 6, 10, 11, 30, 21, 13, 37, 27, 5, 24, 30, 27, 22, 23, 12, 23, 20, 29, 29, 28, 6, 25, 21, 30, 21, 20]"
519,20,2332800,B_,0.003,0.75,180,0.9,14,11,32,0.105,"[0, 1, 0, 4, 27, 26, 11, 30, 29, 33, 27, 20, 15, 32, 27, 32, 26, 19, 13, 23, 22, 19, 28, 25, 9, 30, 29, 22, 29, 20]"
520,20,2332800,B_,0.003,0.75,180,0.9,14,11,32,0.11,"[0, 0, 0, 0, 0, 0, 18, 28, 22, 33, 31, 23, 5, 38, 27, 35, 20, 25, 15, 25, 26, 23, 19, 23, 15, 29, 28, 28, 30, 29]"
521,20,2332800,B_,0.003,0.75,180,0.9,14,11,32,0.115,"[0, 4, 6, 31, 30, 30, 18, 27, 23, 25, 27, 26, 23, 27, 28, 23, 25, 37, 13, 27, 30, 31, 23, 24, 13, 21, 26, 27, 20, 23]"
525,21,2332800,B_,0.003,0.75,180,0.9,14,11,32,0.01,"[0, 0, 0, 0, 0, 0, 0, 0, 0, 0, 0, 0, 0, 0, 0, 0, 0, 0, 0, 0, 0, 0, 0, 0, 0, 0, 0, 0, 0, 0]"
527,21,2332800,B_,0.003,0.75,180,0.9,14,11,32,0.02,"[0, 0, 0, 0, 0, 0, 0, 0, 0, 0, 0, 0, 0, 0, 0, 0, 0, 0, 0, 0, 0, 0, 0, 0, 0, 0, 0, 0, 0, 0]"
526,21,2332800,B_,0.003,0.75,180,0.9,14,11,32,0.015,"[0, 0, 0, 0, 0, 0, 0, 0, 0, 0, 0, 0, 0, 0, 0, 0, 0, 0, 0, 0, 0, 0, 0, 0, 0, 0, 0, 0, 0, 0]"
528,21,2332800,B_,0.003,0.75,180,0.9,14,11,32,0.025,"[0, 0, 0, 0, 0, 0, 0, 0, 0, 0, 1, 0, 0, 0, 0, 0, 0, 0, 0, 0, 0, 0, 0, 0, 0, 0, 0, 0, 0, 0]"
523,20,2332800,B_,0.003,0.75,180,0.9,14,11,32,0.125,"[0, 0, 2, 36, 23, 26, 24, 31, 26, 33, 33, 37, 20, 34, 21, 26, 35, 27, 22, 31, 23, 32, 27, 29, 20, 38, 28, 31, 17, 24]"
522,20,2332800,B_,0.003,0.75,180,0.9,14,11,32,0.12,"[1, 12, 33, 28, 32, 37, 22, 26, 45, 25, 23, 23, 24, 31, 23, 29, 35, 31, 26, 31, 31, 18, 27, 39, 32, 26, 35, 30, 29, 28]"
529,21,2332800,B_,0.003,0.75,180,0.9,14,11,32,0.03,"[0, 0, 0, 0, 0, 0, 0, 1, 0, 0, 0, 0, 1, 0, 0, 1, 1, 0, 0, 0, 0, 0, 0, 0, 0, 0, 1, 1, 0, 0]"
524,20,2332800,B_,0.003,0.75,180,0.9,14,11,32,0.13,"[7, 16, 31, 30, 32, 23, 22, 30, 31, 28, 47, 34, 24, 24, 34, 28, 24, 30, 27, 23, 34, 25, 37, 32, 24, 27, 32, 33, 34, 31]"
533,21,2332800,B_,0.003,0.75,180,0.9,14,11,32,0.05,"[0, 0, 0, 2, 0, 0, 0, 0, 0, 0, 0, 0, 0, 0, 0, 0, 0, 0, 1, 3, 0, 2, 2, 4, 0, 0, 3, 1, 2, 4]"
536,21,2332800,B_,0.003,0.75,180,0.9,14,11,32,0.065,"[0, 0, 0, 0, 0, 0, 0, 0, 1, 1, 1, 2, 0, 0, 0, 2, 3, 6, 1, 4, 6, 6, 5, 14, 0, 2, 4, 2, 0, 5]"
530,21,2332800,B_,0.003,0.75,180,0.9,14,11,32,0.035,"[0, 0, 0, 0, 0, 0, 0, 0, 0, 0, 0, 1, 0, 0, 0, 0, 0, 0, 0, 0, 0, 2, 0, 6, 0, 0, 0, 0, 0, 0]"
531,21,2332800,B_,0.003,0.75,180,0.9,14,11,32,0.04,"[0, 0, 0, 0, 0, 0, 0, 0, 0, 0, 0, 0, 0, 0, 0, 0, 0, 0, 0, 0, 0, 0, 0, 0, 0, 0, 0, 0, 0, 0]"
532,21,2332800,B_,0.003,0.75,180,0.9,14,11,32,0.045,"[0, 0, 0, 0, 0, 0, 0, 0, 0, 0, 0, 0, 0, 0, 0, 0, 1, 0, 0, 0, 2, 1, 0, 1, 0, 0, 0, 0, 4, 1]"
534,21,2332800,B_,0.003,0.75,180,0.9,14,11,32,0.055,"[0, 0, 0, 0, 0, 0, 0, 0, 0, 0, 0, 0, 0, 0, 1, 0, 0, 0, 0, 0, 3, 2, 8, 9, 1, 4, 6, 6, 5, 6]"
535,21,2332800,B_,0.003,0.75,180,0.9,14,11,32,0.06,"[0, 0, 0, 0, 0, 2, 3, 5, 6, 8, 16, 11, 0, 0, 0, 0, 0, 1, 1, 3, 3, 1, 2, 5, 0, 0, 0, 0, 0, 0]"
537,21,2332800,B_,0.003,0.75,180,0.9,14,11,32,0.07,"[0, 0, 0, 0, 0, 0, 0, 1, 0, 4, 1, 9, 5, 7, 8, 6, 10, 22, 0, 1, 0, 2, 3, 5, 2, 2, 1, 1, 2, 2]"
541,21,2332800,B_,0.003,0.75,180,0.9,14,11,32,0.09,"[0, 4, 19, 22, 28, 24, 11, 31, 21, 20, 32, 19, 16, 23, 21, 26, 25, 18, 13, 12, 21, 20, 20, 23, 9, 29, 20, 30, 16, 20]"
538,21,2332800,B_,0.003,0.75,180,0.9,14,11,32,0.075,"[0, 1, 4, 7, 5, 7, 1, 5, 4, 9, 10, 13, 1, 3, 6, 4, 9, 21, 1, 2, 7, 10, 9, 14, 5, 10, 14, 17, 9, 19]"
539,21,2332800,B_,0.003,0.75,180,0.9,14,11,32,0.08,"[0, 0, 6, 4, 8, 12, 9, 9, 13, 17, 18, 19, 6, 20, 25, 21, 26, 20, 2, 8, 9, 8, 18, 18, 0, 5, 10, 16, 19, 22]"
540,21,2332800,B_,0.003,0.75,180,0.9,14,11,32,0.085,"[0, 3, 7, 15, 19, 16, 5, 11, 16, 12, 23, 25, 7, 13, 16, 17, 19, 22, 10, 13, 18, 15, 21, 27, 7, 19, 17, 12, 25, 23]"
550,22,2332800,B_,0.003,0.75,180,0.9,14,11,32,0.01,"[0, 0, 0, 0, 0, 1, 0, 0, 0, 0, 0, 0, 0, 0, 0, 0, 0, 0, 0, 0, 0, 0, 0, 0, 0, 0, 0, 0, 0, 0]"
542,21,2332800,B_,0.003,0.75,180,0.9,14,11,32,0.095,"[0, 0, 0, 12, 13, 8, 24, 23, 26, 20, 31, 24, 14, 22, 28, 24, 28, 25, 17, 23, 17, 27, 30, 18, 13, 15, 30, 35, 21, 22]"
551,22,2332800,B_,0.003,0.75,180,0.9,14,11,32,0.015,"[0, 0, 0, 0, 0, 0, 0, 0, 0, 0, 0, 0, 0, 0, 0, 0, 0, 0, 0, 0, 0, 0, 0, 0, 0, 0, 0, 0, 0, 0]"
552,22,2332800,B_,0.003,0.75,180,0.9,14,11,32,0.02,"[0, 0, 0, 0, 0, 0, 0, 0, 0, 0, 0, 0, 0, 0, 0, 0, 1, 0, 0, 0, 0, 0, 0, 0, 0, 0, 0, 0, 0, 0]"
543,21,2332800,B_,0.003,0.75,180,0.9,14,11,32,0.1,"[2, 7, 25, 28, 38, 33, 5, 20, 25, 30, 18, 32, 8, 28, 23, 29, 27, 21, 10, 26, 25, 23, 27, 28, 2, 22, 28, 33, 18, 24]"
561,22,2332800,B_,0.003,0.75,180,0.9,14,11,32,0.065,"[0, 0, 0, 0, 0, 0, 0, 3, 4, 3, 8, 6, 0, 0, 0, 0, 1, 6, 0, 5, 5, 4, 6, 5, 0, 0, 0, 0, 0, 3]"
545,21,2332800,B_,0.003,0.75,180,0.9,14,11,32,0.11,"[0, 0, 0, 0, 0, 0, 0, 3, 31, 25, 34, 26, 26, 30, 26, 28, 24, 27, 12, 26, 31, 19, 23, 32, 14, 34, 24, 28, 23, 26]"
544,21,2332800,B_,0.003,0.75,180,0.9,14,11,32,0.105,"[2, 8, 2, 9, 29, 25, 12, 22, 26, 17, 21, 33, 15, 24, 19, 26, 26, 25, 15, 30, 24, 28, 20, 37, 15, 35, 29, 35, 35, 23]"
554,22,2332800,B_,0.003,0.75,180,0.9,14,11,32,0.03,"[0, 0, 0, 0, 0, 0, 0, 0, 0, 0, 0, 0, 0, 0, 0, 0, 0, 0, 0, 0, 0, 1, 0, 0, 0, 0, 0, 0, 0, 0]"
553,22,2332800,B_,0.003,0.75,180,0.9,14,11,32,0.025,"[0, 0, 0, 1, 2, 3, 0, 2, 1, 0, 0, 0, 0, 0, 0, 0, 0, 0, 0, 0, 0, 0, 0, 0, 0, 0, 0, 0, 0, 0]"
555,22,2332800,B_,0.003,0.75,180,0.9,14,11,32,0.035,"[0, 0, 1, 0, 0, 0, 0, 0, 0, 0, 0, 0, 0, 0, 0, 0, 0, 0, 0, 0, 0, 0, 0, 0, 0, 0, 0, 0, 0, 2]"
546,21,2332800,B_,0.003,0.75,180,0.9,14,11,32,0.115,"[0, 0, 16, 23, 28, 25, 13, 28, 14, 28, 35, 29, 19, 23, 27, 27, 24, 30, 18, 35, 30, 26, 21, 27, 23, 23, 30, 29, 31, 30]"
556,22,2332800,B_,0.003,0.75,180,0.9,14,11,32,0.04,"[0, 0, 0, 0, 0, 0, 3, 0, 0, 2, 1, 2, 0, 0, 0, 0, 0, 0, 0, 0, 0, 0, 0, 0, 0, 1, 1, 2, 1, 1]"
557,22,2332800,B_,0.003,0.75,180,0.9,14,11,32,0.045,"[0, 0, 0, 0, 0, 0, 1, 0, 3, 1, 3, 4, 0, 0, 0, 1, 0, 2, 1, 3, 1, 4, 2, 4, 2, 0, 0, 0, 0, 0]"
547,21,2332800,B_,0.003,0.75,180,0.9,14,11,32,0.12,"[0, 3, 33, 29, 28, 32, 22, 26, 34, 28, 26, 21, 20, 30, 29, 29, 27, 28, 17, 27, 30, 36, 20, 29, 30, 23, 28, 32, 30, 36]"
548,21,2332800,B_,0.003,0.75,180,0.9,14,11,32,0.125,"[0, 0, 0, 5, 31, 24, 29, 22, 27, 27, 29, 33, 20, 26, 26, 30, 24, 29, 16, 33, 27, 38, 26, 35, 26, 27, 39, 32, 27, 26]"
549,21,2332800,B_,0.003,0.75,180,0.9,14,11,32,0.13,"[0, 0, 8, 34, 32, 31, 26, 28, 17, 30, 24, 34, 30, 30, 38, 32, 25, 35, 29, 25, 28, 29, 25, 30, 20, 25, 28, 34, 25, 36]"
564,22,2332800,B_,0.003,0.75,180,0.9,14,11,32,0.08,"[0, 0, 0, 0, 3, 12, 9, 5, 15, 15, 24, 14, 3, 5, 6, 8, 13, 21, 16, 16, 23, 20, 20, 22, 11, 21, 14, 26, 20, 20]"
558,22,2332800,B_,0.003,0.75,180,0.9,14,11,32,0.05,"[0, 0, 0, 0, 0, 3, 0, 0, 0, 4, 4, 5, 0, 0, 0, 0, 0, 0, 0, 0, 0, 0, 0, 0, 0, 0, 0, 0, 0, 0]"
560,22,2332800,B_,0.003,0.75,180,0.9,14,11,32,0.06,"[0, 0, 0, 0, 0, 0, 1, 0, 5, 5, 7, 2, 0, 0, 0, 0, 0, 0, 0, 0, 0, 0, 0, 3, 2, 8, 4, 2, 3, 4]"
559,22,2332800,B_,0.003,0.75,180,0.9,14,11,32,0.055,"[0, 0, 0, 0, 0, 0, 0, 0, 0, 0, 0, 0, 0, 0, 3, 1, 4, 2, 0, 0, 0, 0, 0, 0, 1, 0, 1, 3, 3, 4]"
562,22,2332800,B_,0.003,0.75,180,0.9,14,11,32,0.07,"[5, 6, 5, 4, 5, 5, 4, 4, 6, 4, 13, 8, 1, 0, 0, 4, 1, 3, 3, 8, 15, 14, 9, 18, 4, 13, 26, 18, 23, 20]"
563,22,2332800,B_,0.003,0.75,180,0.9,14,11,32,0.075,"[0, 1, 1, 5, 8, 18, 10, 4, 24, 9, 10, 15, 4, 11, 14, 15, 17, 17, 9, 11, 20, 11, 23, 18, 6, 23, 21, 22, 20, 27]"
565,22,2332800,B_,0.003,0.75,180,0.9,14,11,32,0.085,"[0, 0, 0, 3, 10, 8, 0, 8, 12, 10, 9, 17, 16, 21, 21, 25, 23, 22, 8, 14, 21, 22, 13, 22, 8, 23, 22, 27, 18, 20]"
566,22,2332800,B_,0.003,0.75,180,0.9,14,11,32,0.09,"[1, 3, 4, 13, 9, 17, 16, 26, 26, 26, 31, 28, 12, 28, 22, 32, 19, 31, 9, 9, 11, 18, 25, 19, 4, 17, 23, 21, 24, 20]"
575,23,2332800,B_,0.003,0.75,180,0.9,14,11,32,0.01,"[0, 0, 0, 0, 0, 0, 0, 0, 0, 0, 0, 0, 0, 0, 0, 0, 0, 0, 0, 0, 0, 0, 0, 0, 0, 0, 0, 0, 0, 0]"
577,23,2332800,B_,0.003,0.75,180,0.9,14,11,32,0.02,"[0, 0, 0, 0, 0, 0, 0, 0, 0, 0, 0, 0, 0, 0, 0, 0, 0, 0, 0, 0, 0, 0, 0, 0, 0, 0, 0, 0, 1, 0]"
568,22,2332800,B_,0.003,0.75,180,0.9,14,11,32,0.1,"[0, 4, 13, 13, 34, 28, 23, 23, 17, 18, 36, 21, 32, 16, 21, 31, 20, 22, 12, 12, 22, 22, 26, 26, 12, 33, 23, 31, 29, 26]"
576,23,2332800,B_,0.003,0.75,180,0.9,14,11,32,0.015,"[0, 0, 0, 0, 0, 0, 0, 0, 0, 0, 0, 0, 0, 0, 0, 0, 0, 0, 0, 0, 0, 0, 0, 0, 0, 0, 0, 0, 0, 0]"
569,22,2332800,B_,0.003,0.75,180,0.9,14,11,32,0.105,"[0, 0, 15, 4, 14, 38, 5, 23, 18, 28, 32, 31, 8, 24, 28, 16, 28, 11, 22, 17, 26, 25, 23, 33, 25, 22, 28, 29, 24, 24]"
570,22,2332800,B_,0.003,0.75,180,0.9,14,11,32,0.11,"[0, 5, 9, 21, 36, 18, 31, 19, 25, 29, 24, 22, 8, 28, 25, 25, 26, 28, 25, 15, 36, 18, 26, 32, 19, 26, 24, 28, 22, 23]"
578,23,2332800,B_,0.003,0.75,180,0.9,14,11,32,0.025,"[0, 0, 0, 0, 0, 0, 0, 0, 0, 0, 0, 0, 0, 0, 0, 0, 0, 0, 0, 0, 1, 1, 1, 0, 0, 0, 0, 0, 0, 0]"
579,23,2332800,B_,0.003,0.75,180,0.9,14,11,32,0.03,"[0, 0, 0, 0, 1, 1, 0, 2, 2, 1, 1, 2, 0, 0, 0, 0, 0, 0, 0, 0, 0, 0, 0, 3, 0, 0, 0, 0, 0, 1]"
571,22,2332800,B_,0.003,0.75,180,0.9,14,11,32,0.115,"[0, 0, 0, 2, 15, 35, 27, 23, 26, 21, 31, 28, 23, 23, 29, 21, 25, 28, 30, 25, 36, 25, 23, 28, 9, 23, 33, 28, 27, 30]"
572,22,2332800,B_,0.003,0.75,180,0.9,14,11,32,0.12,"[0, 0, 17, 32, 29, 34, 15, 28, 26, 36, 34, 26, 22, 26, 23, 21, 33, 27, 22, 30, 29, 26, 34, 23, 27, 25, 29, 25, 28, 27]"
573,22,2332800,B_,0.003,0.75,180,0.9,14,11,32,0.125,"[0, 0, 3, 11, 15, 25, 23, 28, 27, 26, 38, 34, 27, 19, 29, 34, 31, 38, 24, 24, 21, 23, 32, 26, 24, 29, 36, 26, 27, 33]"
574,22,2332800,B_,0.003,0.75,180,0.9,14,11,32,0.13,"[0, 10, 37, 23, 31, 31, 20, 28, 36, 25, 33, 36, 14, 30, 35, 27, 27, 35, 26, 29, 28, 31, 25, 32, 19, 28, 28, 35, 30, 29]"
580,23,2332800,B_,0.003,0.75,180,0.9,14,11,32,0.035,"[0, 0, 1, 2, 3, 2, 0, 0, 0, 0, 0, 0, 0, 0, 0, 1, 0, 0, 0, 0, 0, 0, 0, 0, 0, 0, 0, 0, 0, 0]"
567,22,2332800,B_,0.003,0.75,180,0.9,14,11,32,0.095,"[14, 16, 25, 26, 30, 19, 8, 34, 17, 26, 25, 23, 13, 27, 23, 19, 22, 22, 6, 22, 16, 27, 18, 24, 13, 25, 30, 28, 23, 26]"
581,23,2332800,B_,0.003,0.75,180,0.9,14,11,32,0.04,"[0, 0, 0, 0, 0, 0, 1, 0, 0, 0, 0, 0, 0, 0, 0, 0, 1, 0, 0, 0, 0, 0, 0, 0, 0, 0, 0, 0, 0, 0]"
588,23,2332800,B_,0.003,0.75,180,0.9,14,11,32,0.075,"[0, 0, 0, 6, 5, 8, 2, 6, 10, 7, 14, 15, 3, 8, 10, 11, 17, 16, 1, 3, 13, 17, 7, 9, 0, 0, 0, 0, 0, 0]"
582,23,2332800,B_,0.003,0.75,180,0.9,14,11,32,0.045,"[0, 0, 0, 0, 0, 1, 0, 0, 1, 3, 3, 1, 0, 0, 0, 0, 0, 0, 0, 0, 0, 0, 0, 0, 0, 0, 0, 0, 0, 2]"
583,23,2332800,B_,0.003,0.75,180,0.9,14,11,32,0.05,"[0, 2, 1, 3, 3, 5, 0, 1, 0, 0, 2, 1, 0, 0, 2, 3, 4, 7, 0, 2, 1, 6, 5, 8, 0, 2, 2, 4, 9, 6]"
584,23,2332800,B_,0.003,0.75,180,0.9,14,11,32,0.055,"[0, 0, 0, 0, 0, 0, 0, 0, 0, 0, 0, 0, 0, 0, 0, 0, 0, 0, 0, 0, 0, 0, 1, 2, 0, 0, 3, 5, 1, 1]"
589,23,2332800,B_,0.003,0.75,180,0.9,14,11,32,0.08,"[0, 0, 1, 2, 2, 5, 3, 5, 9, 20, 26, 22, 4, 12, 15, 16, 13, 27, 5, 15, 28, 19, 20, 21, 8, 17, 30, 22, 19, 27]"
585,23,2332800,B_,0.003,0.75,180,0.9,14,11,32,0.06,"[2, 2, 1, 2, 3, 2, 0, 1, 0, 1, 2, 8, 0, 0, 0, 0, 1, 1, 0, 0, 2, 6, 2, 6, 0, 4, 2, 3, 7, 12]"
586,23,2332800,B_,0.003,0.75,180,0.9,14,11,32,0.065,"[0, 0, 0, 0, 0, 0, 0, 0, 0, 0, 1, 6, 0, 0, 0, 1, 1, 0, 0, 1, 6, 11, 16, 17, 1, 4, 4, 4, 5, 8]"
587,23,2332800,B_,0.003,0.75,180,0.9,14,11,32,0.07,"[0, 0, 0, 0, 0, 0, 1, 2, 12, 5, 9, 18, 2, 3, 6, 10, 10, 9, 0, 0, 0, 0, 0, 0, 1, 3, 2, 7, 5, 6]"
609,24,2332800,B_,0.003,0.75,180,0.9,14,11,32,0.055,"[0, 1, 0, 0, 1, 0, 0, 0, 0, 1, 4, 2, 0, 0, 0, 0, 0, 0, 1, 2, 1, 6, 7, 5, 0, 0, 0, 0, 0, 0]"
597,23,2332800,B_,0.003,0.75,180,0.9,14,11,32,0.12,"[0, 4, 15, 27, 30, 28, 26, 22, 29, 20, 34, 29, 16, 27, 28, 31, 22, 29, 31, 31, 32, 25, 27, 28, 18, 29, 30, 37, 24, 23]"
590,23,2332800,B_,0.003,0.75,180,0.9,14,11,32,0.085,"[0, 4, 3, 15, 13, 13, 10, 12, 25, 19, 26, 16, 5, 10, 10, 16, 17, 20, 8, 26, 31, 19, 19, 23, 21, 14, 20, 30, 16, 18]"
591,23,2332800,B_,0.003,0.75,180,0.9,14,11,32,0.09,"[1, 5, 17, 12, 22, 15, 9, 14, 22, 23, 21, 16, 24, 22, 29, 26, 25, 26, 26, 24, 17, 22, 20, 22, 5, 6, 12, 21, 21, 23]"
601,24,2332800,B_,0.003,0.75,180,0.9,14,11,32,0.015,"[0, 0, 0, 0, 0, 0, 0, 0, 0, 0, 0, 0, 0, 0, 0, 0, 0, 0, 0, 0, 0, 0, 0, 0, 0, 0, 0, 0, 0, 0]"
600,24,2332800,B_,0.003,0.75,180,0.9,14,11,32,0.01,"[0, 0, 0, 0, 0, 0, 0, 0, 0, 0, 0, 0, 0, 0, 0, 0, 0, 0, 0, 0, 0, 0, 0, 0, 0, 0, 0, 0, 0, 0]"
602,24,2332800,B_,0.003,0.75,180,0.9,14,11,32,0.02,"[0, 0, 0, 0, 0, 0, 0, 0, 0, 0, 0, 0, 0, 0, 0, 0, 0, 0, 0, 0, 0, 0, 0, 0, 0, 0, 0, 2, 0, 0]"
603,24,2332800,B_,0.003,0.75,180,0.9,14,11,32,0.025,"[0, 0, 0, 0, 0, 0, 0, 0, 0, 0, 0, 0, 0, 0, 0, 0, 0, 0, 0, 0, 0, 0, 0, 0, 0, 0, 0, 1, 0, 1]"
604,24,2332800,B_,0.003,0.75,180,0.9,14,11,32,0.03,"[0, 0, 0, 0, 0, 0, 0, 0, 0, 0, 0, 0, 0, 0, 0, 0, 0, 0, 0, 0, 0, 0, 1, 0, 0, 0, 0, 0, 0, 0]"
592,23,2332800,B_,0.003,0.75,180,0.9,14,11,32,0.095,"[0, 6, 6, 12, 32, 24, 7, 11, 17, 18, 34, 33, 16, 34, 25, 18, 22, 25, 8, 18, 23, 30, 19, 26, 11, 19, 28, 29, 31, 25]"
596,23,2332800,B_,0.003,0.75,180,0.9,14,11,32,0.115,"[0, 0, 0, 0, 0, 0, 0, 0, 11, 11, 28, 33, 25, 24, 36, 31, 27, 19, 20, 20, 29, 29, 29, 31, 8, 11, 36, 30, 33, 21]"
605,24,2332800,B_,0.003,0.75,180,0.9,14,11,32,0.035,"[0, 0, 1, 1, 2, 0, 0, 0, 0, 0, 0, 0, 1, 0, 0, 0, 0, 0, 0, 0, 0, 0, 0, 0, 0, 0, 0, 0, 0, 0]"
606,24,2332800,B_,0.003,0.75,180,0.9,14,11,32,0.04,"[0, 0, 0, 3, 1, 2, 0, 1, 1, 0, 0, 2, 0, 0, 0, 4, 1, 1, 1, 0, 1, 1, 0, 2, 0, 0, 0, 0, 0, 0]"
594,23,2332800,B_,0.003,0.75,180,0.9,14,11,32,0.105,"[0, 9, 25, 27, 29, 31, 27, 29, 28, 19, 31, 26, 15, 29, 25, 35, 26, 25, 23, 16, 33, 29, 30, 20, 27, 28, 25, 32, 23, 29]"
607,24,2332800,B_,0.003,0.75,180,0.9,14,11,32,0.045,"[0, 0, 0, 0, 0, 0, 0, 0, 0, 0, 0, 2, 0, 0, 2, 4, 2, 5, 0, 0, 0, 1, 0, 0, 0, 0, 1, 1, 0, 3]"
593,23,2332800,B_,0.003,0.75,180,0.9,14,11,32,0.1,"[0, 0, 4, 12, 39, 22, 17, 34, 22, 21, 30, 25, 13, 35, 27, 29, 19, 30, 14, 23, 26, 26, 24, 34, 12, 25, 28, 38, 19, 22]"
608,24,2332800,B_,0.003,0.75,180,0.9,14,11,32,0.05,"[0, 0, 0, 0, 0, 0, 0, 3, 0, 4, 4, 1, 0, 0, 0, 0, 0, 2, 1, 3, 1, 3, 0, 4, 1, 2, 3, 5, 1, 9]"
595,23,2332800,B_,0.003,0.75,180,0.9,14,11,32,0.11,"[0, 2, 17, 30, 32, 22, 21, 21, 25, 19, 34, 22, 15, 27, 35, 25, 24, 28, 18, 24, 30, 24, 26, 30, 18, 29, 30, 28, 25, 30]"
599,23,2332800,B_,0.003,0.75,180,0.9,14,11,32,0.13,"[0, 0, 0, 1, 0, 0, 10, 28, 24, 22, 26, 29, 18, 33, 36, 36, 29, 28, 22, 25, 30, 30, 32, 37, 22, 30, 33, 23, 22, 32]"
611,24,2332800,B_,0.003,0.75,180,0.9,14,11,32,0.065,"[0, 0, 0, 0, 0, 0, 0, 0, 0, 1, 14, 4, 4, 3, 0, 3, 0, 2, 0, 0, 0, 0, 0, 0, 0, 0, 0, 0, 0, 5]"
610,24,2332800,B_,0.003,0.75,180,0.9,14,11,32,0.06,"[0, 0, 0, 0, 0, 0, 0, 0, 4, 6, 15, 13, 1, 1, 1, 2, 5, 11, 0, 3, 3, 3, 4, 10, 0, 1, 1, 4, 1, 2]"
598,23,2332800,B_,0.003,0.75,180,0.9,14,11,32,0.125,"[0, 0, 25, 27, 17, 27, 31, 22, 36, 22, 32, 23, 26, 33, 30, 32, 30, 26, 34, 30, 33, 27, 22, 26, 29, 39, 27, 24, 25, 30]"
612,24,2332800,B_,0.003,0.75,180,0.9,14,11,32,0.07,"[3, 5, 6, 4, 11, 12, 0, 1, 0, 0, 1, 4, 1, 6, 7, 10, 11, 23, 7, 3, 18, 14, 17, 29, 3, 7, 9, 11, 10, 19]"
613,24,2332800,B_,0.003,0.75,180,0.9,14,11,32,0.075,"[9, 14, 6, 15, 19, 18, 13, 11, 14, 10, 17, 20, 5, 11, 12, 14, 10, 18, 8, 11, 16, 14, 17, 18, 3, 12, 25, 28, 23, 24]"
614,24,2332800,B_,0.003,0.75,180,0.9,14,11,32,0.08,"[0, 6, 6, 10, 15, 23, 15, 19, 25, 20, 16, 29, 12, 28, 14, 27, 19, 28, 4, 24, 25, 14, 9, 22, 10, 25, 26, 21, 15, 13]"
615,24,2332800,B_,0.003,0.75,180,0.9,14,11,32,0.085,"[0, 0, 2, 3, 9, 7, 2, 7, 7, 14, 24, 26, 4, 16, 24, 29, 17, 27, 3, 8, 14, 17, 23, 18, 2, 18, 36, 17, 11, 25]"
616,24,2332800,B_,0.003,0.75,180,0.9,14,11,32,0.09,"[0, 0, 3, 10, 5, 5, 2, 16, 27, 23, 25, 24, 12, 23, 30, 13, 25, 26, 1, 6, 24, 19, 24, 22, 3, 11, 13, 22, 21, 19]"
625,25,2332800,B_,0.003,0.75,180,0.9,14,11,32,0.01,"[0, 0, 0, 0, 0, 0, 0, 0, 0, 0, 0, 0, 0, 0, 0, 0, 0, 0, 0, 0, 0, 0, 0, 0, 0, 0, 0, 0, 0, 0]"
627,25,2332800,B_,0.003,0.75,180,0.9,14,11,32,0.02,"[0, 0, 0, 0, 0, 0, 0, 0, 0, 0, 0, 0, 0, 0, 0, 0, 0, 0, 0, 0, 0, 0, 0, 0, 0, 0, 0, 0, 0, 0]"
620,24,2332800,B_,0.003,0.75,180,0.9,14,11,32,0.11,"[0, 0, 0, 0, 0, 0, 1, 10, 29, 35, 22, 27, 22, 26, 31, 27, 21, 32, 20, 27, 28, 35, 25, 25, 21, 24, 28, 35, 30, 30]"
626,25,2332800,B_,0.003,0.75,180,0.9,14,11,32,0.015,"[0, 0, 0, 0, 0, 0, 0, 0, 0, 0, 0, 0, 0, 0, 0, 0, 0, 0, 0, 0, 0, 0, 0, 0, 0, 0, 0, 0, 0, 0]"
617,24,2332800,B_,0.003,0.75,180,0.9,14,11,32,0.095,"[3, 10, 15, 19, 33, 19, 4, 19, 20, 22, 34, 23, 15, 28, 18, 28, 25, 21, 6, 14, 25, 24, 26, 19, 18, 28, 31, 26, 20, 27]"
629,25,2332800,B_,0.003,0.75,180,0.9,14,11,32,0.03,"[0, 0, 0, 0, 0, 0, 0, 0, 0, 0, 0, 0, 0, 0, 0, 0, 0, 0, 0, 1, 0, 0, 0, 0, 0, 0, 0, 0, 0, 0]"
628,25,2332800,B_,0.003,0.75,180,0.9,14,11,32,0.025,"[0, 0, 0, 0, 0, 0, 0, 0, 0, 0, 0, 0, 0, 0, 0, 0, 0, 0, 0, 0, 0, 0, 2, 1, 0, 0, 0, 0, 0, 0]"
618,24,2332800,B_,0.003,0.75,180,0.9,14,11,32,0.1,"[1, 4, 6, 13, 12, 24, 6, 16, 26, 31, 29, 31, 3, 11, 19, 38, 26, 23, 16, 28, 31, 22, 28, 31, 23, 29, 30, 35, 30, 28]"
619,24,2332800,B_,0.003,0.75,180,0.9,14,11,32,0.105,"[0, 0, 5, 13, 17, 31, 13, 24, 28, 27, 28, 23, 16, 23, 37, 19, 33, 32, 14, 29, 25, 31, 25, 35, 22, 32, 28, 20, 22, 29]"
621,24,2332800,B_,0.003,0.75,180,0.9,14,11,32,0.115,"[0, 17, 23, 28, 31, 31, 20, 22, 25, 27, 33, 31, 27, 29, 31, 23, 28, 27, 15, 17, 21, 28, 29, 36, 20, 35, 26, 30, 19, 30]"
631,25,2332800,B_,0.003,0.75,180,0.9,14,11,32,0.04,"[0, 0, 0, 0, 0, 0, 0, 0, 0, 0, 0, 0, 0, 0, 0, 0, 0, 0, 0, 2, 0, 5, 1, 3, 0, 0, 0, 0, 0, 0]"
622,24,2332800,B_,0.003,0.75,180,0.9,14,11,32,0.12,"[0, 0, 4, 15, 21, 24, 22, 21, 27, 16, 40, 32, 5, 17, 29, 28, 33, 22, 16, 15, 29, 28, 26, 29, 25, 37, 27, 34, 25, 25]"
623,24,2332800,B_,0.003,0.75,180,0.9,14,11,32,0.125,"[1, 7, 15, 31, 31, 31, 29, 29, 28, 22, 28, 19, 15, 35, 20, 29, 31, 32, 28, 33, 30, 34, 23, 31, 21, 35, 28, 35, 21, 25]"
624,24,2332800,B_,0.003,0.75,180,0.9,14,11,32,0.13,"[0, 9, 16, 35, 26, 30, 19, 26, 25, 27, 31, 22, 19, 33, 37, 37, 22, 25, 33, 16, 33, 26, 27, 34, 16, 32, 38, 29, 36, 20]"
630,25,2332800,B_,0.003,0.75,180,0.9,14,11,32,0.035,"[0, 0, 0, 0, 0, 0, 0, 0, 0, 0, 0, 0, 0, 0, 0, 0, 0, 0, 0, 0, 0, 0, 0, 0, 0, 0, 0, 0, 0, 0]"
632,25,2332800,B_,0.003,0.75,180,0.9,14,11,32,0.045,"[0, 1, 2, 4, 2, 4, 0, 0, 1, 2, 1, 1, 0, 3, 0, 2, 3, 3, 0, 1, 1, 1, 4, 5, 4, 7, 5, 3, 6, 8]"
636,25,2332800,B_,0.003,0.75,180,0.9,14,11,32,0.065,"[0, 0, 1, 3, 4, 8, 4, 6, 9, 4, 17, 11, 3, 11, 6, 9, 11, 18, 5, 3, 6, 18, 16, 16, 0, 3, 3, 8, 10, 9]"
633,25,2332800,B_,0.003,0.75,180,0.9,14,11,32,0.05,"[0, 0, 0, 0, 0, 0, 0, 0, 0, 0, 1, 3, 0, 2, 1, 2, 1, 3, 0, 0, 0, 0, 0, 0, 1, 1, 1, 1, 3, 3]"
634,25,2332800,B_,0.003,0.75,180,0.9,14,11,32,0.055,"[0, 0, 0, 0, 5, 3, 0, 1, 0, 1, 1, 5, 1, 0, 0, 0, 1, 2, 1, 1, 3, 1, 1, 3, 2, 2, 12, 6, 4, 8]"
635,25,2332800,B_,0.003,0.75,180,0.9,14,11,32,0.06,"[0, 0, 0, 0, 0, 8, 1, 7, 5, 11, 8, 18, 4, 2, 5, 2, 10, 5, 0, 0, 2, 2, 7, 4, 3, 7, 6, 6, 8, 8]"
638,25,2332800,B_,0.003,0.75,180,0.9,14,11,32,0.075,"[0, 1, 0, 0, 0, 0, 0, 0, 0, 4, 5, 12, 2, 5, 12, 11, 8, 5, 0, 0, 0, 0, 0, 0, 0, 0, 1, 3, 8, 5]"
637,25,2332800,B_,0.003,0.75,180,0.9,14,11,32,0.07,"[0, 0, 0, 0, 0, 0, 0, 1, 5, 4, 5, 10, 1, 2, 1, 4, 8, 18, 2, 3, 5, 9, 7, 14, 8, 8, 13, 15, 20, 20]"
640,25,2332800,B_,0.003,0.75,180,0.9,14,11,32,0.085,"[0, 2, 4, 9, 7, 20, 5, 12, 29, 20, 17, 37, 8, 29, 17, 22, 24, 20, 7, 12, 26, 18, 19, 27, 17, 22, 24, 27, 14, 33]"
639,25,2332800,B_,0.003,0.75,180,0.9,14,11,32,0.08,"[0, 0, 1, 4, 10, 12, 4, 4, 3, 5, 16, 19, 9, 19, 20, 18, 17, 23, 3, 14, 17, 21, 20, 18, 9, 16, 22, 27, 28, 19]"
641,25,2332800,B_,0.003,0.75,180,0.9,14,11,32,0.09,"[0, 0, 0, 9, 24, 22, 9, 22, 19, 22, 28, 22, 3, 11, 15, 22, 18, 24, 15, 24, 30, 27, 21, 25, 14, 25, 18, 30, 15, 28]"
650,26,2332800,B_,0.003,0.75,180,0.9,14,11,32,0.01,"[0, 0, 0, 0, 0, 0, 0, 0, 0, 0, 0, 0, 0, 0, 0, 0, 0, 0, 0, 0, 0, 0, 0, 0, 0, 0, 0, 0, 0, 0]"
642,25,2332800,B_,0.003,0.75,180,0.9,14,11,32,0.095,"[3, 2, 8, 9, 22, 23, 17, 19, 25, 28, 24, 28, 12, 22, 27, 30, 20, 28, 13, 21, 27, 30, 22, 22, 25, 22, 32, 25, 19, 28]"
652,26,2332800,B_,0.003,0.75,180,0.9,14,11,32,0.02,"[0, 0, 0, 0, 0, 0, 0, 0, 1, 0, 0, 0, 0, 0, 0, 0, 0, 0, 0, 0, 0, 0, 0, 0, 0, 0, 0, 0, 0, 0]"
651,26,2332800,B_,0.003,0.75,180,0.9,14,11,32,0.015,"[0, 0, 0, 0, 0, 0, 0, 0, 0, 0, 0, 0, 0, 0, 0, 0, 0, 0, 0, 0, 0, 0, 0, 0, 0, 0, 0, 0, 0, 0]"
653,26,2332800,B_,0.003,0.75,180,0.9,14,11,32,0.025,"[0, 0, 0, 0, 0, 0, 0, 0, 0, 0, 0, 0, 0, 0, 0, 0, 0, 0, 0, 0, 0, 0, 0, 1, 0, 0, 0, 0, 0, 0]"
643,25,2332800,B_,0.003,0.75,180,0.9,14,11,32,0.1,"[0, 0, 2, 4, 8, 14, 14, 24, 26, 30, 31, 21, 9, 15, 23, 22, 22, 27, 13, 25, 18, 29, 27, 24, 17, 24, 21, 29, 23, 19]"
656,26,2332800,B_,0.003,0.75,180,0.9,14,11,32,0.04,"[0, 0, 0, 0, 0, 0, 0, 0, 0, 1, 3, 0, 0, 0, 1, 0, 0, 1, 0, 0, 0, 0, 0, 2, 1, 1, 1, 0, 2, 1]"
657,26,2332800,B_,0.003,0.75,180,0.9,14,11,32,0.045,"[0, 0, 0, 1, 2, 0, 0, 0, 0, 1, 2, 1, 0, 0, 0, 0, 0, 0, 0, 0, 0, 0, 2, 2, 0, 0, 0, 0, 0, 0]"
654,26,2332800,B_,0.003,0.75,180,0.9,14,11,32,0.03,"[0, 0, 0, 0, 0, 0, 0, 0, 0, 0, 0, 0, 0, 0, 0, 0, 0, 0, 0, 0, 0, 1, 1, 0, 0, 3, 0, 0, 0, 1]"
655,26,2332800,B_,0.003,0.75,180,0.9,14,11,32,0.035,"[0, 0, 0, 0, 0, 0, 0, 1, 2, 1, 4, 3, 0, 0, 0, 0, 0, 0, 0, 0, 1, 0, 0, 1, 0, 0, 0, 0, 0, 0]"
658,26,2332800,B_,0.003,0.75,180,0.9,14,11,32,0.05,"[0, 0, 0, 0, 0, 0, 0, 0, 0, 0, 0, 0, 0, 0, 0, 0, 2, 2, 0, 1, 1, 1, 2, 2, 0, 0, 0, 0, 1, 1]"
659,26,2332800,B_,0.003,0.75,180,0.9,14,11,32,0.055,"[0, 0, 1, 0, 0, 0, 0, 0, 0, 2, 0, 0, 0, 0, 0, 0, 0, 0, 0, 2, 5, 1, 3, 1, 1, 0, 6, 3, 6, 7]"
645,25,2332800,B_,0.003,0.75,180,0.9,14,11,32,0.11,"[0, 0, 6, 7, 4, 8, 3, 10, 36, 27, 30, 34, 19, 27, 23, 42, 27, 29, 17, 20, 27, 23, 25, 29, 15, 30, 29, 23, 26, 25]"
644,25,2332800,B_,0.003,0.75,180,0.9,14,11,32,0.105,"[0, 0, 0, 13, 21, 16, 12, 17, 21, 31, 32, 30, 12, 22, 26, 17, 28, 24, 14, 31, 30, 19, 23, 16, 22, 35, 26, 26, 26, 24]"
646,25,2332800,B_,0.003,0.75,180,0.9,14,11,32,0.115,"[0, 0, 0, 1, 24, 17, 20, 26, 22, 27, 28, 30, 30, 25, 37, 31, 24, 29, 24, 27, 37, 24, 25, 26, 16, 26, 21, 29, 29, 22]"
647,25,2332800,B_,0.003,0.75,180,0.9,14,11,32,0.12,"[0, 0, 2, 0, 0, 0, 2, 18, 26, 22, 32, 22, 29, 29, 25, 24, 32, 27, 26, 34, 33, 29, 28, 38, 15, 28, 31, 18, 29, 32]"
661,26,2332800,B_,0.003,0.75,180,0.9,14,11,32,0.065,"[0, 0, 0, 0, 0, 1, 0, 0, 0, 1, 0, 1, 0, 0, 0, 0, 0, 0, 0, 0, 1, 3, 3, 5, 0, 0, 0, 0, 0, 0]"
648,25,2332800,B_,0.003,0.75,180,0.9,14,11,32,0.125,"[0, 0, 15, 36, 36, 36, 15, 22, 29, 33, 29, 23, 21, 23, 34, 30, 26, 38, 18, 23, 30, 19, 20, 27, 24, 34, 24, 24, 30, 18]"
660,26,2332800,B_,0.003,0.75,180,0.9,14,11,32,0.06,"[0, 1, 0, 0, 0, 0, 0, 0, 3, 4, 9, 5, 4, 5, 9, 8, 11, 12, 1, 3, 8, 5, 11, 7, 3, 5, 5, 8, 2, 13]"
649,25,2332800,B_,0.003,0.75,180,0.9,14,11,32,0.13,"[0, 0, 3, 30, 38, 34, 22, 22, 41, 23, 33, 40, 23, 29, 28, 33, 26, 23, 25, 27, 33, 24, 17, 28, 23, 35, 36, 31, 25, 30]"
662,26,2332800,B_,0.003,0.75,180,0.9,14,11,32,0.07,"[0, 0, 1, 10, 11, 8, 1, 0, 0, 0, 1, 6, 1, 16, 11, 24, 13, 18, 3, 6, 23, 22, 17, 14, 3, 1, 3, 9, 6, 8]"
663,26,2332800,B_,0.003,0.75,180,0.9,14,11,32,0.075,"[0, 0, 1, 6, 12, 21, 4, 16, 18, 16, 28, 15, 10, 12, 17, 14, 16, 14, 10, 18, 25, 15, 20, 23, 3, 6, 9, 9, 4, 5]"
664,26,2332800,B_,0.003,0.75,180,0.9,14,11,32,0.08,"[0, 1, 4, 3, 3, 10, 0, 4, 9, 21, 22, 20, 15, 18, 28, 17, 22, 21, 19, 11, 23, 28, 24, 27, 13, 21, 21, 27, 24, 22]"
665,26,2332800,B_,0.003,0.75,180,0.9,14,11,32,0.085,"[0, 0, 0, 0, 0, 0, 2, 15, 19, 21, 22, 24, 5, 22, 23, 21, 18, 19, 10, 19, 27, 28, 29, 21, 13, 26, 22, 34, 26, 18]"
675,27,2332800,B_,0.003,0.75,180,0.9,14,11,32,0.01,"[0, 0, 0, 0, 0, 0, 0, 0, 0, 0, 0, 0, 0, 0, 0, 0, 0, 0, 0, 0, 0, 0, 0, 0, 0, 0, 0, 0, 0, 0]"
676,27,2332800,B_,0.003,0.75,180,0.9,14,11,32,0.015,"[0, 0, 0, 0, 0, 0, 0, 0, 0, 0, 0, 0, 0, 0, 0, 0, 0, 0, 0, 0, 0, 0, 0, 0, 0, 0, 0, 0, 0, 0]"
677,27,2332800,B_,0.003,0.75,180,0.9,14,11,32,0.02,"[0, 0, 0, 0, 0, 0, 0, 0, 0, 0, 0, 0, 0, 0, 0, 0, 0, 0, 0, 0, 0, 0, 0, 0, 0, 0, 0, 0, 0, 0]"
678,27,2332800,B_,0.003,0.75,180,0.9,14,11,32,0.025,"[0, 0, 0, 0, 0, 0, 0, 0, 0, 0, 0, 0, 0, 0, 0, 0, 0, 0, 0, 0, 0, 0, 0, 0, 0, 0, 0, 0, 0, 0]"
667,26,2332800,B_,0.003,0.75,180,0.9,14,11,32,0.095,"[0, 0, 1, 16, 33, 31, 17, 27, 22, 19, 32, 30, 12, 22, 27, 26, 28, 22, 11, 22, 19, 23, 19, 30, 4, 25, 33, 27, 19, 22]"
679,27,2332800,B_,0.003,0.75,180,0.9,14,11,32,0.03,"[0, 0, 0, 0, 0, 0, 0, 0, 1, 0, 1, 4, 0, 0, 0, 0, 0, 0, 0, 0, 0, 0, 0, 0, 0, 0, 0, 0, 0, 0]"
680,27,2332800,B_,0.003,0.75,180,0.9,14,11,32,0.035,"[0, 0, 0, 0, 0, 0, 0, 0, 0, 0, 1, 0, 0, 0, 0, 1, 1, 0, 1, 1, 0, 1, 1, 0, 0, 0, 0, 0, 0, 0]"
669,26,2332800,B_,0.003,0.75,180,0.9,14,11,32,0.105,"[3, 16, 29, 25, 30, 28, 15, 18, 29, 15, 34, 30, 20, 19, 23, 28, 16, 27, 21, 34, 23, 33, 24, 27, 23, 33, 27, 24, 22, 20]"
668,26,2332800,B_,0.003,0.75,180,0.9,14,11,32,0.1,"[0, 10, 22, 20, 23, 25, 10, 26, 29, 20, 27, 23, 20, 28, 29, 29, 26, 33, 7, 23, 27, 17, 22, 21, 12, 29, 24, 35, 21, 22]"
670,26,2332800,B_,0.003,0.75,180,0.9,14,11,32,0.11,"[3, 13, 22, 23, 33, 26, 22, 19, 21, 28, 30, 22, 17, 34, 18, 32, 28, 27, 8, 19, 33, 29, 25, 28, 17, 27, 24, 28, 24, 26]"
671,26,2332800,B_,0.003,0.75,180,0.9,14,11,32,0.115,"[0, 1, 17, 18, 29, 24, 20, 28, 32, 29, 19, 32, 34, 28, 26, 24, 24, 24, 21, 22, 29, 29, 24, 26, 18, 26, 25, 35, 28, 30]"
672,26,2332800,B_,0.003,0.75,180,0.9,14,11,32,0.12,"[0, 0, 0, 15, 26, 21, 27, 25, 34, 34, 39, 29, 12, 37, 22, 22, 34, 27, 27, 32, 27, 27, 29, 31, 22, 32, 20, 29, 16, 24]"
666,26,2332800,B_,0.003,0.75,180,0.9,14,11,32,0.09,"[0, 0, 0, 7, 7, 13, 10, 17, 17, 19, 27, 21, 8, 12, 20, 18, 28, 24, 26, 21, 26, 20, 28, 34, 3, 18, 22, 23, 21, 26]"
673,26,2332800,B_,0.003,0.75,180,0.9,14,11,32,0.125,"[0, 14, 24, 38, 33, 23, 25, 32, 30, 30, 26, 29, 24, 37, 29, 32, 26, 25, 23, 26, 30, 30, 27, 29, 15, 27, 27, 26, 27, 27]"
674,26,2332800,B_,0.003,0.75,180,0.9,14,11,32,0.13,"[0, 14, 32, 27, 43, 36, 27, 31, 35, 18, 41, 30, 18, 44, 29, 26, 26, 26, 18, 30, 37, 24, 22, 27, 19, 27, 27, 32, 25, 30]"
682,27,2332800,B_,0.003,0.75,180,0.9,14,11,32,0.045,"[0, 0, 0, 0, 0, 0, 0, 0, 0, 0, 1, 5, 1, 2, 0, 2, 1, 2, 1, 3, 1, 0, 0, 2, 2, 2, 4, 1, 2, 4]"
681,27,2332800,B_,0.003,0.75,180,0.9,14,11,32,0.04,"[0, 0, 0, 0, 0, 0, 0, 0, 0, 0, 0, 0, 0, 2, 1, 1, 3, 3, 0, 0, 0, 0, 0, 0, 0, 0, 0, 0, 0, 1]"
683,27,2332800,B_,0.003,0.75,180,0.9,14,11,32,0.05,"[0, 0, 0, 0, 0, 0, 0, 0, 0, 0, 0, 0, 0, 0, 0, 0, 0, 0, 0, 0, 0, 1, 2, 2, 1, 6, 3, 3, 3, 11]"
689,27,2332800,B_,0.003,0.75,180,0.9,14,11,32,0.08,"[3, 15, 20, 13, 29, 19, 5, 22, 15, 16, 23, 25, 0, 3, 2, 3, 11, 15, 8, 13, 23, 23, 30, 20, 3, 4, 18, 21, 21, 29]"
684,27,2332800,B_,0.003,0.75,180,0.9,14,11,32,0.055,"[0, 0, 0, 0, 0, 0, 0, 0, 3, 1, 1, 5, 1, 4, 4, 1, 4, 0, 0, 0, 0, 2, 1, 3, 2, 0, 2, 1, 2, 4]"
691,27,2332800,B_,0.003,0.75,180,0.9,14,11,32,0.09,"[0, 3, 23, 19, 20, 23, 17, 20, 20, 25, 23, 28, 7, 15, 20, 26, 21, 21, 13, 18, 36, 19, 22, 27, 2, 9, 14, 16, 20, 25]"
685,27,2332800,B_,0.003,0.75,180,0.9,14,11,32,0.06,"[0, 0, 0, 2, 3, 4, 1, 2, 8, 10, 10, 8, 4, 3, 6, 6, 10, 12, 1, 3, 6, 4, 7, 15, 1, 0, 0, 0, 0, 4]"
686,27,2332800,B_,0.003,0.75,180,0.9,14,11,32,0.065,"[0, 0, 0, 0, 0, 1, 1, 3, 6, 9, 14, 13, 3, 4, 3, 8, 9, 6, 0, 0, 0, 2, 2, 3, 1, 5, 6, 12, 6, 8]"
688,27,2332800,B_,0.003,0.75,180,0.9,14,11,32,0.075,"[0, 0, 0, 0, 0, 0, 2, 5, 7, 3, 12, 12, 3, 2, 4, 7, 8, 15, 2, 2, 8, 16, 24, 22, 4, 6, 11, 14, 9, 18]"
687,27,2332800,B_,0.003,0.75,180,0.9,14,11,32,0.07,"[0, 0, 4, 7, 13, 21, 4, 6, 10, 12, 14, 14, 17, 9, 10, 14, 13, 14, 1, 4, 7, 18, 14, 17, 2, 12, 19, 18, 23, 17]"
690,27,2332800,B_,0.003,0.75,180,0.9,14,11,32,0.085,"[0, 0, 3, 7, 5, 7, 12, 15, 29, 25, 27, 22, 17, 28, 27, 16, 26, 22, 4, 20, 13, 24, 15, 26, 9, 15, 29, 22, 21, 26]"
700,28,2332800,B_,0.003,0.75,180,0.9,14,11,32,0.01,"[0, 0, 0, 0, 0, 0, 0, 0, 0, 0, 0, 0, 0, 0, 0, 0, 0, 0, 0, 0, 0, 0, 0, 0, 0, 0, 0, 0, 0, 0]"
701,28,2332800,B_,0.003,0.75,180,0.9,14,11,32,0.015,"[0, 0, 0, 0, 0, 0, 0, 0, 0, 0, 0, 0, 0, 0, 0, 0, 0, 0, 0, 0, 0, 0, 0, 0, 0, 0, 0, 0, 0, 0]"
703,28,2332800,B_,0.003,0.75,180,0.9,14,11,32,0.025,"[0, 0, 0, 0, 0, 0, 0, 0, 0, 1, 1, 0, 0, 0, 0, 0, 0, 0, 0, 0, 0, 0, 0, 0, 0, 0, 0, 0, 0, 0]"
702,28,2332800,B_,0.003,0.75,180,0.9,14,11,32,0.02,"[0, 0, 0, 0, 0, 0, 0, 0, 0, 0, 0, 0, 0, 0, 0, 0, 0, 0, 0, 0, 0, 0, 0, 0, 0, 0, 0, 0, 0, 0]"
705,28,2332800,B_,0.003,0.75,180,0.9,14,11,32,0.035,"[0, 0, 0, 1, 0, 0, 0, 0, 0, 0, 1, 1, 0, 0, 0, 0, 0, 0, 0, 0, 0, 0, 0, 1, 0, 0, 0, 0, 0, 0]"
704,28,2332800,B_,0.003,0.75,180,0.9,14,11,32,0.03,"[0, 0, 0, 0, 0, 0, 0, 0, 0, 0, 0, 1, 0, 0, 0, 0, 0, 0, 0, 0, 0, 0, 2, 0, 1, 0, 0, 0, 0, 0]"
706,28,2332800,B_,0.003,0.75,180,0.9,14,11,32,0.04,"[0, 1, 1, 0, 2, 1, 0, 2, 1, 1, 3, 1, 0, 0, 0, 0, 1, 0, 0, 0, 0, 1, 1, 1, 2, 0, 0, 1, 1, 1]"
707,28,2332800,B_,0.003,0.75,180,0.9,14,11,32,0.045,"[0, 0, 2, 4, 5, 3, 0, 0, 1, 2, 4, 5, 1, 0, 0, 3, 0, 2, 0, 0, 1, 1, 1, 2, 0, 0, 0, 0, 0, 0]"
708,28,2332800,B_,0.003,0.75,180,0.9,14,11,32,0.05,"[0, 0, 0, 0, 2, 1, 2, 4, 1, 3, 1, 3, 0, 2, 2, 1, 3, 2, 1, 1, 2, 2, 3, 2, 0, 1, 0, 3, 3, 2]"
692,27,2332800,B_,0.003,0.75,180,0.9,14,11,32,0.095,"[0, 0, 13, 19, 23, 31, 7, 19, 31, 19, 29, 25, 15, 30, 24, 26, 27, 25, 24, 22, 38, 15, 15, 26, 15, 16, 27, 20, 25, 27]"
694,27,2332800,B_,0.003,0.75,180,0.9,14,11,32,0.105,"[5, 25, 19, 31, 27, 25, 2, 14, 22, 17, 25, 25, 14, 28, 34, 31, 21, 22, 17, 29, 25, 22, 20, 34, 8, 10, 23, 27, 32, 21]"
693,27,2332800,B_,0.003,0.75,180,0.9,14,11,32,0.1,"[0, 0, 3, 6, 20, 23, 11, 30, 24, 19, 33, 28, 17, 36, 26, 18, 19, 24, 12, 12, 22, 21, 29, 27, 11, 20, 25, 27, 25, 24]"
695,27,2332800,B_,0.003,0.75,180,0.9,14,11,32,0.11,"[0, 2, 6, 21, 30, 23, 7, 24, 32, 20, 28, 26, 20, 34, 32, 29, 22, 25, 26, 29, 25, 22, 25, 31, 26, 31, 26, 28, 24, 28]"
711,28,2332800,B_,0.003,0.75,180,0.9,14,11,32,0.065,"[0, 0, 0, 0, 0, 0, 0, 5, 6, 2, 7, 10, 0, 2, 2, 5, 2, 5, 0, 2, 5, 8, 5, 11, 7, 6, 9, 15, 14, 23]"
710,28,2332800,B_,0.003,0.75,180,0.9,14,11,32,0.06,"[0, 0, 0, 0, 0, 0, 0, 0, 3, 6, 4, 7, 2, 4, 7, 9, 14, 13, 6, 0, 5, 4, 8, 8, 4, 4, 12, 13, 12, 13]"
709,28,2332800,B_,0.003,0.75,180,0.9,14,11,32,0.055,"[1, 1, 1, 6, 2, 3, 3, 8, 12, 3, 8, 9, 2, 3, 2, 5, 9, 10, 0, 1, 1, 5, 3, 2, 1, 4, 4, 8, 5, 9]"
696,27,2332800,B_,0.003,0.75,180,0.9,14,11,32,0.115,"[4, 14, 29, 27, 27, 22, 25, 32, 28, 21, 35, 36, 27, 34, 23, 30, 33, 28, 18, 26, 31, 32, 21, 26, 29, 30, 37, 26, 27, 26]"
697,27,2332800,B_,0.003,0.75,180,0.9,14,11,32,0.12,"[2, 23, 27, 30, 28, 29, 30, 28, 28, 25, 28, 37, 20, 22, 25, 30, 25, 23, 24, 25, 30, 35, 21, 23, 18, 39, 27, 37, 23, 26]"
698,27,2332800,B_,0.003,0.75,180,0.9,14,11,32,0.125,"[0, 0, 7, 25, 32, 26, 28, 27, 32, 30, 29, 32, 29, 25, 31, 38, 41, 29, 22, 20, 36, 35, 28, 33, 22, 37, 40, 21, 27, 32]"
699,27,2332800,B_,0.003,0.75,180,0.9,14,11,32,0.13,"[3, 15, 35, 32, 34, 22, 25, 19, 28, 26, 27, 25, 21, 37, 29, 32, 33, 28, 19, 21, 37, 31, 21, 33, 23, 34, 19, 40, 31, 31]"
712,28,2332800,B_,0.003,0.75,180,0.9,14,11,32,0.07,"[0, 0, 1, 1, 3, 1, 2, 2, 5, 5, 8, 14, 4, 8, 8, 10, 12, 13, 4, 9, 13, 9, 20, 18, 6, 11, 14, 9, 16, 12]"
713,28,2332800,B_,0.003,0.75,180,0.9,14,11,32,0.075,"[1, 3, 1, 5, 4, 1, 2, 4, 5, 7, 13, 8, 6, 10, 11, 12, 23, 24, 11, 16, 27, 13, 17, 13, 2, 9, 7, 14, 22, 18]"
716,28,2332800,B_,0.003,0.75,180,0.9,14,11,32,0.09,"[0, 1, 2, 6, 25, 21, 13, 21, 24, 20, 27, 25, 16, 15, 18, 25, 15, 23, 1, 0, 1, 3, 9, 19, 13, 19, 20, 29, 25, 24]"
725,29,2332800,B_,0.003,0.75,180,0.9,14,11,32,0.01,"[0, 0, 0, 0, 0, 0, 0, 0, 0, 0, 0, 0, 0, 0, 0, 0, 0, 0, 0, 0, 0, 0, 0, 0, 0, 0, 0, 0, 0, 0]"
726,29,2332800,B_,0.003,0.75,180,0.9,14,11,32,0.015,"[0, 0, 0, 0, 0, 0, 0, 0, 0, 0, 0, 0, 0, 0, 0, 0, 0, 0, 0, 0, 0, 0, 0, 0, 0, 0, 0, 0, 0, 0]"
717,28,2332800,B_,0.003,0.75,180,0.9,14,11,32,0.095,"[0, 0, 4, 4, 13, 13, 11, 18, 19, 17, 33, 27, 7, 26, 24, 26, 14, 19, 5, 20, 22, 29, 18, 29, 11, 15, 30, 32, 21, 22]"
727,29,2332800,B_,0.003,0.75,180,0.9,14,11,32,0.02,"[0, 0, 0, 0, 0, 0, 0, 0, 0, 0, 0, 0, 0, 0, 0, 0, 0, 0, 0, 0, 0, 0, 0, 0, 0, 0, 0, 0, 0, 0]"
718,28,2332800,B_,0.003,0.75,180,0.9,14,11,32,0.1,"[0, 0, 1, 4, 12, 19, 7, 20, 34, 31, 29, 19, 17, 25, 29, 29, 20, 19, 7, 7, 34, 18, 20, 29, 13, 30, 23, 38, 26, 23]"
729,29,2332800,B_,0.003,0.75,180,0.9,14,11,32,0.03,"[0, 0, 0, 0, 1, 0, 0, 0, 0, 0, 0, 0, 0, 0, 0, 0, 0, 0, 0, 0, 0, 0, 0, 0, 0, 0, 0, 0, 0, 0]"
720,28,2332800,B_,0.003,0.75,180,0.9,14,11,32,0.11,"[0, 0, 0, 15, 10, 21, 3, 10, 26, 35, 23, 31, 16, 34, 23, 25, 28, 29, 17, 26, 19, 30, 28, 26, 17, 32, 31, 18, 23, 31]"
719,28,2332800,B_,0.003,0.75,180,0.9,14,11,32,0.105,"[0, 0, 3, 8, 25, 21, 10, 32, 29, 24, 32, 24, 7, 30, 25, 31, 22, 28, 16, 21, 30, 24, 21, 22, 21, 29, 29, 23, 20, 25]"
730,29,2332800,B_,0.003,0.75,180,0.9,14,11,32,0.035,"[0, 0, 0, 0, 0, 0, 0, 0, 0, 0, 0, 0, 0, 0, 0, 0, 0, 0, 0, 0, 0, 0, 0, 0, 0, 1, 1, 2, 2, 5]"
714,28,2332800,B_,0.003,0.75,180,0.9,14,11,32,0.08,"[0, 0, 0, 1, 9, 2, 2, 4, 5, 12, 15, 18, 4, 4, 11, 16, 12, 15, 10, 20, 20, 20, 17, 24, 8, 10, 16, 18, 21, 26]"
721,28,2332800,B_,0.003,0.75,180,0.9,14,11,32,0.115,"[29, 29, 34, 34, 25, 19, 13, 26, 28, 25, 36, 37, 19, 31, 26, 29, 28, 29, 22, 15, 23, 28, 25, 27, 16, 35, 29, 31, 22, 31]"
715,28,2332800,B_,0.003,0.75,180,0.9,14,11,32,0.085,"[0, 0, 0, 0, 0, 0, 4, 19, 22, 15, 23, 21, 6, 5, 11, 11, 5, 31, 3, 19, 22, 18, 18, 29, 12, 21, 17, 19, 23, 18]"
722,28,2332800,B_,0.003,0.75,180,0.9,14,11,32,0.12,"[0, 0, 6, 12, 35, 27, 14, 36, 24, 24, 25, 24, 28, 34, 28, 33, 22, 26, 19, 24, 31, 29, 22, 27, 24, 17, 27, 28, 29, 18]"
723,28,2332800,B_,0.003,0.75,180,0.9,14,11,32,0.125,"[0, 25, 40, 32, 26, 27, 25, 34, 33, 27, 23, 33, 23, 30, 27, 28, 26, 24, 21, 26, 27, 26, 27, 31, 20, 28, 38, 30, 23, 30]"
724,28,2332800,B_,0.003,0.75,180,0.9,14,11,32,0.13,"[1, 4, 11, 35, 33, 24, 33, 21, 21, 29, 35, 21, 19, 36, 22, 24, 26, 26, 30, 29, 32, 29, 29, 24, 19, 29, 28, 31, 25, 30]"
728,29,2332800,B_,0.003,0.75,180,0.9,14,11,32,0.025,"[0, 0, 0, 0, 0, 0, 0, 0, 0, 0, 0, 0, 0, 0, 0, 0, 0, 0, 0, 0, 0, 1, 0, 0, 0, 0, 0, 0, 0, 0]"
731,29,2332800,B_,0.003,0.75,180,0.9,14,11,32,0.04,"[0, 0, 1, 0, 0, 0, 0, 0, 0, 0, 0, 0, 0, 0, 0, 0, 1, 0, 0, 1, 0, 0, 0, 0, 0, 0, 0, 0, 0, 0]"
733,29,2332800,B_,0.003,0.75,180,0.9,14,11,32,0.05,"[0, 0, 0, 0, 0, 0, 0, 1, 2, 5, 4, 3, 3, 1, 2, 3, 2, 5, 3, 0, 2, 4, 1, 6, 0, 0, 0, 3, 0, 1]"
732,29,2332800,B_,0.003,0.75,180,0.9,14,11,32,0.045,"[0, 0, 0, 0, 0, 0, 1, 3, 1, 3, 3, 4, 0, 0, 0, 0, 0, 1, 0, 0, 0, 2, 1, 2, 0, 0, 1, 3, 3, 4]"
734,29,2332800,B_,0.003,0.75,180,0.9,14,11,32,0.055,"[0, 0, 0, 0, 0, 0, 0, 1, 2, 3, 4, 3, 2, 3, 6, 9, 11, 6, 3, 4, 4, 4, 5, 10, 0, 0, 0, 0, 1, 0]"
736,29,2332800,B_,0.003,0.75,180,0.9,14,11,32,0.065,"[0, 0, 0, 0, 0, 1, 0, 1, 5, 7, 11, 9, 2, 1, 9, 5, 6, 4, 1, 0, 4, 14, 12, 16, 4, 8, 9, 9, 12, 16]"
735,29,2332800,B_,0.003,0.75,180,0.9,14,11,32,0.06,"[0, 0, 2, 1, 2, 5, 0, 0, 1, 1, 1, 3, 0, 1, 0, 0, 0, 0, 0, 0, 0, 0, 1, 0, 0, 0, 0, 0, 1, 0]"
738,29,2332800,B_,0.003,0.75,180,0.9,14,11,32,0.075,"[0, 0, 0, 0, 0, 0, 0, 0, 0, 2, 4, 3, 0, 0, 0, 0, 0, 6, 0, 3, 1, 11, 15, 25, 2, 1, 5, 18, 21, 19]"
737,29,2332800,B_,0.003,0.75,180,0.9,14,11,32,0.07,"[0, 0, 0, 0, 0, 2, 2, 3, 5, 6, 7, 8, 1, 6, 9, 14, 12, 13, 9, 17, 27, 13, 13, 20, 5, 11, 7, 10, 10, 11]"
739,29,2332800,B_,0.003,0.75,180,0.9,14,11,32,0.08,"[0, 0, 2, 5, 15, 12, 6, 11, 11, 25, 23, 12, 8, 15, 17, 14, 17, 28, 0, 5, 19, 16, 15, 23, 6, 11, 15, 14, 18, 19]"
740,29,2332800,B_,0.003,0.75,180,0.9,14,11,32,0.085,"[0, 1, 3, 3, 5, 6, 2, 5, 11, 14, 26, 23, 25, 26, 18, 25, 20, 26, 8, 8, 8, 10, 14, 24, 1, 3, 5, 6, 12, 18]"
741,29,2332800,B_,0.003,0.75,180,0.9,14,11,32,0.09,"[0, 0, 0, 0, 0, 0, 0, 4, 10, 19, 24, 30, 8, 24, 23, 17, 27, 28, 8, 7, 8, 29, 27, 29, 6, 18, 20, 28, 16, 22]"
750,30,2332800,B_,0.003,0.75,180,0.9,14,11,32,0.01,"[0, 0, 0, 0, 0, 0, 0, 0, 0, 0, 0, 0, 0, 0, 0, 0, 0, 0, 0, 0, 0, 0, 0, 0, 0, 0, 0, 0, 0, 0]"
752,30,2332800,B_,0.003,0.75,180,0.9,14,11,32,0.02,"[0, 0, 0, 0, 0, 0, 0, 0, 0, 0, 0, 0, 0, 0, 0, 0, 0, 0, 0, 0, 0, 0, 0, 0, 0, 0, 0, 0, 0, 0]"
751,30,2332800,B_,0.003,0.75,180,0.9,14,11,32,0.015,"[0, 0, 0, 0, 0, 0, 0, 0, 0, 0, 0, 0, 0, 0, 0, 0, 0, 0, 0, 0, 0, 0, 0, 0, 0, 0, 0, 0, 0, 0]"
753,30,2332800,B_,0.003,0.75,180,0.9,14,11,32,0.025,"[0, 0, 0, 0, 0, 0, 0, 0, 0, 0, 0, 0, 0, 0, 0, 0, 0, 0, 0, 0, 0, 0, 0, 0, 0, 0, 0, 0, 0, 0]"
744,29,2332800,B_,0.003,0.75,180,0.9,14,11,32,0.105,"[0, 0, 0, 0, 0, 0, 0, 2, 17, 22, 29, 29, 7, 14, 26, 29, 26, 22, 12, 22, 27, 24, 20, 26, 12, 23, 29, 22, 22, 31]"
754,30,2332800,B_,0.003,0.75,180,0.9,14,11,32,0.03,"[0, 0, 0, 0, 0, 0, 1, 0, 1, 3, 4, 1, 0, 0, 0, 0, 1, 0, 0, 0, 0, 0, 0, 0, 0, 0, 0, 0, 0, 0]"
756,30,2332800,B_,0.003,0.75,180,0.9,14,11,32,0.04,"[0, 0, 0, 0, 0, 0, 0, 0, 3, 1, 1, 2, 0, 0, 0, 0, 0, 0, 0, 0, 1, 0, 0, 3, 0, 0, 0, 0, 0, 0]"
755,30,2332800,B_,0.003,0.75,180,0.9,14,11,32,0.035,"[0, 0, 0, 0, 0, 0, 0, 0, 0, 0, 0, 0, 0, 0, 0, 0, 0, 0, 0, 0, 0, 1, 0, 0, 1, 3, 0, 1, 3, 2]"
743,29,2332800,B_,0.003,0.75,180,0.9,14,11,32,0.1,"[0, 0, 1, 6, 5, 24, 11, 23, 22, 22, 30, 29, 21, 19, 32, 19, 22, 30, 20, 18, 25, 22, 24, 33, 13, 22, 29, 22, 19, 28]"
758,30,2332800,B_,0.003,0.75,180,0.9,14,11,32,0.05,"[0, 0, 0, 3, 1, 1, 2, 4, 2, 2, 3, 2, 0, 0, 0, 0, 0, 0, 0, 1, 0, 1, 2, 1, 0, 0, 2, 0, 2, 4]"
742,29,2332800,B_,0.003,0.75,180,0.9,14,11,32,0.095,"[6, 13, 16, 23, 27, 30, 9, 17, 25, 30, 27, 30, 13, 28, 29, 34, 16, 20, 20, 13, 28, 20, 20, 30, 21, 20, 25, 28, 14, 25]"
757,30,2332800,B_,0.003,0.75,180,0.9,14,11,32,0.045,"[0, 0, 0, 0, 0, 0, 2, 2, 3, 3, 6, 4, 1, 1, 1, 3, 3, 8, 2, 2, 3, 3, 3, 0, 0, 0, 0, 0, 0, 0]"
760,30,2332800,B_,0.003,0.75,180,0.9,14,11,32,0.06,"[0, 0, 0, 0, 0, 0, 0, 0, 1, 2, 7, 2, 0, 0, 0, 0, 0, 0, 0, 0, 0, 0, 0, 2, 0, 0, 0, 0, 0, 0]"
745,29,2332800,B_,0.003,0.75,180,0.9,14,11,32,0.11,"[0, 0, 12, 20, 31, 27, 15, 30, 32, 24, 39, 34, 10, 31, 24, 31, 26, 26, 12, 20, 38, 28, 24, 25, 28, 27, 30, 30, 21, 28]"
759,30,2332800,B_,0.003,0.75,180,0.9,14,11,32,0.055,"[0, 0, 0, 0, 0, 0, 0, 0, 0, 0, 0, 0, 1, 1, 1, 1, 0, 4, 1, 0, 0, 0, 1, 1, 3, 1, 3, 3, 3, 7]"
746,29,2332800,B_,0.003,0.75,180,0.9,14,11,32,0.115,"[0, 0, 5, 30, 25, 27, 18, 24, 29, 26, 31, 17, 17, 28, 29, 31, 14, 25, 31, 33, 25, 21, 29, 26, 25, 34, 32, 25, 24, 28]"
761,30,2332800,B_,0.003,0.75,180,0.9,14,11,32,0.065,"[0, 0, 0, 0, 0, 0, 0, 1, 0, 1, 3, 4, 1, 6, 2, 5, 11, 9, 3, 6, 13, 7, 14, 10, 0, 4, 1, 5, 7, 8]"
762,30,2332800,B_,0.003,0.75,180,0.9,14,11,32,0.07,"[0, 0, 0, 0, 0, 1, 0, 2, 0, 1, 2, 8, 2, 1, 1, 9, 12, 6, 1, 1, 4, 3, 5, 1, 4, 5, 5, 9, 7, 10]"
747,29,2332800,B_,0.003,0.75,180,0.9,14,11,32,0.12,"[6, 34, 29, 29, 30, 27, 14, 28, 26, 26, 26, 27, 16, 29, 24, 29, 27, 37, 24, 21, 25, 29, 26, 24, 26, 29, 32, 35, 30, 32]"
748,29,2332800,B_,0.003,0.75,180,0.9,14,11,32,0.125,"[1, 15, 25, 35, 39, 30, 16, 34, 30, 22, 34, 26, 22, 33, 41, 33, 26, 35, 18, 26, 28, 33, 22, 33, 22, 33, 21, 35, 29, 38]"
749,29,2332800,B_,0.003,0.75,180,0.9,14,11,32,0.13,"[5, 32, 25, 37, 38, 28, 18, 39, 22, 34, 32, 29, 24, 30, 26, 28, 24, 33, 17, 24, 31, 23, 22, 30, 24, 20, 34, 27, 29, 24]"
765,30,2332800,B_,0.003,0.75,180,0.9,14,11,32,0.085,"[0, 1, 3, 5, 4, 17, 2, 3, 12, 14, 26, 16, 6, 14, 19, 23, 18, 26, 1, 10, 18, 17, 15, 19, 5, 14, 25, 22, 20, 26]"
764,30,2332800,B_,0.003,0.75,180,0.9,14,11,32,0.08,"[0, 2, 5, 17, 12, 21, 8, 23, 23, 24, 25, 17, 15, 22, 26, 28, 20, 19, 8, 10, 25, 22, 16, 20, 10, 24, 20, 20, 29, 16]"
775,31,2332800,B_,0.003,0.75,180,0.9,14,11,32,0.01,"[0, 0, 0, 0, 0, 0, 0, 0, 0, 0, 0, 0, 0, 0, 0, 0, 0, 0, 0, 0, 0, 0, 0, 0, 0, 0, 0, 0, 0, 0]"
766,30,2332800,B_,0.003,0.75,180,0.9,14,11,32,0.09,"[0, 0, 0, 1, 9, 12, 1, 20, 17, 14, 22, 26, 10, 12, 23, 20, 25, 25, 15, 25, 23, 27, 15, 13, 9, 12, 26, 17, 32, 28]"
777,31,2332800,B_,0.003,0.75,180,0.9,14,11,32,0.02,"[0, 0, 0, 0, 0, 0, 0, 0, 0, 0, 0, 0, 0, 0, 0, 0, 0, 0, 0, 0, 0, 0, 0, 0, 0, 0, 0, 0, 0, 0]"
767,30,2332800,B_,0.003,0.75,180,0.9,14,11,32,0.095,"[0, 2, 11, 21, 20, 29, 9, 29, 28, 20, 32, 34, 11, 25, 22, 26, 23, 30, 7, 24, 29, 33, 16, 27, 19, 28, 18, 38, 18, 28]"
778,31,2332800,B_,0.003,0.75,180,0.9,14,11,32,0.025,"[0, 0, 0, 0, 0, 1, 0, 0, 0, 0, 1, 0, 0, 0, 0, 0, 0, 0, 0, 0, 0, 0, 0, 0, 0, 0, 0, 0, 0, 0]"
768,30,2332800,B_,0.003,0.75,180,0.9,14,11,32,0.1,"[0, 0, 9, 28, 20, 24, 3, 27, 18, 23, 25, 26, 18, 30, 28, 24, 26, 36, 16, 20, 25, 18, 30, 32, 20, 28, 29, 30, 23, 33]"
779,31,2332800,B_,0.003,0.75,180,0.9,14,11,32,0.03,"[0, 0, 0, 0, 0, 1, 0, 0, 0, 0, 0, 0, 0, 0, 0, 0, 0, 0, 0, 0, 0, 0, 0, 0, 0, 0, 0, 0, 0, 0]"
770,30,2332800,B_,0.003,0.75,180,0.9,14,11,32,0.11,"[4, 6, 7, 6, 2, 13, 22, 22, 32, 23, 27, 33, 16, 25, 28, 28, 29, 33, 17, 26, 27, 23, 23, 28, 25, 21, 27, 31, 27, 28]"
771,30,2332800,B_,0.003,0.75,180,0.9,14,11,32,0.115,"[0, 1, 3, 14, 22, 27, 20, 22, 30, 22, 34, 38, 20, 42, 16, 31, 23, 33, 23, 36, 32, 35, 20, 33, 21, 33, 30, 46, 25, 25]"
763,30,2332800,B_,0.003,0.75,180,0.9,14,11,32,0.075,"[0, 0, 0, 0, 1, 1, 0, 2, 2, 4, 1, 8, 3, 4, 8, 5, 20, 17, 8, 20, 10, 16, 20, 23, 8, 8, 17, 19, 17, 29]"
773,30,2332800,B_,0.003,0.75,180,0.9,14,11,32,0.125,"[0, 0, 3, 17, 35, 26, 27, 39, 31, 24, 34, 32, 17, 33, 34, 35, 27, 33, 29, 20, 41, 41, 38, 37, 17, 31, 34, 31, 29, 24]"
769,30,2332800,B_,0.003,0.75,180,0.9,14,11,32,0.105,"[0, 0, 15, 26, 30, 20, 16, 24, 22, 19, 27, 27, 19, 25, 21, 30, 32, 36, 20, 18, 27, 31, 18, 32, 9, 31, 24, 34, 29, 26]"
772,30,2332800,B_,0.003,0.75,180,0.9,14,11,32,0.12,"[12, 35, 28, 24, 31, 30, 23, 29, 31, 31, 33, 27, 22, 29, 24, 35, 23, 31, 27, 37, 29, 35, 27, 27, 29, 33, 30, 34, 24, 24]"
781,31,2332800,B_,0.003,0.75,180,0.9,14,11,32,0.04,"[0, 0, 0, 0, 0, 0, 0, 0, 0, 0, 0, 0, 0, 0, 0, 0, 0, 0, 0, 0, 0, 0, 0, 0, 0, 0, 0, 0, 0, 0]"
774,30,2332800,B_,0.003,0.75,180,0.9,14,11,32,0.13,"[0, 4, 3, 15, 35, 27, 21, 31, 29, 18, 39, 31, 22, 34, 29, 20, 26, 37, 16, 31, 33, 31, 21, 32, 23, 35, 39, 30, 31, 30]"
776,31,2332800,B_,0.003,0.75,180,0.9,14,11,32,0.015,"[0, 0, 0, 0, 0, 0, 0, 0, 0, 0, 0, 0, 0, 0, 0, 0, 0, 0, 0, 0, 0, 0, 0, 0, 0, 0, 0, 0, 0, 0]"
780,31,2332800,B_,0.003,0.75,180,0.9,14,11,32,0.035,"[0, 0, 0, 0, 0, 0, 0, 0, 0, 0, 2, 0, 0, 2, 0, 2, 4, 2, 1, 0, 0, 0, 1, 0, 0, 0, 0, 0, 2, 0]"
782,31,2332800,B_,0.003,0.75,180,0.9,14,11,32,0.045,"[0, 0, 0, 0, 0, 0, 0, 0, 0, 0, 0, 0, 0, 0, 0, 0, 0, 0, 0, 4, 2, 3, 1, 2, 1, 1, 0, 1, 1, 0]"
783,31,2332800,B_,0.003,0.75,180,0.9,14,11,32,0.05,"[0, 0, 0, 0, 0, 2, 0, 2, 1, 3, 3, 4, 0, 0, 0, 0, 0, 0, 3, 0, 3, 2, 3, 2, 1, 0, 0, 0, 0, 0]"
784,31,2332800,B_,0.003,0.75,180,0.9,14,11,32,0.055,"[0, 0, 1, 0, 0, 0, 0, 0, 0, 0, 0, 0, 0, 0, 0, 1, 3, 4, 3, 4, 8, 7, 5, 9, 0, 2, 5, 6, 10, 6]"
785,31,2332800,B_,0.003,0.75,180,0.9,14,11,32,0.06,"[0, 0, 0, 0, 0, 0, 0, 0, 0, 0, 0, 1, 0, 2, 0, 0, 0, 0, 0, 0, 0, 0, 0, 0, 1, 0, 0, 0, 0, 0]"
788,31,2332800,B_,0.003,0.75,180,0.9,14,11,32,0.075,"[0, 0, 1, 0, 0, 2, 2, 2, 5, 12, 22, 11, 4, 6, 10, 14, 17, 15, 5, 4, 10, 16, 10, 14, 14, 7, 15, 17, 11, 26]"
786,31,2332800,B_,0.003,0.75,180,0.9,14,11,32,0.065,"[0, 0, 0, 0, 0, 0, 2, 6, 4, 6, 13, 20, 1, 1, 3, 8, 3, 14, 0, 3, 8, 3, 8, 3, 2, 0, 0, 3, 1, 7]"
787,31,2332800,B_,0.003,0.75,180,0.9,14,11,32,0.07,"[0, 0, 0, 0, 0, 0, 0, 0, 0, 0, 0, 1, 1, 0, 0, 0, 0, 0, 0, 0, 1, 0, 2, 7, 2, 2, 7, 10, 9, 7]"
789,31,2332800,B_,0.003,0.75,180,0.9,14,11,32,0.08,"[0, 0, 5, 6, 15, 8, 2, 4, 6, 14, 20, 16, 8, 17, 20, 23, 21, 23, 1, 3, 7, 4, 19, 21, 4, 8, 14, 16, 15, 19]"
790,31,2332800,B_,0.003,0.75,180,0.9,14,11,32,0.085,"[1, 6, 9, 19, 23, 27, 0, 3, 5, 7, 12, 16, 5, 8, 21, 21, 24, 17, 19, 18, 24, 32, 15, 28, 7, 11, 14, 14, 24, 17]"
791,31,2332800,B_,0.003,0.75,180,0.9,14,11,32,0.09,"[0, 6, 8, 7, 10, 23, 14, 16, 21, 22, 25, 26, 10, 31, 31, 18, 13, 26, 14, 20, 25, 27, 14, 28, 9, 24, 17, 24, 27, 28]"
801,32,2332800,B_,0.003,0.75,180,0.9,14,11,32,0.015,"[0, 0, 0, 0, 0, 0, 0, 0, 0, 0, 0, 0, 0, 0, 0, 0, 0, 0, 0, 0, 0, 0, 0, 0, 0, 0, 0, 0, 0, 0]"
800,32,2332800,B_,0.003,0.75,180,0.9,14,11,32,0.01,"[0, 0, 0, 0, 0, 0, 0, 0, 0, 0, 0, 0, 0, 0, 0, 0, 0, 0, 0, 0, 0, 0, 0, 0, 0, 0, 0, 0, 0, 0]"
802,32,2332800,B_,0.003,0.75,180,0.9,14,11,32,0.02,"[0, 0, 0, 0, 0, 0, 0, 0, 0, 0, 0, 0, 0, 0, 0, 0, 0, 0, 0, 0, 0, 0, 0, 0, 0, 0, 0, 0, 0, 0]"
792,31,2332800,B_,0.003,0.75,180,0.9,14,11,32,0.095,"[0, 0, 0, 1, 3, 2, 0, 1, 0, 0, 0, 0, 0, 0, 0, 0, 4, 6, 12, 21, 24, 21, 20, 29, 14, 22, 28, 31, 36, 19]"
803,32,2332800,B_,0.003,0.75,180,0.9,14,11,32,0.025,"[0, 0, 0, 0, 0, 0, 0, 0, 0, 0, 0, 0, 0, 0, 0, 0, 0, 0, 0, 0, 0, 0, 0, 0, 0, 0, 0, 0, 0, 0]"
804,32,2332800,B_,0.003,0.75,180,0.9,14,11,32,0.03,"[0, 0, 0, 0, 0, 0, 0, 1, 1, 0, 0, 1, 2, 2, 1, 2, 1, 1, 0, 0, 0, 0, 0, 0, 0, 0, 0, 0, 0, 0]"
805,32,2332800,B_,0.003,0.75,180,0.9,14,11,32,0.035,"[0, 0, 0, 0, 0, 0, 0, 0, 0, 0, 0, 0, 0, 0, 0, 0, 0, 0, 0, 0, 0, 0, 3, 1, 0, 0, 0, 0, 0, 0]"
813,32,2332800,B_,0.003,0.75,180,0.9,14,11,32,0.075,"[0, 0, 0, 0, 0, 0, 0, 3, 4, 7, 11, 11, 3, 4, 3, 1, 6, 22, 6, 10, 14, 13, 26, 20, 1, 0, 0, 3, 5, 9]"
806,32,2332800,B_,0.003,0.75,180,0.9,14,11,32,0.04,"[0, 0, 0, 0, 0, 0, 1, 0, 1, 1, 4, 2, 0, 0, 0, 0, 0, 0, 0, 0, 0, 0, 0, 0, 1, 1, 0, 2, 1, 2]"
793,31,2332800,B_,0.003,0.75,180,0.9,14,11,32,0.1,"[3, 1, 5, 14, 17, 23, 24, 23, 34, 16, 26, 31, 13, 24, 21, 23, 31, 21, 13, 24, 24, 20, 22, 26, 0, 0, 0, 0, 9, 13]"
807,32,2332800,B_,0.003,0.75,180,0.9,14,11,32,0.045,"[0, 0, 0, 0, 2, 0, 0, 0, 0, 0, 0, 0, 0, 0, 0, 1, 1, 3, 0, 0, 0, 0, 0, 0, 0, 0, 0, 0, 0, 0]"
815,32,2332800,B_,0.003,0.75,180,0.9,14,11,32,0.085,"[3, 5, 6, 13, 18, 13, 2, 8, 20, 25, 21, 23, 3, 6, 10, 17, 13, 26, 5, 9, 4, 7, 15, 24, 7, 20, 16, 23, 27, 24]"
808,32,2332800,B_,0.003,0.75,180,0.9,14,11,32,0.05,"[0, 0, 0, 1, 0, 0, 0, 0, 0, 2, 2, 3, 1, 0, 0, 1, 4, 3, 0, 1, 0, 0, 0, 0, 0, 1, 1, 2, 1, 7]"
814,32,2332800,B_,0.003,0.75,180,0.9,14,11,32,0.08,"[0, 0, 0, 0, 0, 1, 2, 10, 18, 23, 22, 20, 15, 23, 26, 21, 19, 30, 10, 14, 21, 21, 24, 23, 6, 11, 20, 19, 24, 25]"
794,31,2332800,B_,0.003,0.75,180,0.9,14,11,32,0.105,"[0, 0, 2, 19, 31, 32, 24, 24, 28, 28, 33, 26, 15, 28, 24, 18, 27, 35, 17, 25, 27, 30, 27, 35, 9, 23, 29, 31, 27, 33]"
809,32,2332800,B_,0.003,0.75,180,0.9,14,11,32,0.055,"[0, 0, 0, 0, 0, 0, 0, 0, 4, 2, 1, 7, 0, 0, 0, 0, 0, 0, 0, 0, 0, 4, 1, 4, 2, 7, 6, 7, 3, 8]"
826,33,2332800,B_,0.003,0.75,180,0.9,14,11,32,0.015,"[0, 0, 0, 0, 0, 0, 0, 0, 0, 0, 0, 0, 0, 0, 0, 0, 0, 0, 0, 0, 0, 0, 0, 0, 0, 0, 0, 0, 0, 0]"
825,33,2332800,B_,0.003,0.75,180,0.9,14,11,32,0.01,"[0, 0, 0, 0, 0, 0, 0, 0, 0, 0, 0, 0, 0, 0, 0, 0, 0, 0, 0, 0, 0, 0, 0, 0, 0, 0, 0, 0, 0, 0]"
816,32,2332800,B_,0.003,0.75,180,0.9,14,11,32,0.09,"[0, 1, 3, 5, 21, 18, 5, 14, 15, 23, 26, 23, 9, 16, 17, 22, 20, 29, 15, 20, 32, 20, 16, 31, 17, 22, 22, 25, 23, 25]"
795,31,2332800,B_,0.003,0.75,180,0.9,14,11,32,0.11,"[5, 3, 7, 31, 28, 19, 28, 26, 29, 23, 33, 27, 8, 22, 29, 32, 33, 22, 13, 23, 22, 31, 24, 30, 18, 26, 32, 28, 18, 29]"
810,32,2332800,B_,0.003,0.75,180,0.9,14,11,32,0.06,"[0, 0, 0, 0, 0, 1, 0, 0, 3, 2, 2, 6, 2, 5, 8, 4, 10, 5, 0, 5, 3, 4, 7, 9, 2, 3, 3, 5, 5, 5]"
827,33,2332800,B_,0.003,0.75,180,0.9,14,11,32,0.02,"[0, 0, 0, 0, 0, 0, 0, 0, 0, 0, 0, 0, 0, 0, 0, 0, 0, 0, 0, 0, 0, 0, 0, 0, 0, 0, 0, 0, 0, 0]"
811,32,2332800,B_,0.003,0.75,180,0.9,14,11,32,0.065,"[0, 0, 0, 0, 0, 0, 0, 0, 0, 1, 1, 10, 5, 6, 12, 11, 12, 18, 3, 5, 8, 14, 19, 22, 3, 11, 10, 10, 19, 16]"
812,32,2332800,B_,0.003,0.75,180,0.9,14,11,32,0.07,"[0, 0, 0, 0, 0, 0, 0, 1, 0, 0, 0, 0, 0, 0, 0, 2, 5, 9, 1, 5, 10, 11, 12, 14, 6, 5, 11, 11, 14, 15]"
797,31,2332800,B_,0.003,0.75,180,0.9,14,11,32,0.12,"[14, 21, 25, 34, 29, 33, 22, 32, 26, 30, 28, 26, 17, 28, 31, 25, 23, 29, 26, 31, 32, 23, 17, 23, 23, 34, 36, 30, 22, 29]"
817,32,2332800,B_,0.003,0.75,180,0.9,14,11,32,0.095,"[0, 0, 5, 9, 21, 19, 11, 22, 26, 21, 29, 25, 13, 25, 31, 26, 23, 28, 10, 30, 26, 29, 25, 21, 15, 23, 24, 24, 26, 24]"
798,31,2332800,B_,0.003,0.75,180,0.9,14,11,32,0.125,"[0, 0, 9, 11, 38, 28, 25, 22, 33, 33, 22, 23, 19, 28, 27, 28, 32, 27, 13, 25, 38, 34, 24, 34, 25, 25, 25, 39, 28, 27]"
796,31,2332800,B_,0.003,0.75,180,0.9,14,11,32,0.115,"[0, 0, 12, 40, 24, 28, 25, 22, 24, 27, 27, 30, 25, 34, 31, 26, 26, 25, 19, 35, 32, 17, 18, 34, 6, 21, 29, 28, 28, 25]"
799,31,2332800,B_,0.003,0.75,180,0.9,14,11,32,0.13,"[0, 1, 2, 17, 30, 23, 20, 29, 31, 27, 32, 23, 21, 33, 28, 35, 28, 25, 22, 29, 33, 24, 28, 27, 27, 28, 33, 28, 35, 39]"
818,32,2332800,B_,0.003,0.75,180,0.9,14,11,32,0.1,"[0, 0, 0, 8, 16, 24, 27, 26, 21, 24, 25, 26, 21, 23, 36, 31, 30, 30, 9, 17, 27, 28, 23, 22, 27, 21, 30, 29, 22, 29]"
819,32,2332800,B_,0.003,0.75,180,0.9,14,11,32,0.105,"[0, 0, 4, 18, 29, 30, 5, 19, 27, 23, 28, 19, 24, 32, 38, 22, 30, 30, 14, 16, 27, 23, 18, 23, 21, 34, 37, 26, 25, 27]"
828,33,2332800,B_,0.003,0.75,180,0.9,14,11,32,0.025,"[0, 0, 0, 0, 0, 0, 0, 1, 0, 0, 0, 0, 0, 0, 0, 0, 2, 0, 0, 0, 0, 0, 0, 0, 0, 0, 0, 0, 0, 0]"
829,33,2332800,B_,0.003,0.75,180,0.9,14,11,32,0.03,"[0, 0, 0, 0, 0, 0, 0, 0, 0, 0, 0, 0, 0, 0, 0, 0, 0, 0, 0, 0, 0, 0, 0, 0, 0, 0, 0, 0, 0, 0]"
820,32,2332800,B_,0.003,0.75,180,0.9,14,11,32,0.11,"[1, 7, 27, 15, 26, 34, 17, 22, 31, 22, 28, 20, 30, 41, 24, 27, 31, 19, 11, 25, 25, 29, 24, 24, 20, 23, 33, 28, 14, 30]"
821,32,2332800,B_,0.003,0.75,180,0.9,14,11,32,0.115,"[0, 9, 17, 30, 24, 20, 23, 25, 23, 24, 32, 21, 21, 27, 38, 26, 26, 32, 21, 25, 29, 28, 23, 29, 21, 30, 38, 30, 35, 29]"
822,32,2332800,B_,0.003,0.75,180,0.9,14,11,32,0.12,"[0, 1, 29, 28, 21, 23, 29, 27, 34, 24, 28, 24, 10, 27, 30, 29, 24, 24, 11, 35, 33, 23, 29, 30, 19, 29, 22, 33, 23, 29]"
823,32,2332800,B_,0.003,0.75,180,0.9,14,11,32,0.125,"[2, 24, 30, 37, 29, 23, 28, 29, 33, 24, 29, 32, 14, 39, 34, 23, 26, 25, 28, 23, 26, 24, 29, 28, 22, 39, 31, 30, 21, 25]"
830,33,2332800,B_,0.003,0.75,180,0.9,14,11,32,0.035,"[0, 0, 0, 0, 0, 0, 0, 0, 0, 0, 0, 0, 0, 0, 0, 0, 2, 2, 0, 0, 1, 2, 0, 1, 2, 0, 1, 1, 0, 1]"
824,32,2332800,B_,0.003,0.75,180,0.9,14,11,32,0.13,"[0, 0, 7, 32, 35, 36, 32, 27, 35, 27, 34, 33, 17, 31, 35, 24, 33, 31, 25, 26, 38, 32, 27, 29, 10, 25, 35, 32, 37, 26]"
831,33,2332800,B_,0.003,0.75,180,0.9,14,11,32,0.04,"[0, 0, 0, 0, 0, 0, 0, 0, 0, 0, 0, 0, 0, 0, 0, 0, 0, 0, 0, 1, 0, 2, 1, 3, 0, 0, 0, 0, 0, 0]"
832,33,2332800,B_,0.003,0.75,180,0.9,14,11,32,0.045,"[0, 0, 1, 0, 1, 1, 3, 0, 1, 4, 6, 6, 0, 1, 1, 1, 0, 2, 0, 0, 0, 0, 0, 1, 0, 0, 0, 0, 0, 1]"
834,33,2332800,B_,0.003,0.75,180,0.9,14,11,32,0.055,"[0, 0, 0, 0, 0, 0, 0, 0, 1, 1, 1, 0, 0, 0, 2, 0, 1, 4, 1, 2, 1, 6, 7, 8, 0, 0, 0, 0, 0, 0]"
833,33,2332800,B_,0.003,0.75,180,0.9,14,11,32,0.05,"[0, 0, 0, 0, 0, 0, 1, 1, 4, 1, 2, 3, 0, 0, 0, 0, 2, 2, 0, 1, 0, 0, 0, 0, 0, 0, 0, 0, 1, 5]"
836,33,2332800,B_,0.003,0.75,180,0.9,14,11,32,0.065,"[0, 0, 1, 6, 4, 2, 2, 0, 8, 7, 7, 5, 0, 0, 0, 0, 0, 0, 0, 1, 7, 7, 3, 8, 8, 4, 14, 7, 10, 14]"
835,33,2332800,B_,0.003,0.75,180,0.9,14,11,32,0.06,"[0, 0, 0, 0, 0, 0, 0, 0, 0, 2, 5, 3, 3, 4, 4, 6, 7, 4, 4, 1, 6, 6, 4, 7, 1, 5, 8, 7, 6, 7]"
837,33,2332800,B_,0.003,0.75,180,0.9,14,11,32,0.07,"[0, 0, 0, 6, 6, 13, 3, 4, 3, 7, 10, 14, 3, 7, 11, 14, 13, 14, 1, 8, 5, 6, 7, 17, 9, 8, 12, 8, 12, 12]"
838,33,2332800,B_,0.003,0.75,180,0.9,14,11,32,0.075,"[0, 0, 5, 7, 7, 8, 0, 7, 11, 9, 17, 20, 2, 4, 3, 12, 18, 20, 7, 15, 16, 9, 17, 16, 2, 14, 18, 24, 17, 25]"
839,33,2332800,B_,0.003,0.75,180,0.9,14,11,32,0.08,"[1, 5, 3, 9, 10, 19, 3, 5, 22, 19, 26, 26, 10, 19, 27, 10, 19, 31, 1, 11, 8, 19, 20, 15, 8, 12, 16, 23, 23, 23]"
840,33,2332800,B_,0.003,0.75,180,0.9,14,11,32,0.085,"[0, 0, 4, 5, 9, 14, 9, 16, 16, 16, 33, 22, 5, 5, 7, 9, 19, 27, 6, 13, 10, 21, 14, 25, 14, 18, 14, 16, 14, 18]"
853,34,2332800,B_,0.003,0.75,180,0.9,14,11,32,0.025,"[0, 0, 0, 0, 0, 0, 0, 0, 0, 0, 0, 0, 0, 0, 0, 0, 0, 0, 0, 0, 0, 0, 0, 0, 0, 0, 0, 0, 0, 0]"
855,34,2332800,B_,0.003,0.75,180,0.9,14,11,32,0.035,"[0, 0, 0, 0, 0, 0, 0, 1, 0, 0, 0, 0, 0, 0, 0, 0, 0, 0, 0, 0, 0, 0, 0, 0, 1, 0, 0, 0, 0, 0]"
858,34,2332800,B_,0.003,0.75,180,0.9,14,11,32,0.05,"[0, 0, 0, 0, 0, 0, 0, 1, 1, 4, 4, 5, 3, 0, 2, 2, 2, 4, 1, 3, 7, 6, 3, 5, 1, 3, 6, 6, 6, 8]"
859,34,2332800,B_,0.003,0.75,180,0.9,14,11,32,0.055,"[1, 0, 1, 2, 1, 3, 0, 1, 1, 9, 8, 4, 0, 1, 1, 2, 3, 1, 1, 2, 3, 3, 2, 2, 3, 0, 3, 4, 8, 7]"
860,34,2332800,B_,0.003,0.75,180,0.9,14,11,32,0.06,"[0, 1, 1, 1, 1, 1, 3, 1, 5, 7, 7, 8, 4, 8, 13, 16, 6, 23, 2, 3, 6, 5, 2, 12, 9, 9, 10, 6, 6, 20]"
863,34,2332800,B_,0.003,0.75,180,0.9,14,11,32,0.075,"[0, 0, 0, 0, 0, 0, 0, 0, 0, 0, 0, 0, 0, 2, 1, 1, 4, 10, 3, 6, 10, 8, 8, 11, 5, 2, 6, 12, 11, 15]"
841,33,2332800,B_,0.003,0.75,180,0.9,14,11,32,0.09,"[0, 0, 3, 5, 7, 9, 1, 3, 18, 16, 33, 22, 3, 6, 18, 22, 26, 23, 19, 19, 25, 21, 16, 23, 14, 20, 25, 30, 15, 21]"
875,35,2332800,B_,0.003,0.75,180,0.9,14,11,32,0.01,"[0, 0, 0, 0, 0, 0, 0, 0, 0, 0, 0, 0, 0, 0, 0, 0, 0, 0, 0, 0, 0, 0, 0, 0, 0, 0, 0, 0, 0, 0]"
849,33,2332800,B_,0.003,0.75,180,0.9,14,11,32,0.13,"[4, 16, 34, 24, 27, 36, 24, 21, 33, 23, 29, 28, 27, 34, 34, 27, 31, 22, 28, 26, 36, 29, 29, 31, 19, 31, 39, 27, 29, 32]"
877,35,2332800,B_,0.003,0.75,180,0.9,14,11,32,0.02,"[0, 0, 1, 0, 0, 0, 0, 0, 0, 0, 0, 0, 0, 0, 0, 0, 0, 0, 0, 0, 0, 0, 0, 0, 0, 0, 0, 0, 0, 0]"
876,35,2332800,B_,0.003,0.75,180,0.9,14,11,32,0.015,"[0, 0, 0, 0, 0, 0, 0, 0, 0, 0, 0, 0, 0, 0, 0, 0, 0, 0, 0, 0, 0, 0, 0, 0, 0, 0, 0, 0, 0, 0]"
878,35,2332800,B_,0.003,0.75,180,0.9,14,11,32,0.025,"[0, 0, 0, 0, 0, 0, 0, 0, 0, 0, 0, 0, 0, 0, 0, 0, 0, 0, 0, 0, 0, 0, 0, 1, 1, 0, 0, 0, 2, 1]"
867,34,2332800,B_,0.003,0.75,180,0.9,14,11,32,0.095,"[0, 1, 8, 14, 27, 24, 11, 33, 29, 21, 23, 15, 4, 13, 23, 25, 25, 35, 10, 21, 19, 28, 16, 21, 22, 25, 27, 29, 20, 27]"
850,34,2332800,B_,0.003,0.75,180,0.9,14,11,32,0.01,"[0, 0, 0, 0, 0, 0, 0, 0, 0, 0, 0, 0, 0, 0, 0, 0, 0, 0, 0, 0, 0, 0, 0, 0, 0, 0, 0, 0, 0, 0]"
851,34,2332800,B_,0.003,0.75,180,0.9,14,11,32,0.015,"[0, 0, 0, 0, 0, 0, 0, 0, 0, 0, 0, 0, 0, 0, 0, 0, 0, 0, 0, 0, 0, 0, 0, 0, 0, 0, 0, 0, 0, 0]"
854,34,2332800,B_,0.003,0.75,180,0.9,14,11,32,0.03,"[0, 0, 0, 0, 0, 0, 0, 0, 0, 0, 0, 0, 0, 0, 0, 0, 0, 0, 0, 0, 0, 0, 0, 0, 0, 0, 0, 0, 0, 0]"
871,34,2332800,B_,0.003,0.75,180,0.9,14,11,32,0.115,"[0, 0, 1, 0, 0, 0, 5, 31, 27, 25, 30, 25, 17, 27, 24, 24, 22, 23, 22, 31, 33, 24, 22, 24, 15, 34, 24, 36, 22, 20]"
852,34,2332800,B_,0.003,0.75,180,0.9,14,11,32,0.02,"[0, 0, 0, 0, 0, 0, 0, 0, 0, 0, 0, 0, 0, 0, 0, 0, 0, 0, 0, 0, 0, 0, 0, 0, 0, 0, 0, 0, 0, 0]"
872,34,2332800,B_,0.003,0.75,180,0.9,14,11,32,0.12,"[0, 3, 12, 14, 33, 33, 33, 34, 29, 31, 32, 32, 14, 30, 33, 31, 33, 25, 14, 24, 21, 28, 28, 32, 17, 34, 31, 24, 27, 33]"
856,34,2332800,B_,0.003,0.75,180,0.9,14,11,32,0.04,"[0, 0, 0, 0, 0, 0, 0, 0, 1, 0, 0, 0, 0, 1, 1, 0, 2, 1, 0, 0, 0, 0, 0, 0, 0, 0, 0, 0, 0, 0]"
873,34,2332800,B_,0.003,0.75,180,0.9,14,11,32,0.125,"[0, 0, 0, 13, 29, 30, 28, 36, 32, 25, 24, 29, 15, 26, 29, 28, 26, 34, 30, 28, 29, 27, 27, 31, 22, 29, 31, 28, 37, 33]"
857,34,2332800,B_,0.003,0.75,180,0.9,14,11,32,0.045,"[0, 0, 2, 0, 2, 0, 0, 0, 0, 0, 0, 1, 0, 0, 0, 0, 1, 0, 0, 0, 0, 0, 1, 1, 0, 0, 0, 0, 0, 0]"
843,33,2332800,B_,0.003,0.75,180,0.9,14,11,32,0.1,"[0, 0, 2, 0, 0, 2, 4, 10, 23, 22, 33, 24, 8, 21, 28, 19, 24, 23, 13, 26, 28, 23, 24, 29, 11, 29, 28, 27, 25, 23]"
842,33,2332800,B_,0.003,0.75,180,0.9,14,11,32,0.095,"[0, 0, 7, 11, 11, 22, 7, 23, 26, 20, 28, 26, 16, 24, 19, 25, 20, 28, 4, 11, 15, 33, 19, 26, 10, 27, 34, 25, 20, 25]"
844,33,2332800,B_,0.003,0.75,180,0.9,14,11,32,0.105,"[0, 0, 1, 6, 23, 31, 11, 26, 26, 28, 26, 25, 13, 13, 32, 15, 29, 29, 22, 36, 25, 29, 18, 21, 27, 25, 35, 34, 29, 25]"
861,34,2332800,B_,0.003,0.75,180,0.9,14,11,32,0.065,"[0, 0, 0, 0, 0, 0, 1, 1, 1, 0, 10, 13, 5, 5, 4, 10, 15, 26, 9, 7, 9, 13, 12, 20, 2, 1, 6, 6, 8, 8]"
862,34,2332800,B_,0.003,0.75,180,0.9,14,11,32,0.07,"[0, 0, 0, 0, 0, 0, 0, 1, 2, 7, 4, 6, 4, 10, 8, 12, 15, 14, 0, 1, 0, 6, 4, 9, 1, 5, 3, 4, 8, 8]"
874,34,2332800,B_,0.003,0.75,180,0.9,14,11,32,0.13,"[0, 0, 0, 0, 0, 0, 13, 35, 29, 27, 20, 35, 19, 35, 32, 22, 26, 33, 32, 25, 27, 26, 34, 30, 24, 25, 32, 28, 24, 25]"
845,33,2332800,B_,0.003,0.75,180,0.9,14,11,32,0.11,"[0, 3, 5, 13, 12, 15, 7, 21, 25, 26, 36, 27, 25, 28, 29, 27, 23, 30, 13, 31, 38, 27, 26, 27, 8, 33, 29, 30, 21, 22]"
847,33,2332800,B_,0.003,0.75,180,0.9,14,11,32,0.12,"[0, 9, 22, 23, 29, 32, 15, 23, 34, 36, 37, 35, 15, 32, 33, 20, 30, 36, 6, 5, 6, 23, 23, 26, 17, 37, 16, 40, 22, 30]"
848,33,2332800,B_,0.003,0.75,180,0.9,14,11,32,0.125,"[0, 0, 0, 6, 13, 25, 19, 28, 28, 33, 22, 27, 28, 26, 42, 30, 25, 30, 19, 24, 29, 22, 29, 27, 32, 22, 21, 30, 28, 32]"
846,33,2332800,B_,0.003,0.75,180,0.9,14,11,32,0.115,"[5, 36, 30, 29, 30, 28, 27, 27, 30, 23, 21, 28, 2, 23, 31, 30, 27, 31, 9, 30, 32, 30, 33, 19, 27, 24, 28, 29, 26, 29]"
869,34,2332800,B_,0.003,0.75,180,0.9,14,11,32,0.105,"[3, 6, 11, 26, 32, 28, 24, 27, 35, 23, 36, 31, 20, 23, 33, 23, 25, 29, 27, 22, 27, 26, 17, 20, 18, 23, 29, 32, 24, 29]"
864,34,2332800,B_,0.003,0.75,180,0.9,14,11,32,0.08,"[0, 3, 6, 15, 14, 22, 9, 20, 18, 17, 24, 22, 1, 11, 19, 27, 21, 26, 5, 9, 20, 18, 21, 23, 6, 17, 17, 24, 20, 31]"
865,34,2332800,B_,0.003,0.75,180,0.9,14,11,32,0.085,"[0, 0, 2, 8, 9, 24, 17, 15, 25, 21, 22, 26, 15, 21, 21, 22, 25, 20, 14, 23, 23, 25, 16, 22, 1, 4, 8, 26, 22, 24]"
866,34,2332800,B_,0.003,0.75,180,0.9,14,11,32,0.09,"[0, 0, 0, 0, 0, 3, 0, 0, 8, 15, 20, 27, 17, 20, 31, 30, 23, 21, 19, 20, 26, 21, 22, 20, 19, 25, 30, 27, 22, 28]"
868,34,2332800,B_,0.003,0.75,180,0.9,14,11,32,0.1,"[1, 5, 5, 8, 23, 18, 8, 15, 25, 16, 26, 31, 17, 28, 29, 19, 24, 33, 13, 28, 34, 19, 20, 26, 20, 20, 27, 26, 17, 32]"
870,34,2332800,B_,0.003,0.75,180,0.9,14,11,32,0.11,"[0, 5, 24, 27, 26, 29, 16, 27, 26, 31, 35, 25, 10, 34, 34, 20, 27, 31, 12, 33, 27, 28, 23, 30, 24, 28, 24, 27, 19, 22]"
879,35,2332800,B_,0.003,0.75,180,0.9,14,11,32,0.03,"[0, 0, 0, 0, 0, 0, 0, 0, 0, 0, 0, 0, 0, 0, 0, 0, 0, 0, 0, 0, 1, 0, 0, 0, 0, 0, 0, 0, 0, 0]"
880,35,2332800,B_,0.003,0.75,180,0.9,14,11,32,0.035,"[0, 0, 0, 0, 0, 0, 0, 0, 0, 0, 0, 0, 0, 0, 0, 0, 0, 1, 0, 0, 0, 0, 1, 0, 0, 0, 0, 1, 0, 0]"
883,35,2332800,B_,0.003,0.75,180,0.9,14,11,32,0.05,"[0, 1, 2, 4, 3, 9, 1, 1, 2, 0, 2, 2, 1, 3, 4, 2, 2, 6, 0, 0, 0, 0, 0, 0, 0, 0, 0, 0, 1, 1]"
881,35,2332800,B_,0.003,0.75,180,0.9,14,11,32,0.04,"[1, 1, 0, 1, 0, 0, 0, 0, 0, 0, 0, 0, 0, 0, 0, 0, 0, 0, 0, 0, 0, 0, 0, 2, 0, 0, 0, 0, 0, 0]"
882,35,2332800,B_,0.003,0.75,180,0.9,14,11,32,0.045,"[0, 0, 0, 0, 0, 0, 0, 0, 0, 0, 2, 1, 0, 0, 0, 1, 0, 0, 0, 0, 1, 5, 2, 2, 0, 0, 0, 0, 3, 1]"
884,35,2332800,B_,0.003,0.75,180,0.9,14,11,32,0.055,"[0, 0, 0, 0, 3, 7, 0, 1, 0, 1, 2, 2, 1, 3, 4, 6, 4, 6, 1, 1, 2, 7, 2, 7, 3, 0, 3, 1, 3, 0]"
885,35,2332800,B_,0.003,0.75,180,0.9,14,11,32,0.06,"[0, 0, 0, 0, 0, 0, 0, 0, 1, 5, 2, 5, 3, 1, 3, 2, 3, 5, 0, 0, 0, 0, 2, 2, 2, 1, 2, 1, 4, 2]"
886,35,2332800,B_,0.003,0.75,180,0.9,14,11,32,0.065,"[0, 0, 3, 6, 4, 3, 1, 4, 1, 7, 6, 4, 4, 6, 9, 6, 6, 14, 7, 6, 9, 15, 7, 14, 1, 6, 5, 14, 13, 18]"
887,35,2332800,B_,0.003,0.75,180,0.9,14,11,32,0.07,"[0, 0, 2, 10, 8, 12, 6, 5, 18, 6, 15, 20, 0, 9, 9, 8, 19, 14, 1, 4, 7, 19, 11, 22, 3, 4, 11, 18, 17, 17]"
888,35,2332800,B_,0.003,0.75,180,0.9,14,11,32,0.075,"[0, 0, 2, 0, 4, 7, 0, 0, 0, 0, 0, 0, 3, 10, 9, 12, 15, 16, 9, 12, 20, 17, 21, 18, 5, 11, 23, 21, 18, 26]"
891,35,2332800,B_,0.003,0.75,180,0.9,14,11,32,0.09,"[2, 12, 18, 31, 22, 28, 9, 21, 21, 17, 27, 22, 5, 18, 20, 23, 25, 23, 8, 18, 19, 27, 22, 25, 8, 10, 16, 22, 21, 21]"
892,35,2332800,B_,0.003,0.75,180,0.9,14,11,32,0.095,"[0, 0, 5, 6, 13, 31, 17, 17, 19, 19, 22, 20, 11, 30, 27, 27, 25, 24, 15, 19, 29, 19, 19, 30, 15, 27, 26, 24, 15, 20]"
900,36,2332800,B_,0.003,0.75,180,0.9,14,11,32,0.01,"[0, 0, 0, 0, 0, 0, 0, 0, 0, 0, 0, 0, 0, 0, 0, 0, 0, 0, 0, 0, 0, 0, 0, 0, 0, 0, 0, 0, 0, 0]"
901,36,2332800,B_,0.003,0.75,180,0.9,14,11,32,0.015,"[0, 0, 0, 0, 0, 0, 0, 0, 0, 0, 0, 0, 0, 0, 0, 0, 0, 0, 0, 0, 0, 0, 0, 0, 0, 0, 0, 0, 0, 0]"
893,35,2332800,B_,0.003,0.75,180,0.9,14,11,32,0.1,"[0, 5, 2, 7, 23, 22, 13, 34, 30, 25, 32, 30, 17, 28, 34, 24, 26, 29, 11, 15, 26, 30, 27, 29, 8, 21, 24, 21, 20, 31]"
895,35,2332800,B_,0.003,0.75,180,0.9,14,11,32,0.11,"[0, 0, 0, 0, 0, 0, 4, 26, 31, 26, 29, 31, 13, 30, 25, 17, 29, 29, 33, 24, 28, 22, 22, 20, 4, 31, 31, 38, 19, 30]"
902,36,2332800,B_,0.003,0.75,180,0.9,14,11,32,0.02,"[0, 0, 0, 0, 0, 0, 0, 0, 0, 0, 0, 0, 0, 0, 0, 0, 0, 0, 0, 0, 0, 0, 0, 0, 0, 0, 0, 0, 0, 0]"
894,35,2332800,B_,0.003,0.75,180,0.9,14,11,32,0.105,"[2, 15, 21, 20, 26, 27, 9, 40, 20, 23, 26, 20, 20, 22, 28, 27, 21, 22, 17, 24, 28, 24, 29, 27, 21, 28, 34, 25, 27, 20]"
903,36,2332800,B_,0.003,0.75,180,0.9,14,11,32,0.025,"[0, 0, 0, 0, 0, 0, 0, 0, 0, 0, 0, 0, 0, 0, 0, 0, 0, 0, 0, 0, 0, 0, 0, 0, 0, 0, 0, 0, 0, 0]"
907,36,2332800,B_,0.003,0.75,180,0.9,14,11,32,0.045,"[0, 0, 0, 0, 1, 0, 0, 0, 0, 0, 0, 0, 0, 0, 0, 0, 0, 0, 0, 0, 0, 0, 0, 0, 0, 0, 0, 0, 0, 1]"
896,35,2332800,B_,0.003,0.75,180,0.9,14,11,32,0.115,"[3, 32, 25, 36, 27, 26, 15, 29, 22, 30, 26, 32, 32, 20, 29, 29, 27, 32, 27, 18, 28, 32, 19, 29, 22, 25, 21, 38, 18, 23]"
889,35,2332800,B_,0.003,0.75,180,0.9,14,11,32,0.08,"[4, 6, 12, 27, 18, 26, 5, 13, 11, 24, 19, 23, 4, 16, 22, 20, 23, 24, 5, 13, 23, 26, 22, 20, 3, 8, 15, 15, 14, 24]"
909,36,2332800,B_,0.003,0.75,180,0.9,14,11,32,0.055,"[0, 0, 0, 2, 3, 3, 0, 9, 1, 0, 1, 2, 1, 5, 2, 6, 7, 6, 2, 3, 6, 3, 8, 13, 4, 2, 5, 10, 7, 8]"
890,35,2332800,B_,0.003,0.75,180,0.9,14,11,32,0.085,"[0, 0, 3, 2, 9, 20, 11, 20, 27, 20, 24, 24, 14, 21, 16, 20, 22, 21, 8, 10, 25, 26, 23, 25, 13, 25, 19, 20, 21, 25]"
898,35,2332800,B_,0.003,0.75,180,0.9,14,11,32,0.125,"[6, 31, 31, 32, 33, 26, 23, 33, 28, 29, 32, 32, 24, 24, 26, 29, 28, 27, 17, 25, 31, 33, 25, 27, 21, 31, 31, 27, 26, 27]"
911,36,2332800,B_,0.003,0.75,180,0.9,14,11,32,0.065,"[0, 0, 0, 0, 0, 0, 0, 0, 0, 0, 1, 1, 1, 2, 8, 14, 11, 8, 4, 11, 9, 10, 17, 10, 2, 6, 4, 12, 11, 15]"
899,35,2332800,B_,0.003,0.75,180,0.9,14,11,32,0.13,"[5, 17, 36, 29, 29, 30, 14, 41, 24, 24, 33, 32, 25, 26, 34, 23, 34, 36, 23, 38, 21, 26, 27, 23, 27, 33, 19, 29, 35, 19]"
904,36,2332800,B_,0.003,0.75,180,0.9,14,11,32,0.03,"[0, 0, 0, 0, 0, 0, 0, 0, 0, 0, 1, 0, 1, 0, 0, 0, 0, 0, 0, 0, 0, 0, 1, 0, 0, 0, 0, 0, 0, 0]"
905,36,2332800,B_,0.003,0.75,180,0.9,14,11,32,0.035,"[0, 0, 0, 0, 0, 0, 0, 0, 0, 0, 0, 0, 0, 0, 0, 0, 1, 0, 0, 0, 0, 0, 0, 0, 0, 0, 0, 0, 0, 0]"
906,36,2332800,B_,0.003,0.75,180,0.9,14,11,32,0.04,"[0, 0, 0, 0, 0, 0, 0, 0, 0, 0, 0, 0, 0, 0, 0, 1, 1, 0, 0, 1, 1, 4, 1, 2, 0, 0, 0, 0, 0, 0]"
908,36,2332800,B_,0.003,0.75,180,0.9,14,11,32,0.05,"[0, 0, 0, 0, 0, 0, 0, 0, 0, 1, 1, 2, 2, 4, 6, 13, 7, 10, 0, 0, 3, 5, 6, 4, 0, 1, 4, 6, 5, 9]"
897,35,2332800,B_,0.003,0.75,180,0.9,14,11,32,0.12,"[0, 3, 21, 41, 35, 37, 20, 30, 31, 21, 28, 19, 18, 22, 37, 22, 30, 29, 20, 23, 34, 30, 28, 23, 21, 37, 31, 30, 25, 40]"
918,36,2332800,B_,0.003,0.75,180,0.9,14,11,32,0.1,"[4, 6, 17, 34, 22, 23, 1, 15, 29, 24, 28, 27, 19, 31, 30, 20, 26, 38, 17, 31, 19, 29, 23, 29, 14, 24, 27, 27, 22, 29]"
912,36,2332800,B_,0.003,0.75,180,0.9,14,11,32,0.07,"[0, 0, 0, 0, 0, 1, 0, 1, 0, 1, 5, 2, 2, 1, 3, 13, 12, 15, 1, 1, 3, 3, 9, 7, 0, 0, 0, 0, 1, 9]"
910,36,2332800,B_,0.003,0.75,180,0.9,14,11,32,0.06,"[0, 0, 0, 0, 0, 0, 0, 1, 0, 3, 3, 3, 0, 0, 0, 0, 0, 2, 1, 0, 1, 7, 4, 7, 2, 2, 6, 3, 2, 9]"
913,36,2332800,B_,0.003,0.75,180,0.9,14,11,32,0.075,"[5, 4, 5, 13, 18, 24, 6, 10, 14, 17, 19, 20, 4, 15, 16, 19, 17, 24, 6, 8, 11, 17, 24, 20, 3, 3, 12, 14, 20, 30]"
914,36,2332800,B_,0.003,0.75,180,0.9,14,11,32,0.08,"[2, 2, 7, 20, 6, 27, 18, 15, 26, 28, 19, 28, 13, 19, 24, 27, 20, 22, 4, 4, 7, 7, 6, 22, 0, 4, 7, 7, 5, 12]"
925,37,2332800,B_,0.003,0.75,180,0.9,14,11,32,0.01,"[0, 0, 0, 0, 0, 0, 0, 0, 0, 0, 0, 0, 0, 0, 0, 0, 0, 0, 0, 0, 0, 0, 0, 0, 0, 0, 0, 0, 0, 0]"
915,36,2332800,B_,0.003,0.75,180,0.9,14,11,32,0.085,"[0, 0, 2, 1, 7, 8, 3, 15, 8, 15, 27, 30, 6, 15, 31, 20, 22, 29, 5, 8, 18, 21, 17, 22, 12, 10, 19, 18, 26, 18]"
916,36,2332800,B_,0.003,0.75,180,0.9,14,11,32,0.09,"[0, 0, 1, 5, 11, 20, 12, 17, 29, 24, 20, 22, 4, 5, 8, 23, 22, 22, 8, 13, 19, 25, 23, 22, 14, 21, 21, 30, 26, 21]"
926,37,2332800,B_,0.003,0.75,180,0.9,14,11,32,0.015,"[0, 0, 0, 0, 0, 0, 0, 0, 0, 0, 0, 0, 0, 0, 0, 0, 0, 0, 0, 0, 0, 0, 0, 0, 0, 0, 0, 0, 1, 0]"
927,37,2332800,B_,0.003,0.75,180,0.9,14,11,32,0.02,"[0, 0, 0, 0, 0, 0, 0, 0, 0, 0, 0, 0, 0, 0, 0, 0, 0, 0, 0, 0, 0, 0, 0, 0, 0, 0, 0, 0, 0, 1]"
919,36,2332800,B_,0.003,0.75,180,0.9,14,11,32,0.105,"[0, 1, 6, 9, 23, 25, 27, 19, 32, 19, 38, 23, 14, 26, 27, 35, 25, 36, 18, 22, 20, 29, 23, 22, 14, 24, 29, 21, 26, 24]"
917,36,2332800,B_,0.003,0.75,180,0.9,14,11,32,0.095,"[0, 6, 8, 19, 31, 25, 21, 22, 23, 20, 28, 25, 17, 18, 34, 24, 17, 27, 14, 18, 31, 20, 20, 26, 17, 24, 19, 24, 18, 18]"
931,37,2332800,B_,0.003,0.75,180,0.9,14,11,32,0.04,"[0, 0, 0, 0, 0, 0, 1, 0, 0, 2, 2, 1, 0, 2, 2, 2, 3, 1, 0, 0, 0, 0, 0, 0, 0, 0, 6, 1, 2, 5]"
928,37,2332800,B_,0.003,0.75,180,0.9,14,11,32,0.025,"[0, 0, 0, 1, 1, 0, 0, 0, 0, 0, 1, 0, 0, 0, 0, 0, 0, 0, 0, 0, 0, 0, 0, 0, 0, 0, 0, 0, 0, 0]"
920,36,2332800,B_,0.003,0.75,180,0.9,14,11,32,0.11,"[0, 6, 23, 29, 26, 31, 29, 26, 27, 28, 36, 33, 8, 22, 27, 28, 28, 25, 20, 24, 20, 32, 26, 28, 22, 26, 23, 26, 23, 27]"
921,36,2332800,B_,0.003,0.75,180,0.9,14,11,32,0.115,"[0, 10, 38, 21, 33, 31, 14, 25, 28, 32, 28, 28, 15, 44, 23, 31, 27, 31, 20, 23, 23, 26, 20, 26, 23, 23, 19, 30, 28, 35]"
922,36,2332800,B_,0.003,0.75,180,0.9,14,11,32,0.12,"[12, 33, 29, 31, 29, 28, 16, 23, 36, 23, 30, 29, 17, 31, 30, 32, 26, 28, 31, 24, 24, 22, 20, 34, 17, 26, 31, 30, 23, 23]"
923,36,2332800,B_,0.003,0.75,180,0.9,14,11,32,0.125,"[6, 18, 35, 19, 35, 28, 21, 27, 24, 31, 31, 32, 23, 37, 32, 27, 23, 29, 28, 20, 28, 28, 22, 38, 30, 24, 29, 30, 32, 27]"
924,36,2332800,B_,0.003,0.75,180,0.9,14,11,32,0.13,"[8, 29, 37, 28, 32, 24, 25, 29, 27, 25, 40, 32, 19, 31, 36, 29, 28, 37, 22, 24, 29, 31, 26, 39, 24, 22, 28, 41, 27, 31]"
929,37,2332800,B_,0.003,0.75,180,0.9,14,11,32,0.03,"[0, 0, 0, 0, 0, 0, 0, 2, 2, 1, 2, 1, 0, 0, 0, 0, 0, 0, 0, 0, 0, 0, 0, 0, 0, 0, 0, 0, 0, 0]"
930,37,2332800,B_,0.003,0.75,180,0.9,14,11,32,0.035,"[0, 0, 0, 0, 0, 0, 0, 0, 0, 1, 1, 0, 0, 0, 0, 0, 0, 0, 0, 0, 0, 0, 0, 0, 0, 0, 0, 0, 1, 0]"
932,37,2332800,B_,0.003,0.75,180,0.9,14,11,32,0.045,"[0, 1, 6, 2, 3, 3, 3, 4, 0, 1, 2, 1, 1, 1, 3, 3, 3, 6, 4, 0, 5, 3, 1, 2, 0, 2, 0, 2, 2, 2]"
933,37,2332800,B_,0.003,0.75,180,0.9,14,11,32,0.05,"[0, 0, 0, 0, 0, 0, 0, 0, 0, 0, 0, 0, 0, 0, 0, 0, 0, 0, 1, 0, 0, 1, 0, 1, 1, 0, 0, 0, 0, 0]"
935,37,2332800,B_,0.003,0.75,180,0.9,14,11,32,0.06,"[0, 1, 0, 0, 0, 1, 1, 0, 1, 3, 6, 10, 2, 7, 8, 8, 11, 9, 0, 0, 0, 0, 0, 3, 3, 4, 2, 4, 5, 7]"
934,37,2332800,B_,0.003,0.75,180,0.9,14,11,32,0.055,"[0, 0, 0, 1, 0, 2, 0, 0, 0, 0, 1, 1, 0, 0, 0, 0, 1, 0, 0, 0, 0, 0, 1, 0, 0, 0, 0, 0, 0, 0]"
937,37,2332800,B_,0.003,0.75,180,0.9,14,11,32,0.07,"[0, 0, 0, 0, 0, 0, 0, 0, 2, 7, 10, 13, 0, 3, 5, 6, 10, 10, 3, 3, 17, 13, 15, 18, 4, 10, 11, 9, 10, 24]"
936,37,2332800,B_,0.003,0.75,180,0.9,14,11,32,0.065,"[0, 0, 0, 0, 0, 0, 3, 4, 14, 7, 15, 23, 7, 9, 11, 14, 11, 20, 1, 2, 6, 9, 8, 17, 8, 8, 10, 11, 7, 9]"
939,37,2332800,B_,0.003,0.75,180,0.9,14,11,32,0.08,"[0, 1, 1, 2, 2, 1, 0, 0, 0, 1, 12, 27, 9, 15, 6, 7, 18, 26, 14, 19, 22, 23, 16, 15, 2, 5, 12, 19, 18, 22]"
940,37,2332800,B_,0.003,0.75,180,0.9,14,11,32,0.085,"[0, 0, 0, 0, 0, 0, 0, 0, 5, 8, 11, 20, 4, 11, 9, 12, 19, 22, 4, 12, 18, 21, 19, 18, 8, 13, 16, 21, 11, 23]"
938,37,2332800,B_,0.003,0.75,180,0.9,14,11,32,0.075,"[0, 0, 4, 4, 8, 13, 0, 1, 2, 8, 16, 14, 2, 2, 4, 14, 29, 16, 2, 4, 7, 10, 15, 21, 12, 12, 13, 24, 26, 21]"
941,37,2332800,B_,0.003,0.75,180,0.9,14,11,32,0.09,"[0, 0, 0, 0, 0, 5, 0, 10, 11, 17, 27, 17, 2, 8, 29, 19, 12, 22, 5, 12, 14, 17, 24, 27, 9, 27, 25, 29, 27, 20]"
951,38,2332800,B_,0.003,0.75,180,0.9,14,11,32,0.015,"[0, 0, 0, 0, 0, 0, 0, 0, 0, 0, 0, 0, 0, 0, 1, 0, 0, 0, 0, 0, 0, 0, 0, 0, 0, 0, 0, 0, 0, 0]"
943,37,2332800,B_,0.003,0.75,180,0.9,14,11,32,0.1,"[0, 0, 0, 0, 0, 0, 0, 0, 1, 9, 13, 25, 19, 30, 24, 23, 34, 11, 31, 25, 25, 21, 32, 26, 18, 26, 24, 30, 29, 32]"
953,38,2332800,B_,0.003,0.75,180,0.9,14,11,32,0.025,"[0, 0, 0, 0, 0, 0, 1, 0, 0, 0, 0, 0, 0, 0, 0, 0, 0, 1, 0, 0, 0, 0, 0, 0, 0, 0, 0, 0, 0, 0]"
942,37,2332800,B_,0.003,0.75,180,0.9,14,11,32,0.095,"[0, 4, 15, 26, 25, 24, 9, 19, 23, 16, 30, 21, 16, 32, 25, 27, 30, 36, 16, 17, 26, 27, 21, 27, 23, 20, 26, 27, 16, 21]"
955,38,2332800,B_,0.003,0.75,180,0.9,14,11,32,0.035,"[0, 0, 0, 0, 0, 0, 0, 0, 0, 0, 0, 0, 0, 0, 0, 0, 1, 0, 0, 0, 0, 0, 2, 1, 1, 0, 0, 0, 0, 2]"
954,38,2332800,B_,0.003,0.75,180,0.9,14,11,32,0.03,"[0, 0, 0, 0, 0, 0, 0, 0, 1, 0, 1, 1, 0, 0, 0, 1, 0, 0, 0, 0, 0, 0, 0, 0, 0, 1, 1, 1, 3, 0]"
944,37,2332800,B_,0.003,0.75,180,0.9,14,11,32,0.105,"[6, 26, 27, 26, 24, 29, 23, 16, 31, 30, 38, 21, 23, 31, 26, 17, 22, 25, 23, 29, 22, 28, 21, 32, 6, 24, 23, 22, 23, 28]"
945,37,2332800,B_,0.003,0.75,180,0.9,14,11,32,0.11,"[0, 0, 7, 29, 26, 31, 22, 37, 36, 30, 29, 31, 13, 9, 31, 21, 25, 37, 16, 24, 29, 20, 37, 25, 20, 32, 27, 27, 25, 26]"
946,37,2332800,B_,0.003,0.75,180,0.9,14,11,32,0.115,"[0, 0, 4, 28, 22, 29, 9, 39, 25, 22, 27, 26, 19, 22, 41, 28, 24, 25, 25, 28, 29, 27, 27, 27, 19, 34, 31, 25, 30, 32]"
947,37,2332800,B_,0.003,0.75,180,0.9,14,11,32,0.12,"[0, 0, 7, 9, 4, 17, 21, 25, 33, 29, 27, 32, 25, 23, 32, 37, 45, 30, 32, 25, 28, 22, 16, 32, 19, 30, 26, 31, 22, 17]"
949,37,2332800,B_,0.003,0.75,180,0.9,14,11,32,0.13,"[0, 0, 0, 0, 0, 14, 1, 35, 25, 23, 34, 24, 23, 34, 37, 31, 33, 36, 28, 27, 29, 27, 29, 32, 33, 25, 34, 29, 28, 28]"
948,37,2332800,B_,0.003,0.75,180,0.9,14,11,32,0.125,"[0, 0, 18, 31, 27, 27, 20, 33, 25, 34, 29, 28, 19, 26, 31, 20, 26, 38, 28, 35, 25, 26, 21, 35, 20, 36, 37, 23, 29, 26]"
950,38,2332800,B_,0.003,0.75,180,0.9,14,11,32,0.01,"[0, 0, 0, 0, 0, 0, 0, 0, 0, 0, 0, 0, 0, 0, 0, 0, 0, 0, 0, 0, 0, 0, 0, 0, 0, 0, 0, 0, 0, 0]"
952,38,2332800,B_,0.003,0.75,180,0.9,14,11,32,0.02,"[0, 0, 1, 0, 0, 0, 0, 0, 0, 0, 0, 0, 0, 0, 0, 0, 0, 0, 0, 0, 1, 0, 1, 1, 0, 0, 0, 0, 0, 0]"
961,38,2332800,B_,0.003,0.75,180,0.9,14,11,32,0.065,"[0, 0, 2, 5, 8, 13, 0, 1, 2, 6, 2, 3, 6, 12, 11, 12, 24, 17, 3, 7, 10, 10, 11, 16, 4, 5, 10, 10, 12, 11]"
956,38,2332800,B_,0.003,0.75,180,0.9,14,11,32,0.04,"[0, 0, 0, 0, 0, 1, 0, 0, 0, 0, 0, 0, 0, 0, 0, 0, 0, 0, 0, 0, 0, 0, 0, 0, 0, 0, 0, 0, 0, 0]"
957,38,2332800,B_,0.003,0.75,180,0.9,14,11,32,0.045,"[1, 2, 2, 5, 2, 4, 0, 0, 0, 0, 0, 0, 0, 0, 0, 0, 0, 0, 0, 0, 0, 1, 2, 3, 0, 2, 1, 1, 1, 0]"
958,38,2332800,B_,0.003,0.75,180,0.9,14,11,32,0.05,"[0, 0, 0, 0, 0, 0, 0, 0, 0, 0, 0, 0, 0, 0, 2, 1, 1, 0, 0, 3, 4, 1, 0, 3, 2, 1, 2, 1, 1, 1]"
959,38,2332800,B_,0.003,0.75,180,0.9,14,11,32,0.055,"[0, 0, 0, 0, 0, 0, 0, 0, 0, 0, 0, 0, 0, 3, 2, 2, 2, 5, 0, 0, 0, 0, 3, 0, 3, 2, 5, 5, 4, 6]"
960,38,2332800,B_,0.003,0.75,180,0.9,14,11,32,0.06,"[0, 0, 0, 0, 0, 0, 0, 0, 0, 0, 0, 0, 0, 0, 0, 1, 0, 0, 1, 5, 2, 4, 8, 18, 5, 13, 19, 21, 13, 14]"
962,38,2332800,B_,0.003,0.75,180,0.9,14,11,32,0.07,"[0, 1, 4, 5, 3, 4, 0, 9, 10, 12, 11, 20, 5, 10, 9, 6, 14, 14, 3, 1, 7, 9, 5, 21, 4, 5, 5, 9, 14, 13]"
963,38,2332800,B_,0.003,0.75,180,0.9,14,11,32,0.075,"[0, 0, 0, 0, 12, 3, 2, 2, 3, 6, 9, 9, 4, 11, 7, 17, 21, 17, 8, 8, 9, 18, 26, 15, 3, 9, 21, 18, 12, 18]"
973,38,2332800,B_,0.003,0.75,180,0.9,14,11,32,0.125,"[6, 17, 35, 41, 34, 29, 27, 28, 37, 26, 34, 26, 29, 33, 23, 24, 34, 30, 20, 35, 33, 23, 32, 36, 21, 32, 38, 39, 22, 28]"
964,38,2332800,B_,0.003,0.75,180,0.9,14,11,32,0.08,"[2, 2, 10, 10, 10, 14, 12, 18, 22, 19, 27, 19, 4, 10, 8, 10, 27, 28, 9, 13, 30, 23, 19, 26, 8, 8, 12, 21, 16, 26]"
975,39,2332800,B_,0.003,0.75,180,0.9,14,11,32,0.01,"[0, 0, 0, 0, 0, 0, 0, 0, 0, 0, 0, 0, 0, 0, 0, 0, 0, 0, 0, 0, 0, 0, 0, 0, 0, 0, 0, 0, 0, 0]"
965,38,2332800,B_,0.003,0.75,180,0.9,14,11,32,0.085,"[3, 7, 17, 27, 28, 17, 4, 5, 12, 13, 26, 30, 11, 24, 23, 20, 23, 16, 13, 19, 26, 27, 25, 26, 11, 12, 15, 24, 23, 24]"
976,39,2332800,B_,0.003,0.75,180,0.9,14,11,32,0.015,"[0, 0, 0, 0, 0, 0, 0, 0, 0, 0, 0, 0, 0, 0, 0, 0, 0, 0, 0, 0, 0, 0, 0, 0, 0, 0, 0, 0, 0, 0]"
977,39,2332800,B_,0.003,0.75,180,0.9,14,11,32,0.02,"[0, 0, 0, 0, 0, 0, 0, 0, 0, 0, 0, 0, 0, 0, 0, 0, 1, 0, 0, 0, 0, 0, 0, 0, 0, 0, 0, 0, 0, 0]"
968,38,2332800,B_,0.003,0.75,180,0.9,14,11,32,0.1,"[0, 0, 0, 0, 0, 0, 0, 12, 4, 16, 37, 27, 18, 28, 24, 23, 16, 22, 16, 23, 27, 28, 20, 27, 21, 37, 24, 32, 19, 26]"
966,38,2332800,B_,0.003,0.75,180,0.9,14,11,32,0.09,"[2, 14, 10, 8, 18, 18, 11, 22, 16, 16, 20, 30, 12, 22, 20, 27, 27, 21, 4, 9, 9, 19, 18, 25, 21, 37, 22, 17, 25, 29]"
967,38,2332800,B_,0.003,0.75,180,0.9,14,11,32,0.095,"[0, 3, 3, 12, 19, 25, 12, 23, 17, 17, 25, 21, 24, 26, 21, 27, 17, 19, 12, 25, 24, 24, 20, 23, 10, 22, 29, 24, 16, 31]"
978,39,2332800,B_,0.003,0.75,180,0.9,14,11,32,0.025,"[0, 0, 0, 0, 0, 0, 0, 0, 0, 0, 0, 0, 0, 0, 0, 0, 0, 0, 0, 0, 0, 0, 0, 0, 0, 0, 0, 0, 0, 0]"
970,38,2332800,B_,0.003,0.75,180,0.9,14,11,32,0.11,"[0, 0, 8, 15, 20, 23, 10, 23, 16, 27, 25, 35, 13, 32, 28, 31, 32, 30, 1, 11, 31, 31, 29, 24, 15, 27, 34, 21, 30, 27]"
969,38,2332800,B_,0.003,0.75,180,0.9,14,11,32,0.105,"[0, 0, 9, 7, 17, 30, 23, 22, 18, 29, 30, 23, 5, 30, 33, 23, 29, 27, 24, 22, 29, 19, 28, 23, 25, 24, 30, 35, 16, 18]"
979,39,2332800,B_,0.003,0.75,180,0.9,14,11,32,0.03,"[0, 0, 0, 0, 0, 0, 0, 0, 0, 0, 0, 0, 0, 0, 0, 0, 0, 0, 0, 0, 0, 0, 0, 1, 0, 0, 0, 0, 0, 0]"
980,39,2332800,B_,0.003,0.75,180,0.9,14,11,32,0.035,"[0, 0, 0, 0, 0, 0, 0, 0, 0, 0, 0, 0, 0, 0, 0, 0, 0, 0, 0, 0, 0, 0, 0, 0, 0, 0, 0, 1, 0, 2]"
972,38,2332800,B_,0.003,0.75,180,0.9,14,11,32,0.12,"[0, 0, 5, 10, 29, 33, 26, 22, 24, 20, 35, 25, 22, 26, 36, 25, 29, 34, 32, 26, 34, 24, 28, 28, 14, 30, 37, 27, 20, 31]"
971,38,2332800,B_,0.003,0.75,180,0.9,14,11,32,0.115,"[0, 0, 30, 29, 33, 37, 24, 23, 22, 35, 31, 32, 24, 33, 34, 23, 26, 31, 27, 23, 37, 24, 28, 21, 9, 35, 29, 29, 27, 30]"
981,39,2332800,B_,0.003,0.75,180,0.9,14,11,32,0.04,"[0, 0, 0, 0, 0, 0, 0, 0, 0, 1, 1, 1, 0, 1, 0, 1, 1, 2, 0, 0, 2, 2, 3, 1, 0, 0, 0, 0, 0, 0]"
974,38,2332800,B_,0.003,0.75,180,0.9,14,11,32,0.13,"[0, 9, 32, 36, 39, 22, 27, 31, 37, 30, 25, 33, 23, 16, 29, 34, 23, 33, 25, 28, 26, 33, 30, 30, 22, 26, 36, 36, 31, 29]"
982,39,2332800,B_,0.003,0.75,180,0.9,14,11,32,0.045,"[0, 0, 0, 0, 0, 0, 0, 0, 0, 0, 0, 0, 0, 0, 0, 0, 1, 0, 0, 0, 4, 3, 0, 8, 1, 1, 0, 0, 0, 0]"
983,39,2332800,B_,0.003,0.75,180,0.9,14,11,32,0.05,"[0, 0, 0, 0, 0, 0, 0, 0, 0, 0, 0, 0, 0, 0, 0, 0, 0, 0, 0, 0, 0, 0, 0, 0, 0, 0, 0, 0, 0, 0]"
984,39,2332800,B_,0.003,0.75,180,0.9,14,11,32,0.055,"[4, 2, 1, 4, 5, 2, 0, 1, 1, 5, 2, 2, 0, 0, 0, 0, 0, 0, 0, 1, 1, 2, 2, 2, 0, 0, 0, 0, 0, 0]"
985,39,2332800,B_,0.003,0.75,180,0.9,14,11,32,0.06,"[2, 2, 2, 1, 8, 4, 0, 0, 0, 0, 0, 0, 1, 0, 4, 3, 4, 7, 0, 0, 0, 0, 2, 6, 0, 0, 0, 0, 1, 4]"
986,39,2332800,B_,0.003,0.75,180,0.9,14,11,32,0.065,"[0, 0, 0, 0, 0, 0, 0, 0, 0, 3, 10, 2, 0, 0, 0, 0, 0, 1, 0, 0, 2, 1, 2, 8, 0, 2, 3, 4, 3, 2]"
988,39,2332800,B_,0.003,0.75,180,0.9,14,11,32,0.075,"[0, 1, 0, 0, 0, 0, 1, 2, 4, 2, 2, 8, 7, 9, 19, 9, 25, 22, 2, 6, 15, 17, 16, 21, 1, 7, 4, 4, 5, 9]"
987,39,2332800,B_,0.003,0.75,180,0.9,14,11,32,0.07,"[0, 0, 0, 0, 0, 3, 0, 0, 2, 5, 6, 9, 2, 5, 2, 2, 2, 8, 2, 2, 7, 3, 2, 8, 0, 0, 0, 0, 0, 1]"
989,39,2332800,B_,0.003,0.75,180,0.9,14,11,32,0.08,"[0, 0, 0, 0, 0, 0, 1, 0, 6, 5, 8, 13, 6, 19, 14, 11, 20, 15, 8, 11, 26, 25, 11, 25, 4, 14, 19, 21, 19, 18]"
1000,40,2332800,B_,0.003,0.75,180,0.9,14,11,32,0.01,"[0, 0, 0, 0, 0, 0, 0, 0, 0, 0, 0, 0, 0, 0, 0, 0, 0, 0, 0, 0, 0, 0, 0, 0, 0, 0, 0, 0, 0, 0]"
1001,40,2332800,B_,0.003,0.75,180,0.9,14,11,32,0.015,"[0, 0, 1, 0, 0, 0, 0, 0, 0, 0, 0, 0, 0, 0, 0, 0, 0, 0, 0, 0, 0, 0, 0, 0, 0, 0, 0, 0, 0, 0]"
991,39,2332800,B_,0.003,0.75,180,0.9,14,11,32,0.09,"[0, 6, 10, 12, 19, 27, 13, 24, 19, 32, 22, 30, 17, 22, 26, 21, 16, 14, 6, 20, 16, 22, 21, 30, 15, 14, 21, 21, 16, 25]"
1002,40,2332800,B_,0.003,0.75,180,0.9,14,11,32,0.02,"[0, 0, 0, 0, 0, 0, 0, 0, 0, 0, 0, 0, 0, 0, 0, 0, 0, 0, 0, 0, 0, 0, 0, 0, 0, 0, 0, 2, 0, 0]"
1003,40,2332800,B_,0.003,0.75,180,0.9,14,11,32,0.025,"[0, 0, 0, 0, 0, 0, 0, 0, 0, 0, 0, 0, 0, 0, 0, 0, 0, 0, 0, 0, 0, 0, 0, 0, 0, 0, 0, 0, 0, 0]"
992,39,2332800,B_,0.003,0.75,180,0.9,14,11,32,0.095,"[4, 2, 13, 27, 24, 23, 18, 16, 24, 35, 31, 19, 6, 24, 29, 24, 24, 21, 12, 20, 33, 29, 24, 30, 14, 21, 28, 23, 31, 28]"
994,39,2332800,B_,0.003,0.75,180,0.9,14,11,32,0.105,"[0, 0, 7, 11, 16, 24, 17, 33, 27, 23, 32, 29, 22, 43, 23, 27, 24, 26, 14, 27, 22, 25, 30, 28, 17, 25, 22, 36, 20, 29]"
993,39,2332800,B_,0.003,0.75,180,0.9,14,11,32,0.1,"[0, 0, 11, 30, 29, 19, 18, 32, 35, 19, 21, 23, 11, 28, 28, 29, 20, 38, 19, 21, 33, 34, 23, 23, 6, 37, 25, 24, 28, 24]"
995,39,2332800,B_,0.003,0.75,180,0.9,14,11,32,0.11,"[8, 35, 28, 28, 33, 28, 21, 24, 31, 18, 28, 26, 24, 22, 27, 33, 23, 34, 19, 24, 32, 31, 15, 26, 22, 20, 29, 33, 31, 23]"
998,39,2332800,B_,0.003,0.75,180,0.9,14,11,32,0.125,"[0, 0, 0, 4, 10, 36, 21, 28, 29, 27, 32, 35, 21, 26, 37, 23, 31, 27, 31, 32, 34, 28, 24, 27, 15, 34, 30, 28, 28, 22]"
996,39,2332800,B_,0.003,0.75,180,0.9,14,11,32,0.115,"[3, 14, 30, 29, 35, 33, 8, 28, 31, 22, 30, 20, 19, 37, 33, 30, 22, 27, 23, 16, 32, 24, 27, 32, 16, 33, 32, 35, 23, 33]"
997,39,2332800,B_,0.003,0.75,180,0.9,14,11,32,0.12,"[7, 5, 17, 24, 24, 32, 21, 22, 36, 30, 22, 30, 24, 25, 29, 29, 33, 26, 7, 27, 24, 23, 25, 26, 25, 33, 27, 35, 25, 24]"
999,39,2332800,B_,0.003,0.75,180,0.9,14,11,32,0.13,"[0, 9, 22, 33, 41, 23, 21, 19, 35, 29, 25, 34, 22, 28, 28, 31, 27, 25, 38, 23, 37, 32, 27, 27, 29, 28, 34, 29, 32, 25]"
990,39,2332800,B_,0.003,0.75,180,0.9,14,11,32,0.085,"[0, 0, 0, 0, 0, 0, 9, 22, 16, 15, 29, 32, 14, 16, 19, 24, 25, 19, 10, 15, 19, 18, 23, 27, 19, 21, 28, 26, 23, 30]"
1006,40,2332800,B_,0.003,0.75,180,0.9,14,11,32,0.04,"[0, 0, 0, 0, 0, 0, 0, 0, 0, 0, 0, 0, 0, 0, 0, 0, 0, 0, 3, 0, 0, 0, 1, 0, 0, 0, 0, 0, 2, 0]"
1004,40,2332800,B_,0.003,0.75,180,0.9,14,11,32,0.03,"[0, 0, 0, 0, 0, 0, 0, 0, 0, 0, 0, 0, 0, 0, 0, 0, 0, 0, 0, 0, 0, 0, 0, 1, 1, 0, 0, 0, 0, 0]"
1005,40,2332800,B_,0.003,0.75,180,0.9,14,11,32,0.035,"[0, 0, 0, 0, 0, 0, 0, 0, 0, 0, 0, 0, 0, 0, 0, 0, 0, 0, 0, 0, 0, 0, 0, 0, 0, 0, 0, 0, 0, 2]"
1007,40,2332800,B_,0.003,0.75,180,0.9,14,11,32,0.045,"[0, 0, 0, 0, 0, 0, 0, 0, 0, 0, 0, 0, 0, 0, 0, 0, 0, 0, 0, 0, 0, 0, 0, 0, 0, 0, 0, 0, 0, 4]"
1008,40,2332800,B_,0.003,0.75,180,0.9,14,11,32,0.05,"[0, 0, 0, 0, 0, 0, 0, 1, 0, 0, 0, 2, 0, 0, 0, 0, 0, 1, 0, 0, 0, 0, 0, 0, 0, 1, 5, 4, 16, 7]"
1009,40,2332800,B_,0.003,0.75,180,0.9,14,11,32,0.055,"[0, 0, 0, 0, 0, 0, 0, 1, 0, 0, 0, 0, 0, 0, 0, 0, 3, 8, 0, 0, 0, 1, 3, 3, 0, 0, 0, 0, 0, 0]"
1010,40,2332800,B_,0.003,0.75,180,0.9,14,11,32,0.06,"[0, 0, 0, 0, 0, 0, 0, 0, 1, 2, 3, 6, 1, 0, 0, 0, 0, 1, 0, 0, 0, 0, 0, 0, 0, 0, 2, 0, 0, 0]"
1014,40,2332800,B_,0.003,0.75,180,0.9,14,11,32,0.08,"[0, 4, 4, 6, 11, 16, 4, 10, 17, 21, 27, 19, 4, 16, 16, 22, 21, 27, 5, 19, 20, 20, 15, 20, 12, 14, 15, 24, 17, 20]"
1011,40,2332800,B_,0.003,0.75,180,0.9,14,11,32,0.065,"[0, 0, 0, 0, 0, 1, 0, 3, 2, 8, 7, 12, 2, 2, 6, 5, 3, 16, 2, 6, 7, 8, 18, 17, 6, 19, 10, 12, 20, 20]"
1012,40,2332800,B_,0.003,0.75,180,0.9,14,11,32,0.07,"[0, 0, 0, 0, 0, 0, 0, 7, 4, 5, 9, 11, 7, 12, 13, 14, 17, 20, 2, 6, 11, 4, 12, 22, 4, 5, 17, 11, 13, 10]"
1013,40,2332800,B_,0.003,0.75,180,0.9,14,11,32,0.075,"[0, 0, 0, 0, 0, 0, 0, 2, 2, 3, 6, 8, 5, 19, 18, 21, 27, 21, 1, 6, 13, 20, 12, 23, 21, 26, 17, 22, 16, 22]"
1015,40,2332800,B_,0.003,0.75,180,0.9,14,11,32,0.085,"[0, 0, 0, 0, 0, 0, 1, 2, 10, 22, 24, 31, 3, 16, 23, 27, 20, 24, 15, 18, 22, 20, 22, 30, 16, 18, 25, 20, 23, 17]"
1025,41,2332800,B_,0.003,0.75,180,0.9,14,11,32,0.01,"[0, 0, 0, 0, 0, 0, 0, 0, 0, 0, 0, 0, 0, 0, 0, 0, 0, 0, 0, 0, 0, 0, 0, 0, 0, 0, 0, 0, 0, 0]"
1026,41,2332800,B_,0.003,0.75,180,0.9,14,11,32,0.015,"[0, 0, 0, 0, 0, 0, 0, 0, 0, 0, 0, 0, 0, 0, 0, 0, 0, 0, 0, 0, 0, 0, 0, 0, 0, 0, 0, 0, 0, 0]"
1016,40,2332800,B_,0.003,0.75,180,0.9,14,11,32,0.09,"[0, 0, 0, 2, 6, 12, 8, 22, 26, 14, 27, 17, 6, 15, 30, 16, 20, 27, 7, 16, 23, 23, 15, 23, 12, 24, 22, 22, 32, 17]"
1027,41,2332800,B_,0.003,0.75,180,0.9,14,11,32,0.02,"[0, 0, 0, 0, 0, 0, 0, 0, 0, 0, 0, 0, 0, 0, 0, 0, 1, 0, 0, 0, 0, 0, 1, 0, 1, 0, 0, 0, 0, 0]"
1029,41,2332800,B_,0.003,0.75,180,0.9,14,11,32,0.03,"[0, 0, 0, 0, 0, 0, 0, 0, 0, 0, 0, 0, 0, 0, 0, 0, 0, 0, 0, 0, 0, 0, 0, 0, 1, 0, 0, 0, 0, 0]"
1017,40,2332800,B_,0.003,0.75,180,0.9,14,11,32,0.095,"[0, 4, 21, 27, 20, 29, 13, 21, 32, 24, 22, 29, 10, 34, 25, 21, 26, 25, 10, 24, 29, 32, 18, 26, 12, 21, 23, 21, 22, 19]"
1028,41,2332800,B_,0.003,0.75,180,0.9,14,11,32,0.025,"[0, 0, 0, 0, 0, 0, 0, 0, 0, 0, 1, 0, 0, 0, 0, 0, 0, 0, 0, 0, 0, 0, 0, 2, 0, 0, 1, 0, 0, 0]"
1030,41,2332800,B_,0.003,0.75,180,0.9,14,11,32,0.035,"[0, 0, 0, 0, 0, 0, 0, 0, 0, 0, 0, 0, 0, 0, 0, 0, 0, 0, 0, 0, 0, 0, 0, 0, 0, 1, 0, 1, 3, 3]"
1018,40,2332800,B_,0.003,0.75,180,0.9,14,11,32,0.1,"[0, 2, 11, 35, 26, 26, 24, 23, 30, 24, 30, 23, 9, 15, 32, 28, 26, 28, 22, 25, 29, 22, 25, 24, 16, 10, 24, 26, 19, 26]"
1019,40,2332800,B_,0.003,0.75,180,0.9,14,11,32,0.105,"[0, 0, 0, 2, 5, 10, 5, 29, 27, 29, 24, 27, 13, 28, 31, 24, 22, 19, 24, 31, 32, 25, 28, 35, 12, 26, 30, 36, 23, 28]"
1031,41,2332800,B_,0.003,0.75,180,0.9,14,11,32,0.04,"[0, 0, 0, 0, 0, 0, 0, 0, 0, 0, 0, 0, 0, 1, 1, 0, 1, 1, 0, 0, 0, 0, 0, 0, 0, 0, 0, 0, 0, 0]"
1020,40,2332800,B_,0.003,0.75,180,0.9,14,11,32,0.11,"[0, 4, 5, 8, 36, 25, 15, 21, 26, 27, 29, 21, 26, 27, 28, 33, 26, 24, 23, 19, 27, 26, 30, 29, 18, 32, 35, 25, 30, 32]"
1021,40,2332800,B_,0.003,0.75,180,0.9,14,11,32,0.115,"[0, 0, 4, 25, 26, 28, 18, 27, 29, 19, 36, 33, 21, 28, 26, 30, 25, 26, 12, 19, 32, 28, 28, 28, 18, 35, 25, 30, 27, 27]"
1022,40,2332800,B_,0.003,0.75,180,0.9,14,11,32,0.12,"[0, 0, 1, 23, 23, 24, 17, 29, 27, 28, 27, 25, 15, 28, 34, 18, 34, 33, 24, 26, 33, 23, 28, 29, 23, 26, 40, 30, 29, 26]"
1024,40,2332800,B_,0.003,0.75,180,0.9,14,11,32,0.13,"[0, 0, 0, 0, 5, 30, 20, 31, 38, 26, 34, 34, 14, 30, 26, 27, 34, 38, 32, 32, 28, 25, 30, 30, 29, 32, 27, 32, 23, 32]"
1023,40,2332800,B_,0.003,0.75,180,0.9,14,11,32,0.125,"[4, 19, 7, 35, 32, 25, 16, 29, 34, 27, 29, 35, 25, 31, 26, 26, 30, 24, 30, 18, 30, 28, 30, 26, 20, 29, 24, 31, 32, 25]"
1032,41,2332800,B_,0.003,0.75,180,0.9,14,11,32,0.045,"[0, 0, 0, 1, 1, 1, 0, 0, 0, 0, 0, 0, 0, 0, 0, 0, 0, 0, 0, 0, 0, 0, 0, 2, 0, 0, 0, 1, 1, 1]"
1033,41,2332800,B_,0.003,0.75,180,0.9,14,11,32,0.05,"[0, 0, 0, 0, 0, 0, 0, 0, 0, 0, 0, 0, 0, 0, 0, 0, 0, 0, 2, 3, 8, 6, 8, 8, 1, 2, 1, 3, 0, 3]"
1034,41,2332800,B_,0.003,0.75,180,0.9,14,11,32,0.055,"[0, 0, 2, 0, 1, 1, 0, 0, 0, 3, 4, 7, 1, 4, 5, 8, 2, 3, 2, 2, 3, 2, 3, 1, 0, 0, 0, 0, 0, 0]"
1035,41,2332800,B_,0.003,0.75,180,0.9,14,11,32,0.06,"[0, 0, 0, 3, 3, 3, 0, 0, 0, 1, 0, 0, 0, 0, 0, 0, 0, 0, 0, 0, 0, 0, 1, 0, 0, 0, 0, 0, 1, 3]"
1036,41,2332800,B_,0.003,0.75,180,0.9,14,11,32,0.065,"[0, 0, 0, 0, 0, 0, 1, 2, 4, 8, 13, 15, 0, 0, 0, 1, 3, 3, 0, 0, 0, 0, 3, 0, 2, 2, 4, 6, 9, 6]"
1037,41,2332800,B_,0.003,0.75,180,0.9,14,11,32,0.07,"[0, 0, 0, 3, 5, 11, 1, 1, 6, 4, 8, 12, 1, 5, 12, 12, 18, 20, 2, 2, 2, 4, 11, 16, 4, 11, 11, 16, 18, 12]"
1039,41,2332800,B_,0.003,0.75,180,0.9,14,11,32,0.08,"[0, 0, 3, 24, 22, 24, 9, 14, 18, 23, 30, 25, 6, 12, 26, 21, 18, 21, 6, 5, 25, 17, 19, 16, 3, 3, 10, 11, 20, 20]"
1041,41,2332800,B_,0.003,0.75,180,0.9,14,11,32,0.09,"[0, 0, 1, 0, 0, 5, 0, 1, 0, 3, 8, 12, 8, 9, 7, 14, 12, 22, 5, 12, 27, 22, 16, 36, 7, 25, 19, 26, 19, 23]"
1040,41,2332800,B_,0.003,0.75,180,0.9,14,11,32,0.085,"[0, 0, 2, 2, 8, 9, 10, 12, 26, 21, 26, 23, 9, 22, 18, 15, 13, 23, 13, 23, 26, 28, 17, 35, 12, 18, 23, 22, 14, 21]"
1050,42,2332800,B_,0.003,0.75,180,0.9,14,11,32,0.01,"[0, 0, 0, 0, 0, 0, 0, 0, 0, 0, 0, 0, 0, 0, 0, 0, 0, 0, 0, 0, 0, 0, 0, 0, 0, 0, 0, 0, 0, 0]"
1052,42,2332800,B_,0.003,0.75,180,0.9,14,11,32,0.02,"[0, 0, 0, 0, 0, 0, 0, 0, 0, 0, 0, 0, 0, 0, 0, 0, 0, 0, 0, 0, 0, 0, 0, 0, 0, 0, 0, 0, 0, 0]"
1042,41,2332800,B_,0.003,0.75,180,0.9,14,11,32,0.095,"[0, 2, 6, 9, 22, 21, 5, 23, 18, 22, 26, 23, 4, 14, 32, 21, 18, 22, 17, 22, 24, 23, 20, 23, 20, 33, 34, 25, 25, 21]"
1051,42,2332800,B_,0.003,0.75,180,0.9,14,11,32,0.015,"[0, 0, 0, 0, 0, 0, 0, 0, 0, 0, 0, 0, 0, 0, 0, 0, 0, 0, 0, 0, 0, 0, 0, 0, 0, 0, 0, 0, 0, 0]"
1043,41,2332800,B_,0.003,0.75,180,0.9,14,11,32,0.1,"[0, 6, 19, 19, 29, 31, 14, 32, 26, 24, 24, 32, 13, 30, 27, 26, 28, 30, 12, 17, 32, 28, 24, 23, 11, 19, 24, 30, 28, 29]"
1045,41,2332800,B_,0.003,0.75,180,0.9,14,11,32,0.11,"[0, 0, 0, 0, 0, 0, 6, 26, 21, 24, 19, 28, 19, 23, 21, 34, 30, 26, 18, 36, 22, 30, 19, 25, 17, 29, 33, 29, 29, 21]"
1044,41,2332800,B_,0.003,0.75,180,0.9,14,11,32,0.105,"[0, 3, 3, 26, 30, 30, 8, 20, 29, 19, 26, 30, 17, 25, 25, 30, 22, 28, 21, 24, 21, 28, 24, 30, 18, 28, 40, 29, 19, 26]"
1038,41,2332800,B_,0.003,0.75,180,0.9,14,11,32,0.075,"[0, 0, 0, 0, 0, 0, 0, 0, 6, 5, 6, 12, 10, 14, 18, 14, 13, 16, 10, 16, 18, 16, 21, 17, 11, 16, 18, 14, 14, 25]"
1046,41,2332800,B_,0.003,0.75,180,0.9,14,11,32,0.115,"[0, 0, 7, 17, 34, 23, 25, 21, 35, 29, 33, 29, 23, 25, 42, 28, 21, 22, 23, 30, 23, 28, 23, 31, 29, 23, 28, 38, 32, 27]"
1047,41,2332800,B_,0.003,0.75,180,0.9,14,11,32,0.12,"[0, 0, 0, 0, 0, 0, 13, 35, 25, 26, 22, 34, 21, 31, 33, 26, 36, 28, 31, 29, 30, 34, 28, 26, 27, 32, 24, 26, 29, 29]"
1048,41,2332800,B_,0.003,0.75,180,0.9,14,11,32,0.125,"[0, 0, 9, 31, 30, 37, 26, 33, 35, 29, 31, 25, 26, 36, 26, 37, 35, 31, 14, 33, 28, 21, 33, 26, 19, 29, 32, 23, 23, 27]"
1049,41,2332800,B_,0.003,0.75,180,0.9,14,11,32,0.13,"[0, 0, 12, 32, 27, 27, 15, 24, 26, 26, 33, 25, 21, 38, 26, 25, 30, 31, 27, 34, 23, 31, 39, 29, 30, 37, 34, 37, 20, 33]"
1054,42,2332800,B_,0.003,0.75,180,0.9,14,11,32,0.03,"[0, 0, 0, 1, 2, 1, 0, 0, 0, 0, 0, 0, 0, 0, 0, 0, 0, 0, 0, 0, 0, 1, 1, 0, 0, 0, 0, 0, 1, 0]"
1053,42,2332800,B_,0.003,0.75,180,0.9,14,11,32,0.025,"[0, 0, 0, 0, 0, 0, 0, 0, 0, 0, 0, 0, 0, 0, 0, 0, 0, 0, 0, 0, 0, 0, 0, 0, 0, 0, 0, 0, 0, 0]"
1055,42,2332800,B_,0.003,0.75,180,0.9,14,11,32,0.035,"[0, 0, 0, 0, 0, 0, 1, 0, 0, 0, 3, 1, 0, 0, 2, 0, 0, 1, 0, 0, 0, 0, 0, 0, 0, 0, 0, 0, 0, 0]"
1056,42,2332800,B_,0.003,0.75,180,0.9,14,11,32,0.04,"[0, 0, 0, 1, 0, 0, 0, 2, 1, 1, 2, 3, 0, 0, 0, 0, 0, 0, 1, 1, 1, 2, 3, 3, 0, 0, 0, 0, 0, 0]"
1061,42,2332800,B_,0.003,0.75,180,0.9,14,11,32,0.065,"[0, 0, 1, 2, 1, 1, 1, 8, 9, 12, 9, 15, 7, 10, 5, 13, 17, 15, 9, 4, 5, 8, 12, 12, 0, 3, 15, 15, 11, 20]"
1057,42,2332800,B_,0.003,0.75,180,0.9,14,11,32,0.045,"[0, 0, 0, 0, 0, 0, 0, 0, 0, 0, 0, 0, 1, 0, 0, 0, 0, 2, 0, 0, 0, 0, 1, 1, 2, 0, 3, 1, 2, 0]"
1058,42,2332800,B_,0.003,0.75,180,0.9,14,11,32,0.05,"[0, 0, 0, 0, 0, 0, 0, 0, 0, 0, 0, 0, 0, 0, 0, 0, 0, 1, 0, 1, 2, 1, 3, 3, 1, 2, 1, 0, 5, 9]"
1059,42,2332800,B_,0.003,0.75,180,0.9,14,11,32,0.055,"[0, 0, 7, 3, 5, 7, 1, 0, 5, 1, 3, 1, 0, 3, 3, 2, 1, 6, 1, 0, 1, 0, 1, 2, 0, 0, 0, 2, 2, 3]"
1060,42,2332800,B_,0.003,0.75,180,0.9,14,11,32,0.06,"[0, 0, 0, 0, 0, 0, 0, 0, 3, 7, 7, 5, 4, 3, 7, 6, 12, 12, 2, 4, 5, 4, 8, 11, 3, 8, 5, 10, 11, 21]"
1062,42,2332800,B_,0.003,0.75,180,0.9,14,11,32,0.07,"[0, 0, 0, 4, 4, 8, 0, 1, 2, 9, 19, 22, 8, 7, 6, 13, 11, 9, 0, 3, 6, 8, 13, 19, 0, 2, 4, 6, 3, 8]"
1063,42,2332800,B_,0.003,0.75,180,0.9,14,11,32,0.075,"[0, 1, 5, 8, 11, 11, 6, 7, 4, 14, 23, 24, 10, 18, 19, 20, 16, 22, 3, 8, 13, 13, 20, 22, 5, 12, 9, 23, 16, 13]"
1067,42,2332800,B_,0.003,0.75,180,0.9,14,11,32,0.095,"[0, 0, 4, 7, 17, 19, 15, 16, 27, 28, 31, 31, 9, 22, 25, 33, 21, 24, 12, 22, 25, 20, 17, 29, 0, 9, 16, 20, 22, 22]"
1064,42,2332800,B_,0.003,0.75,180,0.9,14,11,32,0.08,"[0, 0, 1, 13, 13, 25, 7, 18, 14, 17, 18, 22, 4, 6, 10, 10, 20, 16, 11, 12, 25, 18, 13, 25, 10, 10, 12, 22, 13, 23]"
1075,43,2332800,B_,0.003,0.75,180,0.9,14,11,32,0.01,"[0, 0, 0, 0, 0, 0, 0, 0, 0, 0, 0, 0, 0, 0, 0, 0, 0, 0, 0, 0, 0, 0, 0, 0, 0, 0, 0, 0, 0, 0]"
1065,42,2332800,B_,0.003,0.75,180,0.9,14,11,32,0.085,"[0, 0, 0, 0, 0, 0, 0, 6, 6, 10, 17, 20, 4, 16, 18, 22, 21, 29, 8, 16, 20, 20, 21, 30, 18, 16, 26, 23, 25, 24]"
1076,43,2332800,B_,0.003,0.75,180,0.9,14,11,32,0.015,"[0, 0, 0, 0, 0, 0, 0, 0, 0, 0, 0, 0, 0, 0, 0, 0, 0, 0, 0, 0, 0, 0, 0, 0, 0, 0, 0, 0, 0, 0]"
1083,43,2332800,B_,0.003,0.75,180,0.9,14,11,32,0.05,"[0, 0, 0, 0, 3, 2, 0, 1, 0, 0, 4, 3, 0, 0, 7, 2, 4, 2, 0, 0, 0, 0, 0, 0, 0, 0, 0, 0, 0, 0]"
1077,43,2332800,B_,0.003,0.75,180,0.9,14,11,32,0.02,"[0, 0, 0, 0, 0, 0, 0, 0, 0, 0, 0, 0, 0, 0, 0, 0, 0, 0, 0, 0, 0, 0, 0, 0, 0, 1, 0, 0, 0, 1]"
1078,43,2332800,B_,0.003,0.75,180,0.9,14,11,32,0.025,"[0, 1, 0, 0, 0, 0, 0, 0, 0, 0, 0, 0, 0, 0, 0, 0, 0, 0, 0, 0, 0, 0, 1, 0, 0, 0, 0, 0, 0, 0]"
1066,42,2332800,B_,0.003,0.75,180,0.9,14,11,32,0.09,"[0, 5, 7, 13, 20, 17, 17, 26, 20, 16, 32, 24, 10, 20, 20, 17, 19, 28, 5, 5, 12, 16, 13, 27, 10, 26, 25, 18, 22, 20]"
1079,43,2332800,B_,0.003,0.75,180,0.9,14,11,32,0.03,"[0, 1, 1, 0, 1, 2, 0, 0, 0, 0, 0, 0, 0, 0, 0, 0, 2, 0, 0, 0, 0, 1, 0, 0, 0, 0, 0, 0, 0, 0]"
1068,42,2332800,B_,0.003,0.75,180,0.9,14,11,32,0.1,"[0, 0, 6, 22, 29, 30, 18, 25, 26, 35, 29, 32, 13, 27, 21, 27, 20, 28, 8, 11, 25, 28, 15, 42, 8, 23, 24, 28, 30, 27]"
1080,43,2332800,B_,0.003,0.75,180,0.9,14,11,32,0.035,"[0, 0, 0, 0, 0, 0, 0, 0, 0, 0, 3, 4, 0, 0, 0, 0, 0, 0, 0, 0, 0, 1, 0, 0, 0, 0, 0, 0, 0, 0]"
1071,42,2332800,B_,0.003,0.75,180,0.9,14,11,32,0.115,"[0, 0, 0, 0, 0, 0, 0, 12, 24, 27, 34, 31, 12, 34, 26, 26, 25, 35, 19, 34, 30, 23, 17, 25, 30, 30, 22, 30, 25, 27]"
1081,43,2332800,B_,0.003,0.75,180,0.9,14,11,32,0.04,"[0, 0, 0, 0, 0, 0, 0, 0, 0, 0, 0, 0, 0, 0, 0, 0, 0, 0, 0, 0, 0, 2, 1, 1, 0, 0, 0, 0, 1, 2]"
1069,42,2332800,B_,0.003,0.75,180,0.9,14,11,32,0.105,"[0, 4, 10, 21, 37, 31, 21, 25, 18, 17, 26, 34, 15, 28, 28, 22, 30, 24, 21, 23, 34, 28, 28, 27, 22, 29, 23, 31, 24, 22]"
1082,43,2332800,B_,0.003,0.75,180,0.9,14,11,32,0.045,"[0, 0, 0, 0, 0, 0, 0, 0, 1, 0, 0, 0, 0, 0, 0, 0, 0, 0, 1, 2, 1, 3, 0, 2, 0, 0, 0, 0, 0, 0]"
1070,42,2332800,B_,0.003,0.75,180,0.9,14,11,32,0.11,"[2, 12, 30, 31, 23, 24, 18, 30, 26, 25, 33, 29, 21, 17, 25, 20, 25, 29, 19, 31, 19, 26, 29, 19, 7, 28, 41, 33, 23, 32]"
1072,42,2332800,B_,0.003,0.75,180,0.9,14,11,32,0.12,"[0, 2, 10, 29, 26, 25, 15, 30, 28, 27, 29, 27, 16, 27, 32, 24, 32, 32, 13, 24, 20, 37, 30, 27, 26, 22, 28, 30, 29, 28]"
1073,42,2332800,B_,0.003,0.75,180,0.9,14,11,32,0.125,"[0, 16, 32, 31, 30, 30, 18, 37, 37, 29, 28, 33, 26, 36, 34, 31, 33, 27, 25, 25, 27, 28, 20, 20, 31, 21, 35, 37, 29, 34]"
1074,42,2332800,B_,0.003,0.75,180,0.9,14,11,32,0.13,"[23, 33, 26, 34, 30, 30, 23, 26, 25, 27, 33, 28, 17, 35, 27, 32, 32, 35, 27, 27, 35, 38, 21, 31, 22, 23, 31, 35, 26, 22]"
1084,43,2332800,B_,0.003,0.75,180,0.9,14,11,32,0.055,"[0, 0, 0, 0, 0, 0, 0, 0, 0, 1, 3, 4, 0, 0, 0, 0, 1, 0, 0, 1, 2, 2, 6, 4, 1, 0, 0, 0, 0, 0]"
1085,43,2332800,B_,0.003,0.75,180,0.9,14,11,32,0.06,"[0, 0, 0, 2, 5, 3, 1, 0, 0, 1, 2, 1, 1, 0, 0, 3, 3, 8, 3, 2, 4, 6, 3, 4, 6, 5, 8, 7, 4, 6]"
1086,43,2332800,B_,0.003,0.75,180,0.9,14,11,32,0.065,"[0, 0, 0, 0, 0, 0, 0, 1, 2, 1, 1, 3, 0, 0, 0, 0, 3, 3, 0, 0, 0, 0, 1, 5, 2, 3, 3, 8, 5, 10]"
1087,43,2332800,B_,0.003,0.75,180,0.9,14,11,32,0.07,"[0, 0, 0, 1, 0, 0, 0, 4, 7, 11, 12, 20, 0, 3, 5, 10, 9, 14, 10, 14, 16, 17, 22, 24, 2, 11, 21, 25, 18, 17]"
1088,43,2332800,B_,0.003,0.75,180,0.9,14,11,32,0.075,"[0, 0, 0, 0, 0, 0, 0, 6, 3, 8, 13, 17, 7, 17, 14, 18, 19, 12, 2, 14, 17, 11, 13, 19, 7, 15, 20, 20, 21, 20]"
1089,43,2332800,B_,0.003,0.75,180,0.9,14,11,32,0.08,"[0, 3, 7, 10, 18, 27, 3, 14, 21, 26, 26, 21, 16, 19, 22, 21, 30, 27, 1, 2, 8, 8, 12, 24, 10, 13, 25, 36, 21, 22]"
1090,43,2332800,B_,0.003,0.75,180,0.9,14,11,32,0.085,"[0, 0, 0, 0, 3, 6, 2, 12, 17, 22, 26, 21, 6, 13, 17, 17, 26, 19, 19, 18, 17, 29, 20, 26, 12, 23, 18, 13, 22, 23]"
1091,43,2332800,B_,0.003,0.75,180,0.9,14,11,32,0.09,"[0, 0, 1, 0, 6, 14, 10, 24, 25, 28, 40, 18, 11, 12, 21, 18, 25, 25, 8, 15, 19, 24, 22, 18, 7, 14, 27, 27, 19, 35]"
1100,44,2332800,B_,0.003,0.75,180,0.9,14,11,32,0.01,"[0, 0, 0, 0, 0, 0, 0, 0, 0, 0, 0, 0, 0, 0, 0, 0, 0, 0, 0, 0, 0, 0, 0, 0, 0, 0, 0, 0, 0, 0]"
1092,43,2332800,B_,0.003,0.75,180,0.9,14,11,32,0.095,"[0, 0, 2, 14, 14, 22, 17, 25, 19, 25, 24, 23, 27, 19, 19, 35, 18, 27, 13, 25, 23, 29, 20, 28, 15, 21, 23, 25, 18, 28]"
1101,44,2332800,B_,0.003,0.75,180,0.9,14,11,32,0.015,"[0, 0, 0, 0, 0, 0, 0, 0, 0, 0, 0, 0, 0, 0, 0, 0, 0, 0, 0, 0, 0, 0, 0, 0, 0, 0, 0, 0, 0, 0]"
1102,44,2332800,B_,0.003,0.75,180,0.9,14,11,32,0.02,"[0, 0, 0, 0, 0, 0, 0, 0, 0, 1, 0, 0, 0, 0, 0, 0, 0, 0, 0, 0, 0, 0, 0, 0, 0, 0, 0, 0, 0, 0]"
1093,43,2332800,B_,0.003,0.75,180,0.9,14,11,32,0.1,"[1, 12, 23, 21, 30, 17, 18, 22, 26, 23, 24, 22, 8, 34, 31, 20, 19, 30, 13, 26, 26, 24, 27, 29, 21, 18, 34, 25, 16, 25]"
1095,43,2332800,B_,0.003,0.75,180,0.9,14,11,32,0.11,"[0, 1, 15, 25, 25, 23, 18, 23, 33, 25, 29, 30, 11, 11, 33, 23, 30, 20, 5, 33, 22, 28, 27, 27, 16, 21, 27, 39, 21, 31]"
1094,43,2332800,B_,0.003,0.75,180,0.9,14,11,32,0.105,"[0, 3, 27, 28, 26, 23, 13, 29, 35, 19, 28, 29, 6, 21, 32, 16, 22, 27, 13, 20, 24, 25, 33, 31, 20, 33, 25, 25, 17, 28]"
1096,43,2332800,B_,0.003,0.75,180,0.9,14,11,32,0.115,"[0, 1, 13, 33, 36, 28, 9, 31, 34, 30, 28, 24, 13, 26, 35, 28, 23, 36, 21, 17, 31, 18, 23, 21, 15, 29, 39, 26, 32, 24]"
1097,43,2332800,B_,0.003,0.75,180,0.9,14,11,32,0.12,"[0, 14, 33, 25, 29, 21, 23, 32, 28, 28, 36, 30, 15, 28, 40, 33, 25, 26, 20, 20, 34, 23, 29, 33, 24, 35, 17, 31, 29, 21]"
1099,43,2332800,B_,0.003,0.75,180,0.9,14,11,32,0.13,"[0, 0, 1, 0, 0, 1, 7, 35, 30, 37, 40, 20, 23, 34, 27, 28, 24, 34, 24, 29, 34, 25, 35, 28, 16, 33, 25, 33, 22, 24]"
1103,44,2332800,B_,0.003,0.75,180,0.9,14,11,32,0.025,"[0, 0, 0, 2, 1, 1, 0, 0, 0, 0, 0, 0, 0, 0, 0, 0, 0, 0, 0, 0, 0, 0, 0, 0, 0, 0, 1, 1, 1, 1]"
1098,43,2332800,B_,0.003,0.75,180,0.9,14,11,32,0.125,"[0, 2, 3, 18, 29, 35, 26, 20, 31, 30, 29, 23, 19, 37, 27, 32, 36, 32, 19, 26, 43, 26, 25, 23, 14, 18, 31, 22, 25, 32]"
1107,44,2332800,B_,0.003,0.75,180,0.9,14,11,32,0.045,"[0, 0, 0, 0, 0, 1, 0, 0, 0, 0, 0, 0, 0, 0, 0, 0, 0, 0, 0, 0, 0, 0, 0, 0, 0, 0, 0, 0, 1, 0]"
1104,44,2332800,B_,0.003,0.75,180,0.9,14,11,32,0.03,"[0, 0, 0, 0, 0, 0, 0, 0, 0, 0, 0, 0, 0, 0, 0, 0, 0, 0, 1, 0, 0, 0, 0, 0, 0, 0, 0, 0, 0, 0]"
1105,44,2332800,B_,0.003,0.75,180,0.9,14,11,32,0.035,"[0, 0, 0, 0, 0, 0, 0, 0, 0, 0, 2, 1, 0, 0, 0, 0, 0, 0, 0, 0, 0, 2, 0, 0, 0, 0, 0, 0, 0, 1]"
1106,44,2332800,B_,0.003,0.75,180,0.9,14,11,32,0.04,"[0, 0, 0, 0, 0, 0, 0, 0, 0, 0, 0, 0, 0, 0, 0, 0, 0, 0, 1, 0, 1, 0, 1, 0, 0, 2, 1, 0, 0, 1]"
1108,44,2332800,B_,0.003,0.75,180,0.9,14,11,32,0.05,"[0, 0, 0, 0, 0, 0, 0, 0, 0, 0, 0, 0, 0, 0, 0, 0, 2, 5, 3, 0, 0, 0, 0, 0, 0, 0, 0, 0, 0, 3]"
1109,44,2332800,B_,0.003,0.75,180,0.9,14,11,32,0.055,"[0, 0, 0, 0, 0, 0, 0, 0, 0, 2, 3, 4, 0, 0, 2, 5, 3, 6, 3, 3, 8, 4, 11, 12, 1, 6, 5, 5, 7, 6]"
1110,44,2332800,B_,0.003,0.75,180,0.9,14,11,32,0.06,"[0, 0, 0, 3, 2, 1, 0, 3, 3, 2, 4, 2, 0, 1, 0, 0, 0, 0, 0, 0, 0, 0, 0, 2, 2, 5, 6, 10, 16, 13]"
1114,44,2332800,B_,0.003,0.75,180,0.9,14,11,32,0.08,"[0, 0, 0, 2, 0, 0, 0, 0, 0, 0, 1, 1, 0, 0, 0, 1, 4, 14, 0, 15, 23, 26, 20, 25, 7, 12, 6, 20, 23, 19]"
1111,44,2332800,B_,0.003,0.75,180,0.9,14,11,32,0.065,"[0, 0, 0, 3, 3, 4, 0, 0, 1, 2, 12, 11, 0, 3, 4, 11, 15, 11, 0, 1, 0, 0, 1, 6, 0, 0, 0, 0, 1, 6]"
1112,44,2332800,B_,0.003,0.75,180,0.9,14,11,32,0.07,"[0, 0, 0, 0, 0, 0, 0, 0, 0, 0, 7, 6, 3, 0, 0, 1, 8, 11, 3, 4, 4, 6, 8, 9, 1, 3, 7, 13, 12, 25]"
1113,44,2332800,B_,0.003,0.75,180,0.9,14,11,32,0.075,"[0, 0, 1, 1, 4, 6, 1, 5, 7, 7, 8, 9, 0, 11, 17, 16, 24, 29, 6, 8, 15, 17, 18, 17, 11, 18, 26, 16, 26, 24]"
1115,44,2332800,B_,0.003,0.75,180,0.9,14,11,32,0.085,"[0, 0, 1, 11, 8, 10, 13, 14, 16, 22, 21, 15, 4, 17, 24, 21, 25, 16, 23, 18, 21, 25, 17, 29, 2, 7, 10, 18, 20, 17]"
1125,45,2332800,B_,0.003,0.75,180,0.9,14,11,32,0.01,"[0, 0, 0, 0, 0, 0, 0, 0, 0, 0, 0, 0, 0, 0, 0, 0, 0, 0, 0, 0, 0, 0, 0, 0, 0, 0, 0, 0, 0, 0]"
1126,45,2332800,B_,0.003,0.75,180,0.9,14,11,32,0.015,"[0, 0, 0, 0, 0, 0, 0, 0, 0, 0, 0, 0, 0, 0, 0, 0, 0, 0, 0, 0, 0, 0, 0, 0, 0, 0, 0, 0, 0, 0]"
1116,44,2332800,B_,0.003,0.75,180,0.9,14,11,32,0.09,"[0, 4, 6, 9, 14, 23, 10, 20, 19, 21, 27, 27, 3, 10, 11, 6, 14, 17, 6, 14, 5, 9, 13, 21, 8, 18, 25, 34, 32, 24]"
1128,45,2332800,B_,0.003,0.75,180,0.9,14,11,32,0.025,"[0, 0, 0, 0, 0, 0, 0, 0, 0, 0, 0, 0, 0, 0, 0, 0, 0, 0, 0, 0, 0, 0, 1, 0, 0, 0, 0, 0, 0, 0]"
1129,45,2332800,B_,0.003,0.75,180,0.9,14,11,32,0.03,"[0, 0, 0, 0, 0, 0, 0, 0, 0, 0, 0, 0, 0, 0, 0, 0, 0, 0, 0, 0, 0, 0, 0, 0, 0, 0, 0, 0, 0, 0]"
1127,45,2332800,B_,0.003,0.75,180,0.9,14,11,32,0.02,"[0, 0, 0, 0, 0, 0, 0, 0, 0, 0, 0, 0, 0, 0, 0, 0, 0, 0, 0, 0, 0, 0, 0, 0, 0, 0, 0, 0, 0, 0]"
1117,44,2332800,B_,0.003,0.75,180,0.9,14,11,32,0.095,"[0, 0, 4, 9, 16, 24, 11, 25, 19, 28, 19, 27, 13, 23, 25, 24, 22, 26, 11, 25, 19, 28, 21, 28, 13, 15, 10, 24, 25, 31]"
1130,45,2332800,B_,0.003,0.75,180,0.9,14,11,32,0.035,"[0, 0, 0, 0, 1, 0, 0, 0, 0, 0, 3, 1, 0, 0, 0, 0, 0, 0, 0, 0, 0, 0, 2, 0, 0, 0, 0, 0, 0, 0]"
1118,44,2332800,B_,0.003,0.75,180,0.9,14,11,32,0.1,"[0, 0, 2, 6, 18, 28, 6, 22, 34, 28, 25, 32, 7, 12, 26, 25, 17, 32, 19, 26, 25, 28, 23, 28, 17, 26, 25, 25, 27, 24]"
1119,44,2332800,B_,0.003,0.75,180,0.9,14,11,32,0.105,"[0, 6, 3, 3, 3, 6, 6, 21, 29, 24, 22, 31, 15, 26, 31, 22, 18, 28, 8, 16, 33, 21, 21, 26, 13, 22, 23, 32, 20, 25]"
1131,45,2332800,B_,0.003,0.75,180,0.9,14,11,32,0.04,"[0, 0, 0, 0, 0, 0, 0, 0, 0, 0, 1, 2, 0, 0, 0, 0, 0, 0, 0, 0, 0, 0, 1, 0, 0, 0, 0, 0, 0, 0]"
1132,45,2332800,B_,0.003,0.75,180,0.9,14,11,32,0.045,"[0, 0, 0, 0, 0, 0, 0, 0, 0, 0, 0, 1, 0, 0, 0, 1, 0, 1, 0, 0, 0, 0, 2, 0, 1, 0, 1, 0, 2, 1]"
1133,45,2332800,B_,0.003,0.75,180,0.9,14,11,32,0.05,"[0, 0, 0, 2, 1, 3, 0, 0, 0, 0, 0, 0, 0, 1, 3, 3, 1, 0, 0, 0, 1, 0, 0, 2, 1, 3, 5, 3, 4, 4]"
1120,44,2332800,B_,0.003,0.75,180,0.9,14,11,32,0.11,"[0, 0, 19, 21, 25, 16, 17, 23, 32, 27, 27, 24, 9, 16, 27, 34, 19, 22, 20, 25, 21, 26, 34, 18, 15, 29, 26, 28, 27, 22]"
1122,44,2332800,B_,0.003,0.75,180,0.9,14,11,32,0.12,"[8, 14, 29, 37, 30, 25, 16, 28, 29, 22, 30, 30, 6, 21, 28, 29, 27, 34, 28, 32, 26, 29, 31, 33, 23, 26, 28, 28, 22, 28]"
1121,44,2332800,B_,0.003,0.75,180,0.9,14,11,32,0.115,"[0, 2, 30, 26, 27, 25, 26, 28, 21, 26, 27, 20, 19, 38, 34, 25, 21, 23, 21, 19, 27, 27, 23, 28, 25, 28, 30, 37, 24, 21]"
1123,44,2332800,B_,0.003,0.75,180,0.9,14,11,32,0.125,"[0, 0, 6, 34, 25, 35, 12, 24, 21, 23, 34, 32, 14, 26, 29, 24, 20, 30, 14, 26, 34, 28, 33, 25, 17, 22, 31, 39, 24, 28]"
1124,44,2332800,B_,0.003,0.75,180,0.9,14,11,32,0.13,"[0, 0, 24, 44, 29, 33, 24, 33, 29, 27, 32, 30, 19, 27, 39, 35, 28, 34, 16, 32, 31, 33, 29, 23, 19, 20, 26, 41, 33, 30]"
1134,45,2332800,B_,0.003,0.75,180,0.9,14,11,32,0.055,"[0, 0, 1, 2, 0, 4, 0, 0, 1, 1, 3, 3, 0, 0, 0, 0, 1, 2, 0, 2, 1, 11, 9, 5, 2, 1, 1, 0, 4, 9]"
1137,45,2332800,B_,0.003,0.75,180,0.9,14,11,32,0.07,"[0, 0, 1, 5, 4, 5, 2, 1, 7, 7, 8, 9, 2, 1, 6, 13, 7, 7, 1, 2, 11, 8, 15, 24, 2, 2, 2, 3, 5, 10]"
1135,45,2332800,B_,0.003,0.75,180,0.9,14,11,32,0.06,"[0, 0, 0, 0, 0, 0, 0, 0, 0, 0, 0, 0, 0, 0, 0, 0, 0, 0, 0, 0, 1, 0, 0, 0, 0, 0, 0, 0, 1, 3]"
1138,45,2332800,B_,0.003,0.75,180,0.9,14,11,32,0.075,"[1, 1, 1, 0, 4, 7, 8, 19, 24, 20, 24, 29, 11, 21, 18, 20, 20, 20, 5, 6, 8, 16, 9, 22, 3, 7, 14, 10, 8, 10]"
1136,45,2332800,B_,0.003,0.75,180,0.9,14,11,32,0.065,"[2, 3, 2, 6, 4, 9, 0, 1, 2, 5, 1, 4, 3, 5, 7, 7, 14, 11, 3, 7, 5, 11, 6, 8, 1, 5, 6, 10, 5, 7]"
1139,45,2332800,B_,0.003,0.75,180,0.9,14,11,32,0.08,"[0, 0, 1, 0, 3, 4, 0, 0, 1, 5, 7, 14, 6, 16, 19, 12, 23, 13, 5, 7, 12, 17, 18, 16, 2, 13, 11, 18, 23, 23]"
1140,45,2332800,B_,0.003,0.75,180,0.9,14,11,32,0.085,"[2, 18, 26, 20, 22, 29, 11, 19, 21, 26, 24, 26, 6, 10, 16, 27, 23, 21, 6, 14, 26, 24, 26, 18, 2, 5, 23, 21, 11, 22]"
1142,45,2332800,B_,0.003,0.75,180,0.9,14,11,32,0.095,"[0, 0, 6, 10, 19, 19, 9, 18, 21, 26, 30, 31, 13, 20, 25, 23, 23, 21, 4, 6, 21, 21, 18, 27, 13, 24, 26, 26, 25, 29]"
1150,46,2332800,B_,0.003,0.75,180,0.9,14,11,32,0.01,"[0, 0, 0, 0, 0, 0, 0, 0, 0, 0, 0, 0, 0, 0, 0, 0, 0, 0, 0, 0, 0, 0, 0, 0, 0, 0, 0, 0, 0, 0]"
1141,45,2332800,B_,0.003,0.75,180,0.9,14,11,32,0.09,"[0, 9, 13, 18, 23, 23, 13, 18, 33, 20, 22, 30, 11, 23, 25, 23, 21, 27, 17, 15, 26, 21, 24, 33, 15, 26, 33, 28, 21, 26]"
1151,46,2332800,B_,0.003,0.75,180,0.9,14,11,32,0.015,"[0, 0, 0, 0, 0, 0, 0, 0, 0, 0, 0, 0, 0, 0, 0, 0, 0, 0, 0, 0, 0, 0, 0, 0, 0, 0, 0, 0, 0, 0]"
1143,45,2332800,B_,0.003,0.75,180,0.9,14,11,32,0.1,"[0, 0, 3, 11, 12, 21, 25, 23, 28, 19, 31, 20, 22, 16, 28, 28, 20, 27, 9, 22, 25, 21, 27, 32, 11, 28, 27, 33, 26, 35]"
1144,45,2332800,B_,0.003,0.75,180,0.9,14,11,32,0.105,"[0, 0, 0, 1, 4, 11, 8, 12, 25, 31, 23, 31, 18, 26, 22, 25, 26, 32, 6, 20, 27, 18, 26, 25, 21, 26, 31, 30, 22, 35]"
1146,45,2332800,B_,0.003,0.75,180,0.9,14,11,32,0.115,"[0, 0, 0, 0, 0, 1, 2, 13, 23, 28, 33, 30, 25, 29, 28, 31, 21, 19, 17, 25, 26, 20, 26, 19, 19, 27, 32, 32, 20, 25]"
1145,45,2332800,B_,0.003,0.75,180,0.9,14,11,32,0.11,"[0, 4, 11, 18, 30, 25, 15, 21, 23, 23, 29, 27, 27, 21, 27, 30, 21, 34, 15, 35, 27, 32, 25, 28, 29, 26, 27, 27, 21, 26]"
1147,45,2332800,B_,0.003,0.75,180,0.9,14,11,32,0.12,"[0, 0, 14, 36, 33, 24, 19, 26, 28, 26, 35, 30, 33, 28, 27, 30, 31, 27, 10, 14, 19, 34, 25, 22, 17, 30, 24, 39, 26, 29]"
1149,45,2332800,B_,0.003,0.75,180,0.9,14,11,32,0.13,"[0, 0, 0, 0, 0, 0, 6, 26, 33, 24, 39, 27, 24, 36, 32, 30, 34, 33, 36, 24, 31, 21, 25, 22, 17, 41, 30, 38, 22, 31]"
1148,45,2332800,B_,0.003,0.75,180,0.9,14,11,32,0.125,"[9, 35, 33, 32, 37, 27, 20, 32, 30, 32, 23, 28, 30, 35, 30, 23, 29, 31, 25, 25, 25, 27, 26, 32, 19, 25, 32, 34, 31, 26]"
1152,46,2332800,B_,0.003,0.75,180,0.9,14,11,32,0.02,"[0, 0, 0, 0, 0, 0, 0, 0, 0, 0, 0, 0, 0, 0, 0, 0, 0, 0, 0, 0, 0, 1, 0, 0, 0, 0, 0, 0, 0, 0]"
1154,46,2332800,B_,0.003,0.75,180,0.9,14,11,32,0.03,"[0, 0, 0, 0, 0, 0, 0, 0, 0, 0, 0, 0, 0, 0, 0, 0, 0, 1, 0, 0, 0, 1, 0, 0, 0, 0, 0, 0, 0, 0]"
1153,46,2332800,B_,0.003,0.75,180,0.9,14,11,32,0.025,"[0, 0, 0, 0, 0, 0, 0, 0, 0, 0, 0, 0, 1, 2, 1, 0, 1, 1, 0, 0, 0, 0, 0, 0, 0, 0, 0, 0, 0, 0]"
1155,46,2332800,B_,0.003,0.75,180,0.9,14,11,32,0.035,"[0, 0, 0, 0, 0, 0, 0, 2, 1, 3, 5, 1, 1, 0, 0, 1, 0, 2, 0, 0, 0, 0, 0, 0, 0, 0, 0, 0, 1, 1]"
1156,46,2332800,B_,0.003,0.75,180,0.9,14,11,32,0.04,"[0, 0, 0, 0, 0, 0, 0, 0, 0, 1, 0, 0, 1, 0, 0, 0, 0, 1, 0, 0, 0, 1, 0, 2, 0, 1, 1, 0, 0, 0]"
1157,46,2332800,B_,0.003,0.75,180,0.9,14,11,32,0.045,"[0, 0, 0, 0, 0, 0, 0, 0, 0, 0, 3, 5, 0, 1, 2, 2, 2, 1, 2, 2, 4, 6, 10, 5, 4, 0, 7, 6, 5, 7]"
1161,46,2332800,B_,0.003,0.75,180,0.9,14,11,32,0.065,"[0, 0, 0, 3, 3, 9, 3, 4, 6, 13, 12, 17, 12, 12, 17, 11, 13, 18, 5, 12, 8, 14, 14, 18, 2, 1, 5, 4, 9, 11]"
1158,46,2332800,B_,0.003,0.75,180,0.9,14,11,32,0.05,"[0, 0, 1, 0, 0, 0, 0, 2, 3, 2, 3, 3, 0, 0, 2, 3, 4, 2, 0, 0, 0, 0, 0, 0, 0, 0, 0, 0, 3, 1]"
1159,46,2332800,B_,0.003,0.75,180,0.9,14,11,32,0.055,"[0, 0, 0, 1, 3, 2, 1, 3, 3, 6, 4, 9, 1, 2, 2, 2, 1, 3, 0, 0, 0, 2, 1, 1, 0, 0, 0, 0, 0, 2]"
1160,46,2332800,B_,0.003,0.75,180,0.9,14,11,32,0.06,"[0, 0, 1, 2, 3, 7, 3, 5, 4, 2, 5, 4, 0, 0, 2, 6, 3, 9, 3, 14, 16, 13, 10, 12, 3, 0, 1, 1, 3, 7]"
1162,46,2332800,B_,0.003,0.75,180,0.9,14,11,32,0.07,"[0, 0, 0, 0, 0, 0, 0, 0, 3, 6, 7, 5, 2, 3, 1, 5, 8, 13, 3, 9, 8, 10, 12, 14, 7, 4, 7, 6, 10, 18]"
1163,46,2332800,B_,0.003,0.75,180,0.9,14,11,32,0.075,"[0, 4, 5, 15, 16, 22, 7, 24, 21, 19, 23, 23, 6, 13, 27, 17, 19, 18, 9, 11, 14, 18, 18, 25, 14, 12, 15, 13, 19, 15]"
1164,46,2332800,B_,0.003,0.75,180,0.9,14,11,32,0.08,"[0, 0, 0, 0, 0, 1, 0, 0, 0, 2, 11, 8, 6, 7, 12, 20, 17, 24, 17, 17, 27, 28, 22, 17, 10, 11, 18, 23, 16, 26]"
1165,46,2332800,B_,0.003,0.75,180,0.9,14,11,32,0.085,"[0, 2, 3, 2, 5, 7, 0, 0, 0, 0, 0, 0, 0, 0, 0, 0, 4, 16, 10, 14, 25, 20, 20, 23, 12, 16, 20, 19, 19, 22]"
1175,47,2332800,B_,0.003,0.75,180,0.9,14,11,32,0.01,"[0, 0, 0, 0, 0, 0, 0, 0, 0, 0, 0, 0, 0, 0, 0, 0, 0, 0, 0, 0, 0, 0, 0, 0, 0, 0, 0, 0, 0, 0]"
1176,47,2332800,B_,0.003,0.75,180,0.9,14,11,32,0.015,"[0, 0, 0, 0, 0, 0, 0, 0, 0, 0, 0, 2, 0, 0, 0, 0, 0, 0, 0, 0, 0, 0, 0, 0, 0, 0, 0, 0, 0, 0]"
1178,47,2332800,B_,0.003,0.75,180,0.9,14,11,32,0.025,"[0, 0, 0, 0, 0, 0, 0, 0, 1, 0, 0, 0, 0, 0, 0, 0, 0, 0, 0, 0, 0, 0, 0, 0, 0, 0, 1, 1, 0, 1]"
1177,47,2332800,B_,0.003,0.75,180,0.9,14,11,32,0.02,"[0, 0, 0, 0, 0, 0, 0, 0, 0, 0, 0, 0, 0, 0, 0, 0, 0, 0, 0, 0, 0, 0, 0, 0, 0, 0, 0, 0, 0, 0]"
1185,47,2332800,B_,0.003,0.75,180,0.9,14,11,32,0.06,"[0, 0, 0, 0, 0, 0, 2, 5, 4, 5, 6, 15, 3, 2, 7, 9, 16, 11, 1, 4, 7, 6, 3, 7, 2, 2, 2, 1, 2, 5]"
1179,47,2332800,B_,0.003,0.75,180,0.9,14,11,32,0.03,"[0, 0, 0, 0, 0, 0, 0, 0, 0, 0, 0, 0, 0, 0, 0, 0, 0, 0, 0, 0, 0, 0, 0, 0, 0, 0, 0, 0, 0, 0]"
1167,46,2332800,B_,0.003,0.75,180,0.9,14,11,32,0.095,"[0, 0, 1, 8, 12, 4, 8, 10, 17, 19, 26, 15, 5, 7, 10, 12, 23, 33, 15, 18, 29, 21, 22, 25, 15, 35, 34, 32, 26, 20]"
1166,46,2332800,B_,0.003,0.75,180,0.9,14,11,32,0.09,"[0, 1, 13, 18, 29, 22, 11, 20, 32, 22, 26, 32, 9, 22, 20, 24, 22, 22, 11, 28, 27, 25, 21, 20, 9, 7, 12, 20, 21, 23]"
1181,47,2332800,B_,0.003,0.75,180,0.9,14,11,32,0.04,"[0, 0, 0, 0, 0, 0, 0, 0, 0, 0, 0, 0, 0, 1, 2, 0, 2, 2, 0, 0, 0, 0, 0, 0, 0, 0, 0, 0, 0, 0]"
1180,47,2332800,B_,0.003,0.75,180,0.9,14,11,32,0.035,"[0, 0, 0, 0, 0, 0, 0, 0, 0, 1, 1, 1, 1, 0, 0, 0, 0, 3, 2, 0, 0, 3, 0, 0, 0, 0, 0, 0, 0, 0]"
1182,47,2332800,B_,0.003,0.75,180,0.9,14,11,32,0.045,"[0, 0, 1, 0, 2, 1, 0, 0, 0, 0, 0, 0, 0, 0, 0, 0, 0, 0, 0, 0, 0, 3, 2, 1, 0, 0, 0, 0, 0, 0]"
1183,47,2332800,B_,0.003,0.75,180,0.9,14,11,32,0.05,"[0, 0, 0, 0, 0, 2, 0, 3, 5, 3, 4, 3, 0, 0, 3, 0, 2, 3, 2, 0, 7, 1, 1, 2, 2, 2, 3, 1, 2, 4]"
1168,46,2332800,B_,0.003,0.75,180,0.9,14,11,32,0.1,"[1, 14, 26, 23, 26, 33, 6, 27, 24, 21, 25, 31, 15, 26, 31, 23, 21, 27, 11, 31, 24, 19, 21, 22, 14, 31, 35, 27, 25, 26]"
1169,46,2332800,B_,0.003,0.75,180,0.9,14,11,32,0.105,"[0, 7, 30, 26, 31, 27, 19, 19, 32, 31, 24, 27, 19, 29, 25, 33, 26, 36, 12, 24, 22, 22, 21, 24, 26, 21, 29, 28, 30, 29]"
1170,46,2332800,B_,0.003,0.75,180,0.9,14,11,32,0.11,"[0, 5, 24, 34, 30, 24, 12, 29, 23, 30, 33, 24, 28, 41, 23, 21, 24, 28, 24, 21, 22, 28, 17, 23, 16, 26, 28, 31, 28, 34]"
1171,46,2332800,B_,0.003,0.75,180,0.9,14,11,32,0.115,"[0, 4, 28, 35, 26, 31, 14, 36, 35, 25, 30, 30, 19, 29, 35, 31, 19, 23, 19, 23, 23, 18, 23, 28, 8, 23, 32, 26, 27, 29]"
1172,46,2332800,B_,0.003,0.75,180,0.9,14,11,32,0.12,"[0, 0, 11, 30, 32, 25, 30, 18, 32, 29, 30, 29, 26, 32, 31, 34, 22, 33, 18, 25, 33, 34, 21, 27, 11, 27, 26, 30, 15, 33]"
1187,47,2332800,B_,0.003,0.75,180,0.9,14,11,32,0.07,"[0, 0, 0, 3, 4, 2, 0, 0, 0, 0, 0, 1, 4, 9, 11, 8, 14, 20, 0, 0, 0, 4, 3, 3, 5, 6, 9, 15, 13, 20]"
1174,46,2332800,B_,0.003,0.75,180,0.9,14,11,32,0.13,"[0, 0, 24, 19, 30, 29, 30, 28, 29, 25, 31, 30, 34, 34, 32, 37, 27, 31, 24, 30, 36, 28, 26, 28, 23, 33, 30, 46, 36, 35]"
1173,46,2332800,B_,0.003,0.75,180,0.9,14,11,32,0.125,"[0, 0, 10, 32, 24, 36, 25, 29, 26, 22, 38, 24, 21, 26, 25, 29, 25, 32, 20, 26, 25, 22, 30, 34, 31, 33, 32, 28, 32, 32]"
1184,47,2332800,B_,0.003,0.75,180,0.9,14,11,32,0.055,"[0, 0, 0, 0, 0, 0, 1, 2, 3, 4, 3, 6, 2, 4, 7, 7, 8, 9, 3, 5, 3, 5, 9, 4, 0, 0, 0, 0, 0, 1]"
1189,47,2332800,B_,0.003,0.75,180,0.9,14,11,32,0.08,"[0, 0, 0, 0, 0, 0, 0, 0, 1, 5, 6, 13, 3, 12, 28, 17, 19, 21, 7, 21, 24, 19, 20, 25, 7, 13, 20, 27, 18, 25]"
1190,47,2332800,B_,0.003,0.75,180,0.9,14,11,32,0.085,"[0, 0, 2, 1, 11, 5, 1, 3, 4, 3, 2, 10, 13, 20, 18, 34, 13, 31, 14, 26, 28, 22, 27, 23, 14, 23, 22, 21, 21, 29]"
1191,47,2332800,B_,0.003,0.75,180,0.9,14,11,32,0.09,"[0, 0, 0, 0, 0, 2, 2, 2, 7, 18, 29, 17, 4, 23, 28, 26, 18, 20, 3, 7, 16, 19, 30, 22, 7, 12, 18, 27, 14, 25]"
1186,47,2332800,B_,0.003,0.75,180,0.9,14,11,32,0.065,"[0, 0, 0, 0, 0, 0, 0, 1, 1, 1, 5, 4, 1, 3, 6, 6, 6, 7, 4, 4, 8, 9, 11, 14, 1, 7, 9, 9, 18, 17]"
1200,48,2332800,B_,0.003,0.75,180,0.9,14,11,32,0.01,"[0, 0, 0, 0, 0, 0, 0, 0, 0, 0, 0, 0, 0, 0, 0, 0, 0, 0, 0, 0, 0, 0, 0, 0, 0, 0, 0, 0, 0, 0]"
1192,47,2332800,B_,0.003,0.75,180,0.9,14,11,32,0.095,"[0, 0, 5, 12, 23, 21, 11, 30, 26, 21, 31, 31, 2, 8, 19, 24, 16, 31, 3, 20, 27, 26, 14, 36, 4, 25, 18, 30, 20, 25]"
1201,48,2332800,B_,0.003,0.75,180,0.9,14,11,32,0.015,"[0, 0, 0, 0, 0, 0, 0, 0, 0, 0, 0, 0, 0, 0, 0, 0, 0, 0, 0, 0, 0, 0, 0, 0, 0, 0, 0, 0, 0, 0]"
1193,47,2332800,B_,0.003,0.75,180,0.9,14,11,32,0.1,"[0, 0, 4, 13, 17, 29, 13, 32, 23, 21, 26, 26, 31, 27, 33, 23, 26, 28, 18, 32, 23, 25, 29, 25, 17, 29, 28, 36, 23, 31]"
1194,47,2332800,B_,0.003,0.75,180,0.9,14,11,32,0.105,"[0, 0, 16, 31, 28, 35, 4, 11, 16, 29, 25, 31, 16, 28, 22, 29, 21, 21, 20, 21, 26, 24, 25, 31, 22, 36, 21, 27, 21, 30]"
1197,47,2332800,B_,0.003,0.75,180,0.9,14,11,32,0.12,"[0, 0, 0, 0, 0, 5, 3, 27, 29, 30, 24, 28, 17, 28, 35, 36, 21, 32, 33, 29, 30, 26, 21, 24, 20, 34, 34, 33, 27, 23]"
1195,47,2332800,B_,0.003,0.75,180,0.9,14,11,32,0.11,"[5, 20, 25, 26, 37, 18, 18, 29, 36, 25, 35, 26, 19, 26, 22, 25, 32, 28, 15, 23, 23, 20, 27, 32, 12, 27, 36, 38, 20, 23]"
1196,47,2332800,B_,0.003,0.75,180,0.9,14,11,32,0.115,"[0, 4, 21, 27, 22, 25, 22, 31, 26, 33, 28, 31, 24, 40, 33, 25, 25, 24, 19, 23, 37, 31, 25, 25, 22, 31, 23, 31, 29, 28]"
1188,47,2332800,B_,0.003,0.75,180,0.9,14,11,32,0.075,"[0, 0, 0, 0, 0, 2, 0, 1, 2, 13, 16, 14, 3, 6, 12, 12, 17, 23, 5, 9, 11, 14, 24, 31, 9, 20, 20, 28, 29, 22]"
1198,47,2332800,B_,0.003,0.75,180,0.9,14,11,32,0.125,"[0, 0, 7, 28, 29, 20, 17, 19, 26, 30, 32, 33, 24, 35, 36, 28, 23, 34, 11, 25, 32, 31, 33, 42, 25, 25, 31, 31, 24, 28]"
1199,47,2332800,B_,0.003,0.75,180,0.9,14,11,32,0.13,"[5, 36, 26, 35, 33, 25, 24, 23, 32, 31, 31, 34, 28, 30, 32, 29, 28, 28, 23, 32, 27, 42, 21, 36, 13, 37, 36, 19, 19, 41]"
1203,48,2332800,B_,0.003,0.75,180,0.9,14,11,32,0.025,"[0, 0, 0, 0, 0, 0, 0, 0, 0, 0, 0, 0, 0, 0, 0, 0, 0, 0, 0, 0, 0, 1, 0, 0, 0, 0, 0, 0, 0, 0]"
1202,48,2332800,B_,0.003,0.75,180,0.9,14,11,32,0.02,"[0, 0, 0, 0, 0, 0, 0, 0, 0, 0, 0, 0, 0, 0, 0, 0, 0, 0, 0, 0, 0, 0, 0, 0, 0, 0, 0, 0, 0, 0]"
1204,48,2332800,B_,0.003,0.75,180,0.9,14,11,32,0.03,"[0, 0, 0, 0, 0, 0, 0, 0, 0, 0, 0, 0, 0, 0, 0, 0, 0, 0, 0, 1, 0, 0, 1, 0, 0, 0, 0, 0, 0, 0]"
1207,48,2332800,B_,0.003,0.75,180,0.9,14,11,32,0.045,"[0, 0, 0, 1, 3, 4, 0, 0, 0, 0, 0, 0, 0, 0, 0, 0, 0, 0, 0, 2, 1, 1, 1, 0, 0, 0, 0, 0, 0, 0]"
1208,48,2332800,B_,0.003,0.75,180,0.9,14,11,32,0.05,"[0, 0, 0, 0, 0, 2, 0, 0, 1, 1, 5, 7, 1, 5, 5, 6, 8, 6, 1, 1, 5, 3, 2, 6, 0, 0, 1, 1, 4, 0]"
1205,48,2332800,B_,0.003,0.75,180,0.9,14,11,32,0.035,"[0, 0, 0, 0, 0, 0, 0, 0, 0, 0, 0, 0, 0, 0, 0, 0, 0, 0, 0, 0, 0, 0, 0, 0, 0, 0, 0, 0, 0, 0]"
1206,48,2332800,B_,0.003,0.75,180,0.9,14,11,32,0.04,"[0, 0, 0, 0, 0, 1, 0, 0, 3, 3, 2, 1, 0, 0, 0, 0, 0, 0, 0, 2, 0, 1, 0, 0, 0, 0, 0, 0, 0, 0]"
1209,48,2332800,B_,0.003,0.75,180,0.9,14,11,32,0.055,"[0, 0, 0, 0, 0, 0, 0, 0, 0, 0, 0, 0, 0, 0, 0, 0, 0, 0, 1, 3, 2, 8, 6, 13, 1, 2, 2, 3, 2, 11]"
1210,48,2332800,B_,0.003,0.75,180,0.9,14,11,32,0.06,"[0, 0, 0, 1, 1, 4, 0, 0, 2, 4, 4, 4, 2, 4, 3, 2, 4, 0, 0, 0, 0, 0, 0, 0, 0, 0, 0, 0, 0, 0]"
1211,48,2332800,B_,0.003,0.75,180,0.9,14,11,32,0.065,"[1, 1, 4, 3, 7, 2, 0, 1, 8, 10, 16, 14, 1, 2, 7, 13, 8, 13, 9, 7, 12, 9, 20, 18, 5, 9, 8, 17, 12, 17]"
1212,48,2332800,B_,0.003,0.75,180,0.9,14,11,32,0.07,"[0, 0, 0, 12, 15, 12, 7, 13, 15, 14, 10, 14, 5, 12, 22, 17, 12, 24, 10, 20, 19, 19, 15, 18, 2, 9, 14, 12, 14, 16]"
1213,48,2332800,B_,0.003,0.75,180,0.9,14,11,32,0.075,"[0, 1, 3, 4, 7, 9, 1, 6, 5, 11, 17, 18, 5, 8, 23, 8, 14, 23, 11, 12, 10, 14, 13, 13, 3, 6, 5, 12, 11, 25]"
1214,48,2332800,B_,0.003,0.75,180,0.9,14,11,32,0.08,"[0, 0, 0, 0, 0, 1, 0, 0, 0, 6, 9, 21, 5, 24, 21, 25, 20, 26, 12, 16, 17, 23, 21, 24, 3, 9, 7, 10, 22, 25]"
1233,49,2332800,B_,0.003,0.75,180,0.9,14,11,32,0.05,"[0, 0, 0, 0, 0, 0, 0, 0, 0, 0, 0, 0, 1, 2, 2, 1, 4, 3, 2, 3, 0, 2, 1, 2, 0, 0, 0, 0, 0, 0]"
1220,48,2332800,B_,0.003,0.75,180,0.9,14,11,32,0.11,"[0, 14, 32, 22, 18, 24, 15, 30, 28, 20, 29, 25, 10, 33, 37, 25, 28, 36, 12, 29, 18, 32, 19, 29, 9, 30, 30, 30, 30, 29]"
1215,48,2332800,B_,0.003,0.75,180,0.9,14,11,32,0.085,"[0, 0, 0, 4, 18, 16, 3, 4, 11, 7, 26, 17, 2, 6, 9, 9, 13, 23, 10, 21, 24, 13, 26, 21, 15, 12, 18, 21, 23, 18]"
1225,49,2332800,B_,0.003,0.75,180,0.9,14,11,32,0.01,"[0, 0, 0, 0, 0, 0, 0, 0, 0, 0, 0, 0, 0, 0, 0, 0, 0, 0, 0, 0, 0, 0, 0, 0, 0, 0, 0, 0, 0, 0]"
1216,48,2332800,B_,0.003,0.75,180,0.9,14,11,32,0.09,"[0, 0, 0, 0, 0, 2, 0, 0, 1, 3, 6, 8, 4, 20, 18, 30, 31, 24, 18, 20, 26, 27, 24, 21, 15, 26, 19, 19, 30, 17]"
1237,49,2332800,B_,0.003,0.75,180,0.9,14,11,32,0.07,"[0, 0, 0, 0, 0, 3, 0, 0, 0, 3, 4, 8, 10, 9, 11, 13, 15, 22, 8, 14, 12, 14, 20, 18, 1, 3, 1, 5, 5, 6]"
1226,49,2332800,B_,0.003,0.75,180,0.9,14,11,32,0.015,"[0, 0, 0, 0, 0, 0, 0, 0, 0, 0, 0, 0, 0, 0, 0, 0, 0, 0, 0, 0, 0, 0, 0, 0, 0, 0, 0, 0, 0, 0]"
1227,49,2332800,B_,0.003,0.75,180,0.9,14,11,32,0.02,"[0, 0, 0, 0, 0, 0, 0, 1, 0, 0, 0, 0, 0, 0, 0, 0, 0, 0, 0, 0, 0, 0, 0, 0, 0, 0, 0, 0, 0, 0]"
1228,49,2332800,B_,0.003,0.75,180,0.9,14,11,32,0.025,"[0, 0, 0, 0, 0, 0, 0, 0, 0, 0, 0, 0, 0, 0, 0, 0, 0, 0, 0, 0, 0, 0, 1, 0, 0, 0, 0, 0, 0, 1]"
1229,49,2332800,B_,0.003,0.75,180,0.9,14,11,32,0.03,"[0, 0, 0, 0, 0, 0, 0, 0, 0, 0, 0, 1, 0, 0, 1, 0, 0, 1, 0, 0, 0, 0, 0, 0, 0, 0, 0, 0, 0, 0]"
1230,49,2332800,B_,0.003,0.75,180,0.9,14,11,32,0.035,"[0, 0, 0, 0, 0, 0, 0, 2, 1, 2, 0, 4, 0, 0, 0, 0, 1, 0, 0, 0, 0, 0, 0, 0, 0, 0, 0, 0, 0, 0]"
1217,48,2332800,B_,0.003,0.75,180,0.9,14,11,32,0.095,"[0, 0, 0, 1, 12, 23, 19, 20, 36, 23, 31, 28, 16, 21, 27, 23, 21, 25, 19, 27, 25, 24, 27, 19, 9, 9, 31, 33, 18, 12]"
1231,49,2332800,B_,0.003,0.75,180,0.9,14,11,32,0.04,"[0, 0, 0, 0, 0, 0, 0, 0, 0, 0, 0, 0, 1, 0, 0, 0, 0, 0, 0, 0, 0, 0, 0, 0, 2, 0, 2, 0, 3, 1]"
1219,48,2332800,B_,0.003,0.75,180,0.9,14,11,32,0.105,"[0, 0, 1, 14, 13, 25, 7, 25, 36, 27, 31, 24, 12, 16, 24, 27, 29, 20, 1, 10, 17, 31, 27, 23, 10, 28, 34, 25, 19, 23]"
1218,48,2332800,B_,0.003,0.75,180,0.9,14,11,32,0.1,"[1, 9, 26, 20, 30, 28, 22, 20, 21, 27, 27, 23, 16, 33, 33, 25, 33, 22, 18, 28, 23, 28, 22, 29, 2, 16, 19, 36, 27, 24]"
1232,49,2332800,B_,0.003,0.75,180,0.9,14,11,32,0.045,"[1, 0, 1, 1, 2, 3, 0, 0, 0, 0, 0, 0, 1, 0, 1, 2, 3, 3, 0, 0, 0, 1, 0, 2, 0, 0, 3, 0, 1, 2]"
1238,49,2332800,B_,0.003,0.75,180,0.9,14,11,32,0.075,"[0, 0, 5, 3, 6, 7, 0, 2, 0, 12, 10, 6, 0, 4, 7, 10, 8, 21, 4, 9, 7, 12, 11, 21, 13, 11, 15, 25, 15, 16]"
1234,49,2332800,B_,0.003,0.75,180,0.9,14,11,32,0.055,"[0, 1, 1, 5, 6, 5, 0, 0, 0, 6, 7, 1, 0, 0, 0, 0, 0, 0, 0, 0, 0, 0, 0, 1, 2, 0, 2, 2, 2, 4]"
1221,48,2332800,B_,0.003,0.75,180,0.9,14,11,32,0.115,"[0, 3, 15, 35, 30, 20, 20, 23, 28, 26, 28, 27, 21, 21, 24, 23, 31, 28, 25, 25, 24, 20, 23, 25, 29, 23, 35, 35, 17, 24]"
1235,49,2332800,B_,0.003,0.75,180,0.9,14,11,32,0.06,"[0, 0, 2, 2, 4, 5, 0, 1, 2, 7, 3, 2, 0, 0, 0, 0, 0, 1, 0, 1, 0, 0, 1, 1, 0, 0, 1, 0, 4, 3]"
1239,49,2332800,B_,0.003,0.75,180,0.9,14,11,32,0.08,"[0, 0, 0, 3, 8, 7, 10, 3, 8, 8, 12, 8, 7, 11, 18, 14, 11, 22, 2, 14, 5, 8, 16, 19, 6, 6, 22, 21, 20, 20]"
1223,48,2332800,B_,0.003,0.75,180,0.9,14,11,32,0.125,"[2, 7, 6, 32, 28, 33, 33, 31, 26, 28, 35, 26, 23, 32, 29, 30, 28, 34, 26, 26, 28, 24, 30, 33, 17, 31, 25, 30, 30, 28]"
1222,48,2332800,B_,0.003,0.75,180,0.9,14,11,32,0.12,"[10, 24, 29, 33, 26, 33, 22, 33, 33, 25, 41, 36, 23, 35, 29, 28, 16, 31, 21, 31, 36, 24, 23, 32, 25, 29, 33, 37, 19, 25]"
1224,48,2332800,B_,0.003,0.75,180,0.9,14,11,32,0.13,"[0, 0, 25, 33, 28, 19, 25, 30, 33, 28, 31, 34, 29, 28, 27, 29, 23, 35, 17, 23, 39, 26, 26, 21, 31, 29, 37, 29, 28, 23]"
1241,49,2332800,B_,0.003,0.75,180,0.9,14,11,32,0.09,"[0, 4, 6, 15, 13, 19, 3, 7, 24, 31, 21, 24, 13, 27, 20, 24, 21, 24, 11, 13, 20, 25, 31, 21, 12, 25, 29, 20, 26, 20]"
1250,50,2332800,B_,0.003,0.75,180,0.9,14,11,32,0.01,"[0, 0, 0, 0, 0, 0, 0, 0, 0, 0, 0, 0, 0, 0, 0, 0, 0, 0, 0, 0, 0, 0, 0, 0, 0, 0, 0, 0, 0, 0]"
1242,49,2332800,B_,0.003,0.75,180,0.9,14,11,32,0.095,"[0, 0, 4, 8, 11, 20, 3, 14, 31, 19, 26, 25, 4, 21, 22, 25, 20, 23, 19, 18, 24, 23, 20, 30, 11, 21, 21, 29, 20, 22]"
1236,49,2332800,B_,0.003,0.75,180,0.9,14,11,32,0.065,"[0, 0, 0, 0, 0, 0, 0, 0, 1, 2, 0, 0, 0, 7, 6, 7, 14, 12, 4, 6, 14, 13, 17, 15, 3, 8, 7, 9, 12, 14]"
1251,50,2332800,B_,0.003,0.75,180,0.9,14,11,32,0.015,"[0, 0, 1, 0, 0, 1, 0, 0, 0, 0, 0, 0, 0, 0, 0, 0, 0, 0, 0, 0, 0, 0, 0, 0, 0, 0, 0, 0, 0, 0]"
1243,49,2332800,B_,0.003,0.75,180,0.9,14,11,32,0.1,"[0, 8, 8, 14, 22, 22, 16, 26, 21, 32, 20, 30, 29, 23, 34, 28, 25, 25, 9, 33, 26, 25, 21, 36, 22, 26, 27, 27, 24, 37]"
1244,49,2332800,B_,0.003,0.75,180,0.9,14,11,32,0.105,"[0, 0, 0, 0, 0, 4, 1, 17, 21, 24, 27, 23, 8, 14, 35, 18, 25, 26, 17, 31, 24, 36, 27, 26, 22, 25, 22, 32, 33, 26]"
1252,50,2332800,B_,0.003,0.75,180,0.9,14,11,32,0.02,"[0, 0, 0, 0, 0, 0, 0, 0, 0, 0, 0, 0, 0, 0, 0, 0, 0, 0, 0, 0, 0, 0, 1, 0, 0, 0, 0, 0, 0, 0]"
1245,49,2332800,B_,0.003,0.75,180,0.9,14,11,32,0.11,"[4, 5, 16, 29, 38, 22, 26, 29, 30, 17, 30, 24, 17, 25, 24, 24, 26, 35, 17, 29, 29, 30, 20, 20, 21, 41, 34, 31, 26, 21]"
1246,49,2332800,B_,0.003,0.75,180,0.9,14,11,32,0.115,"[0, 6, 16, 33, 29, 33, 17, 29, 31, 25, 28, 30, 16, 32, 29, 21, 31, 27, 16, 29, 31, 19, 31, 25, 15, 26, 29, 30, 26, 34]"
1247,49,2332800,B_,0.003,0.75,180,0.9,14,11,32,0.12,"[3, 4, 17, 28, 23, 28, 29, 25, 26, 31, 32, 23, 22, 35, 18, 32, 26, 27, 21, 25, 26, 29, 36, 27, 16, 35, 26, 32, 27, 37]"
1240,49,2332800,B_,0.003,0.75,180,0.9,14,11,32,0.085,"[0, 0, 0, 0, 0, 0, 0, 0, 1, 4, 11, 15, 7, 4, 5, 11, 9, 9, 3, 9, 13, 15, 28, 24, 0, 10, 15, 20, 21, 30]"
1248,49,2332800,B_,0.003,0.75,180,0.9,14,11,32,0.125,"[21, 26, 34, 29, 31, 35, 18, 28, 39, 30, 43, 31, 22, 20, 37, 26, 22, 30, 23, 22, 34, 27, 25, 34, 23, 29, 36, 28, 22, 40]"
1249,49,2332800,B_,0.003,0.75,180,0.9,14,11,32,0.13,"[0, 0, 0, 0, 0, 0, 0, 11, 30, 31, 32, 22, 11, 37, 25, 30, 20, 34, 25, 30, 29, 32, 27, 24, 21, 26, 34, 22, 23, 33]"
1253,50,2332800,B_,0.003,0.75,180,0.9,14,11,32,0.025,"[0, 0, 0, 0, 0, 0, 0, 0, 0, 0, 0, 0, 0, 0, 0, 0, 0, 0, 0, 0, 0, 0, 0, 0, 0, 0, 0, 0, 0, 0]"
1255,50,2332800,B_,0.003,0.75,180,0.9,14,11,32,0.035,"[0, 0, 0, 0, 0, 0, 1, 2, 0, 1, 1, 0, 0, 0, 0, 0, 0, 0, 0, 0, 0, 0, 0, 0, 0, 0, 0, 0, 0, 0]"
1256,50,2332800,B_,0.003,0.75,180,0.9,14,11,32,0.04,"[0, 0, 0, 0, 0, 0, 0, 0, 0, 0, 0, 0, 0, 0, 0, 0, 0, 0, 0, 0, 0, 1, 0, 1, 0, 0, 0, 0, 0, 0]"
1254,50,2332800,B_,0.003,0.75,180,0.9,14,11,32,0.03,"[0, 0, 0, 0, 0, 0, 0, 0, 0, 0, 0, 0, 0, 0, 0, 0, 0, 0, 0, 0, 0, 0, 0, 0, 0, 0, 0, 0, 0, 0]"
1257,50,2332800,B_,0.003,0.75,180,0.9,14,11,32,0.045,"[0, 0, 0, 0, 0, 0, 0, 0, 0, 1, 1, 3, 0, 0, 0, 0, 0, 2, 0, 0, 0, 1, 2, 2, 1, 2, 2, 0, 3, 2]"
1258,50,2332800,B_,0.003,0.75,180,0.9,14,11,32,0.05,"[0, 0, 0, 0, 0, 0, 2, 1, 1, 0, 1, 0, 0, 0, 1, 3, 5, 5, 2, 4, 2, 3, 3, 1, 1, 4, 3, 4, 2, 2]"
1259,50,2332800,B_,0.003,0.75,180,0.9,14,11,32,0.055,"[0, 0, 0, 0, 0, 0, 0, 1, 1, 2, 4, 3, 0, 2, 1, 0, 1, 0, 0, 0, 0, 0, 1, 0, 0, 0, 0, 0, 0, 3]"
1260,50,2332800,B_,0.003,0.75,180,0.9,14,11,32,0.06,"[0, 0, 0, 0, 0, 0, 0, 0, 0, 0, 2, 3, 0, 0, 0, 0, 0, 2, 0, 0, 0, 1, 4, 5, 0, 0, 0, 0, 0, 1]"
1261,50,2332800,B_,0.003,0.75,180,0.9,14,11,32,0.065,"[0, 0, 0, 0, 0, 1, 0, 0, 0, 0, 0, 0, 0, 0, 0, 0, 0, 2, 0, 3, 10, 7, 9, 15, 4, 3, 6, 8, 4, 12]"
1262,50,2332800,B_,0.003,0.75,180,0.9,14,11,32,0.07,"[0, 0, 0, 0, 0, 0, 0, 0, 0, 1, 0, 0, 0, 0, 0, 0, 0, 1, 0, 0, 5, 3, 5, 5, 0, 0, 0, 0, 7, 14]"
1265,50,2332800,B_,0.003,0.75,180,0.9,14,11,32,0.085,"[0, 0, 0, 0, 4, 6, 0, 10, 9, 17, 30, 27, 4, 29, 14, 22, 13, 26, 7, 20, 23, 11, 26, 23, 9, 24, 28, 24, 21, 21]"
1266,50,2332800,B_,0.003,0.75,180,0.9,14,11,32,0.09,"[0, 0, 0, 2, 19, 25, 11, 16, 17, 21, 25, 18, 13, 21, 31, 27, 22, 28, 8, 11, 28, 19, 22, 20, 22, 23, 27, 29, 12, 19]"
1263,50,2332800,B_,0.003,0.75,180,0.9,14,11,32,0.075,"[0, 1, 3, 5, 2, 3, 2, 3, 3, 13, 17, 22, 6, 7, 11, 19, 14, 14, 2, 3, 12, 9, 7, 16, 14, 11, 17, 28, 20, 28]"
1264,50,2332800,B_,0.003,0.75,180,0.9,14,11,32,0.08,"[0, 0, 0, 0, 0, 0, 0, 0, 0, 0, 3, 5, 0, 6, 7, 5, 18, 20, 3, 7, 25, 17, 16, 25, 11, 21, 16, 20, 26, 23]"
1281,51,2332800,B_,0.003,0.75,180,0.9,14,11,32,0.04,"[0, 0, 0, 0, 0, 0, 0, 1, 2, 3, 1, 1, 0, 0, 0, 0, 0, 0, 0, 1, 1, 1, 0, 2, 1, 5, 1, 6, 3, 4]"
1285,51,2332800,B_,0.003,0.75,180,0.9,14,11,32,0.06,"[0, 0, 0, 0, 0, 0, 0, 0, 0, 0, 0, 0, 1, 0, 0, 0, 0, 0, 0, 0, 0, 0, 0, 0, 0, 0, 0, 0, 0, 2]"
1270,50,2332800,B_,0.003,0.75,180,0.9,14,11,32,0.11,"[0, 0, 3, 25, 24, 36, 3, 12, 22, 29, 32, 33, 21, 25, 28, 42, 24, 31, 10, 26, 24, 30, 21, 26, 15, 28, 26, 29, 20, 30]"
1269,50,2332800,B_,0.003,0.75,180,0.9,14,11,32,0.105,"[0, 0, 0, 2, 7, 9, 17, 23, 25, 21, 26, 24, 22, 29, 26, 20, 27, 38, 2, 20, 24, 22, 24, 28, 14, 32, 30, 31, 28, 23]"
1267,50,2332800,B_,0.003,0.75,180,0.9,14,11,32,0.095,"[0, 0, 2, 11, 13, 21, 13, 15, 26, 37, 21, 26, 6, 11, 15, 21, 21, 21, 9, 21, 27, 21, 19, 29, 24, 27, 37, 29, 29, 21]"
1289,51,2332800,B_,0.003,0.75,180,0.9,14,11,32,0.08,"[0, 0, 0, 0, 0, 0, 2, 10, 11, 10, 9, 9, 2, 5, 6, 14, 14, 24, 6, 11, 20, 28, 12, 19, 4, 8, 14, 12, 16, 20]"
1275,51,2332800,B_,0.003,0.75,180,0.9,14,11,32,0.01,"[0, 0, 0, 0, 0, 0, 0, 0, 0, 0, 0, 0, 0, 0, 0, 0, 0, 0, 0, 0, 0, 0, 0, 0, 0, 0, 0, 0, 0, 0]"
1290,51,2332800,B_,0.003,0.75,180,0.9,14,11,32,0.085,"[0, 0, 0, 6, 10, 12, 3, 9, 8, 9, 9, 10, 2, 5, 12, 22, 19, 18, 14, 14, 29, 20, 23, 26, 11, 17, 25, 29, 16, 17]"
1277,51,2332800,B_,0.003,0.75,180,0.9,14,11,32,0.02,"[0, 0, 0, 0, 0, 0, 0, 0, 0, 0, 0, 0, 0, 0, 0, 0, 0, 0, 0, 0, 0, 1, 0, 0, 0, 0, 0, 0, 0, 0]"
1291,51,2332800,B_,0.003,0.75,180,0.9,14,11,32,0.09,"[0, 0, 0, 0, 3, 2, 6, 11, 22, 34, 20, 32, 2, 7, 15, 13, 26, 19, 8, 20, 24, 24, 20, 29, 15, 18, 26, 26, 24, 19]"
1276,51,2332800,B_,0.003,0.75,180,0.9,14,11,32,0.015,"[0, 0, 0, 0, 0, 0, 0, 0, 0, 0, 0, 0, 0, 0, 0, 0, 0, 0, 0, 0, 0, 0, 0, 0, 0, 0, 0, 0, 0, 0]"
1278,51,2332800,B_,0.003,0.75,180,0.9,14,11,32,0.025,"[0, 0, 0, 0, 0, 0, 0, 1, 0, 0, 0, 0, 0, 0, 0, 0, 0, 0, 0, 0, 0, 0, 0, 0, 0, 0, 0, 0, 0, 0]"
1279,51,2332800,B_,0.003,0.75,180,0.9,14,11,32,0.03,"[0, 0, 0, 0, 0, 0, 0, 0, 0, 0, 0, 0, 0, 0, 0, 0, 0, 0, 0, 0, 0, 0, 0, 0, 0, 0, 0, 0, 0, 0]"
1280,51,2332800,B_,0.003,0.75,180,0.9,14,11,32,0.035,"[0, 0, 0, 0, 0, 0, 0, 0, 0, 0, 0, 0, 1, 0, 0, 0, 0, 0, 0, 0, 0, 0, 0, 0, 0, 0, 0, 0, 0, 0]"
1282,51,2332800,B_,0.003,0.75,180,0.9,14,11,32,0.045,"[0, 3, 0, 2, 2, 1, 0, 1, 0, 0, 0, 0, 0, 2, 1, 2, 2, 2, 0, 0, 0, 0, 1, 1, 0, 0, 1, 1, 0, 3]"
1301,52,2332800,B_,0.003,0.75,180,0.9,14,11,32,0.015,"[0, 0, 0, 0, 0, 0, 0, 0, 0, 0, 0, 0, 0, 0, 0, 0, 0, 0, 0, 0, 0, 0, 0, 0, 0, 0, 0, 0, 0, 0]"
1284,51,2332800,B_,0.003,0.75,180,0.9,14,11,32,0.055,"[0, 0, 0, 0, 0, 2, 0, 0, 3, 8, 8, 7, 0, 2, 4, 3, 4, 5, 0, 2, 1, 3, 0, 2, 0, 0, 1, 1, 3, 1]"
1283,51,2332800,B_,0.003,0.75,180,0.9,14,11,32,0.05,"[0, 0, 0, 0, 0, 0, 0, 0, 0, 0, 0, 0, 0, 0, 0, 0, 0, 0, 0, 0, 1, 2, 0, 2, 0, 0, 0, 0, 0, 1]"
1272,50,2332800,B_,0.003,0.75,180,0.9,14,11,32,0.12,"[4, 5, 35, 35, 26, 24, 24, 22, 36, 18, 30, 27, 20, 36, 29, 29, 25, 25, 19, 33, 33, 31, 28, 30, 27, 23, 33, 22, 38, 25]"
1293,51,2332800,B_,0.003,0.75,180,0.9,14,11,32,0.1,"[0, 2, 3, 12, 27, 18, 14, 24, 33, 22, 24, 28, 21, 22, 22, 22, 23, 28, 2, 13, 18, 18, 30, 24, 8, 21, 30, 33, 24, 27]"
1268,50,2332800,B_,0.003,0.75,180,0.9,14,11,32,0.1,"[1, 2, 21, 33, 23, 25, 13, 20, 27, 22, 31, 32, 16, 29, 21, 29, 21, 21, 7, 25, 28, 30, 24, 21, 15, 32, 32, 25, 22, 27]"
1294,51,2332800,B_,0.003,0.75,180,0.9,14,11,32,0.105,"[0, 0, 6, 12, 28, 27, 16, 23, 26, 15, 27, 34, 7, 29, 25, 21, 24, 33, 10, 24, 31, 27, 26, 26, 1, 22, 30, 36, 19, 31]"
1271,50,2332800,B_,0.003,0.75,180,0.9,14,11,32,0.115,"[5, 7, 13, 22, 24, 34, 18, 19, 30, 21, 27, 37, 20, 31, 42, 23, 26, 36, 3, 18, 29, 23, 38, 34, 14, 22, 27, 34, 33, 27]"
1295,51,2332800,B_,0.003,0.75,180,0.9,14,11,32,0.11,"[0, 0, 10, 25, 31, 30, 24, 24, 28, 32, 27, 19, 9, 26, 32, 34, 24, 31, 25, 26, 26, 15, 15, 33, 22, 23, 29, 33, 26, 25]"
1286,51,2332800,B_,0.003,0.75,180,0.9,14,11,32,0.065,"[0, 0, 0, 0, 0, 0, 0, 0, 5, 6, 2, 12, 1, 5, 8, 2, 4, 10, 0, 0, 0, 0, 2, 9, 0, 0, 0, 0, 0, 0]"
1273,50,2332800,B_,0.003,0.75,180,0.9,14,11,32,0.125,"[0, 0, 1, 16, 29, 27, 17, 31, 20, 24, 24, 28, 15, 20, 34, 36, 31, 30, 26, 24, 33, 24, 31, 29, 22, 27, 29, 40, 22, 28]"
1296,51,2332800,B_,0.003,0.75,180,0.9,14,11,32,0.115,"[0, 0, 6, 17, 33, 31, 19, 32, 27, 31, 31, 27, 23, 28, 24, 24, 39, 26, 24, 29, 22, 30, 21, 32, 36, 32, 21, 32, 29, 18]"
1298,51,2332800,B_,0.003,0.75,180,0.9,14,11,32,0.125,"[0, 0, 7, 33, 37, 31, 26, 31, 36, 29, 32, 31, 26, 32, 25, 27, 23, 28, 28, 27, 31, 31, 29, 27, 21, 34, 35, 37, 26, 35]"
1288,51,2332800,B_,0.003,0.75,180,0.9,14,11,32,0.075,"[0, 0, 0, 2, 2, 4, 0, 0, 2, 2, 3, 4, 2, 4, 3, 3, 2, 4, 0, 8, 7, 11, 13, 15, 8, 7, 17, 23, 13, 25]"
1287,51,2332800,B_,0.003,0.75,180,0.9,14,11,32,0.07,"[0, 3, 13, 10, 22, 22, 5, 6, 6, 9, 15, 13, 2, 7, 9, 8, 9, 9, 0, 0, 1, 2, 5, 6, 3, 5, 10, 12, 5, 9]"
1297,51,2332800,B_,0.003,0.75,180,0.9,14,11,32,0.12,"[17, 34, 29, 20, 32, 20, 17, 27, 26, 27, 27, 24, 19, 33, 35, 22, 31, 37, 22, 34, 30, 28, 30, 32, 25, 37, 35, 30, 22, 28]"
1274,50,2332800,B_,0.003,0.75,180,0.9,14,11,32,0.13,"[3, 20, 21, 42, 27, 35, 22, 23, 38, 34, 30, 27, 31, 37, 31, 40, 27, 29, 20, 30, 27, 29, 25, 31, 20, 23, 35, 25, 32, 36]"
1299,51,2332800,B_,0.003,0.75,180,0.9,14,11,32,0.13,"[0, 4, 33, 29, 31, 22, 28, 29, 24, 28, 30, 36, 24, 29, 29, 35, 27, 24, 30, 15, 33, 37, 31, 37, 20, 24, 30, 25, 32, 32]"
1300,52,2332800,B_,0.003,0.75,180,0.9,14,11,32,0.01,"[0, 0, 0, 0, 0, 0, 0, 0, 0, 0, 0, 0, 0, 0, 0, 0, 0, 0, 0, 0, 0, 0, 0, 0, 0, 0, 0, 0, 0, 0]"
1292,51,2332800,B_,0.003,0.75,180,0.9,14,11,32,0.095,"[3, 3, 19, 20, 31, 25, 14, 23, 20, 23, 32, 38, 24, 28, 27, 22, 21, 29, 15, 16, 26, 15, 19, 24, 18, 26, 26, 29, 24, 29]"
1303,52,2332800,B_,0.003,0.75,180,0.9,14,11,32,0.025,"[0, 0, 0, 0, 0, 1, 0, 0, 0, 0, 0, 0, 0, 0, 0, 0, 0, 0, 0, 0, 0, 0, 0, 0, 0, 0, 0, 0, 0, 0]"
1302,52,2332800,B_,0.003,0.75,180,0.9,14,11,32,0.02,"[0, 0, 0, 0, 0, 0, 0, 0, 0, 0, 0, 0, 0, 0, 0, 0, 0, 0, 0, 0, 0, 0, 0, 0, 0, 0, 0, 0, 2, 0]"
1304,52,2332800,B_,0.003,0.75,180,0.9,14,11,32,0.03,"[0, 0, 0, 0, 0, 0, 0, 1, 0, 0, 0, 0, 0, 0, 0, 0, 0, 1, 1, 0, 1, 0, 0, 2, 0, 0, 0, 0, 0, 0]"
1305,52,2332800,B_,0.003,0.75,180,0.9,14,11,32,0.035,"[0, 0, 0, 0, 0, 0, 0, 1, 0, 0, 1, 0, 0, 2, 0, 2, 0, 1, 0, 0, 0, 0, 0, 0, 0, 0, 0, 0, 0, 1]"
1306,52,2332800,B_,0.003,0.75,180,0.9,14,11,32,0.04,"[0, 0, 0, 0, 0, 0, 0, 0, 0, 1, 1, 0, 0, 0, 0, 0, 0, 0, 0, 0, 1, 1, 7, 8, 0, 0, 2, 0, 1, 6]"
1307,52,2332800,B_,0.003,0.75,180,0.9,14,11,32,0.045,"[0, 0, 0, 0, 0, 0, 0, 0, 0, 0, 2, 0, 0, 0, 0, 0, 0, 3, 4, 2, 1, 0, 0, 5, 2, 2, 4, 6, 3, 5]"
1308,52,2332800,B_,0.003,0.75,180,0.9,14,11,32,0.05,"[0, 0, 0, 0, 0, 0, 0, 0, 0, 0, 2, 0, 1, 1, 1, 0, 1, 2, 0, 3, 7, 7, 7, 8, 0, 2, 2, 1, 1, 9]"
1309,52,2332800,B_,0.003,0.75,180,0.9,14,11,32,0.055,"[0, 2, 3, 7, 6, 6, 0, 0, 6, 4, 2, 4, 1, 0, 0, 0, 0, 0, 0, 0, 0, 0, 1, 2, 0, 0, 5, 4, 5, 7]"
1310,52,2332800,B_,0.003,0.75,180,0.9,14,11,32,0.06,"[0, 0, 0, 0, 0, 1, 0, 0, 0, 0, 7, 2, 0, 0, 0, 0, 0, 0, 0, 0, 0, 0, 0, 0, 0, 2, 3, 2, 4, 3]"
1314,52,2332800,B_,0.003,0.75,180,0.9,14,11,32,0.08,"[0, 0, 0, 0, 0, 0, 0, 1, 0, 0, 0, 0, 0, 0, 0, 3, 4, 11, 0, 3, 2, 3, 4, 5, 1, 10, 19, 26, 20, 20]"
1311,52,2332800,B_,0.003,0.75,180,0.9,14,11,32,0.065,"[0, 0, 0, 0, 0, 1, 0, 0, 3, 4, 5, 8, 0, 2, 11, 9, 8, 7, 0, 2, 4, 3, 5, 13, 0, 0, 1, 1, 2, 8]"
1313,52,2332800,B_,0.003,0.75,180,0.9,14,11,32,0.075,"[0, 0, 0, 0, 0, 1, 0, 7, 9, 21, 18, 20, 7, 12, 14, 20, 12, 21, 3, 9, 15, 12, 17, 25, 4, 6, 9, 24, 17, 22]"
1312,52,2332800,B_,0.003,0.75,180,0.9,14,11,32,0.07,"[0, 0, 0, 0, 0, 0, 0, 0, 4, 1, 8, 8, 0, 3, 4, 2, 5, 14, 1, 4, 5, 4, 12, 10, 2, 11, 9, 10, 11, 10]"
1317,52,2332800,B_,0.003,0.75,180,0.9,14,11,32,0.095,"[0, 0, 8, 16, 23, 27, 2, 23, 32, 20, 23, 29, 14, 19, 20, 23, 15, 22, 15, 26, 20, 26, 22, 16, 24, 25, 28, 21, 31, 25]"
1318,52,2332800,B_,0.003,0.75,180,0.9,14,11,32,0.1,"[3, 5, 10, 20, 27, 25, 19, 15, 18, 23, 35, 24, 14, 29, 21, 25, 32, 28, 8, 25, 27, 19, 15, 28, 13, 22, 24, 24, 25, 25]"
1319,52,2332800,B_,0.003,0.75,180,0.9,14,11,32,0.105,"[2, 21, 24, 34, 20, 27, 11, 19, 24, 23, 29, 24, 9, 17, 28, 22, 26, 26, 9, 18, 25, 26, 21, 19, 5, 19, 29, 24, 23, 34]"
1326,53,2332800,B_,0.003,0.75,180,0.9,14,11,32,0.015,"[0, 0, 0, 0, 0, 0, 0, 0, 0, 0, 0, 0, 0, 0, 0, 0, 0, 0, 0, 0, 0, 0, 0, 0, 0, 0, 0, 0, 0, 0]"
1315,52,2332800,B_,0.003,0.75,180,0.9,14,11,32,0.085,"[0, 0, 0, 0, 0, 3, 0, 6, 7, 11, 27, 10, 0, 0, 0, 1, 7, 22, 6, 19, 24, 16, 25, 26, 8, 12, 33, 27, 25, 28]"
1332,53,2332800,B_,0.003,0.75,180,0.9,14,11,32,0.045,"[0, 0, 0, 0, 0, 1, 0, 0, 0, 0, 0, 0, 0, 0, 1, 0, 0, 1, 0, 0, 0, 0, 0, 0, 1, 0, 0, 0, 0, 0]"
1320,52,2332800,B_,0.003,0.75,180,0.9,14,11,32,0.11,"[0, 0, 11, 34, 25, 32, 17, 25, 26, 37, 26, 27, 19, 15, 31, 26, 29, 27, 22, 30, 30, 29, 18, 24, 25, 28, 24, 24, 31, 32]"
1336,53,2332800,B_,0.003,0.75,180,0.9,14,11,32,0.065,"[0, 0, 0, 4, 1, 1, 1, 2, 6, 8, 8, 9, 5, 4, 1, 4, 5, 3, 0, 1, 3, 1, 1, 3, 1, 4, 4, 6, 8, 9]"
1322,52,2332800,B_,0.003,0.75,180,0.9,14,11,32,0.12,"[0, 0, 5, 18, 19, 30, 25, 36, 30, 27, 39, 29, 6, 32, 39, 15, 30, 22, 19, 21, 30, 24, 35, 25, 25, 29, 37, 26, 27, 36]"
1324,52,2332800,B_,0.003,0.75,180,0.9,14,11,32,0.13,"[8, 28, 27, 28, 32, 32, 21, 33, 24, 21, 27, 24, 35, 30, 30, 26, 28, 24, 22, 32, 31, 32, 28, 27, 24, 23, 27, 32, 27, 42]"
1316,52,2332800,B_,0.003,0.75,180,0.9,14,11,32,0.09,"[0, 0, 2, 11, 19, 28, 1, 6, 25, 25, 22, 27, 15, 23, 26, 30, 22, 22, 14, 22, 22, 17, 21, 22, 10, 20, 19, 29, 28, 25]"
1338,53,2332800,B_,0.003,0.75,180,0.9,14,11,32,0.075,"[3, 8, 8, 16, 30, 12, 0, 3, 8, 13, 25, 20, 18, 20, 23, 20, 21, 22, 13, 16, 19, 16, 15, 27, 4, 9, 15, 18, 16, 21]"
1340,53,2332800,B_,0.003,0.75,180,0.9,14,11,32,0.085,"[0, 0, 5, 2, 6, 5, 4, 8, 12, 14, 18, 25, 3, 7, 14, 14, 22, 22, 15, 16, 29, 19, 31, 23, 5, 11, 20, 22, 15, 24]"
1325,53,2332800,B_,0.003,0.75,180,0.9,14,11,32,0.01,"[0, 0, 0, 0, 0, 0, 0, 0, 0, 0, 0, 0, 0, 0, 0, 0, 0, 0, 0, 0, 0, 0, 0, 0, 0, 0, 0, 0, 0, 0]"
1328,53,2332800,B_,0.003,0.75,180,0.9,14,11,32,0.025,"[0, 0, 0, 0, 0, 0, 0, 0, 0, 0, 0, 0, 0, 0, 0, 0, 0, 0, 0, 0, 0, 0, 0, 0, 0, 0, 0, 0, 0, 0]"
1327,53,2332800,B_,0.003,0.75,180,0.9,14,11,32,0.02,"[0, 0, 0, 0, 0, 0, 0, 0, 0, 0, 0, 0, 0, 0, 0, 0, 0, 0, 0, 0, 0, 0, 0, 0, 0, 0, 0, 0, 0, 0]"
1343,53,2332800,B_,0.003,0.75,180,0.9,14,11,32,0.1,"[0, 0, 4, 11, 25, 26, 17, 28, 34, 23, 27, 30, 9, 31, 21, 24, 22, 24, 21, 26, 31, 24, 26, 28, 5, 17, 35, 26, 18, 30]"
1330,53,2332800,B_,0.003,0.75,180,0.9,14,11,32,0.035,"[0, 0, 1, 0, 0, 0, 0, 0, 0, 0, 0, 0, 0, 0, 0, 0, 0, 0, 0, 0, 0, 1, 0, 0, 0, 0, 1, 0, 0, 0]"
1329,53,2332800,B_,0.003,0.75,180,0.9,14,11,32,0.03,"[0, 0, 0, 0, 0, 0, 0, 0, 0, 1, 1, 0, 0, 0, 0, 0, 0, 0, 0, 0, 0, 0, 0, 0, 0, 0, 0, 0, 0, 0]"
1344,53,2332800,B_,0.003,0.75,180,0.9,14,11,32,0.105,"[0, 0, 3, 11, 16, 26, 12, 26, 19, 24, 31, 22, 11, 42, 27, 24, 19, 21, 12, 21, 29, 23, 19, 29, 23, 21, 32, 30, 28, 31]"
1331,53,2332800,B_,0.003,0.75,180,0.9,14,11,32,0.04,"[0, 0, 0, 0, 0, 0, 0, 0, 0, 0, 0, 0, 0, 0, 0, 1, 1, 4, 0, 0, 0, 0, 0, 0, 0, 0, 0, 0, 0, 0]"
1347,53,2332800,B_,0.003,0.75,180,0.9,14,11,32,0.12,"[0, 0, 2, 25, 34, 19, 22, 25, 30, 26, 38, 23, 23, 28, 30, 34, 33, 22, 23, 32, 21, 24, 32, 22, 20, 28, 29, 26, 28, 27]"
1333,53,2332800,B_,0.003,0.75,180,0.9,14,11,32,0.05,"[0, 0, 0, 1, 2, 1, 0, 0, 0, 4, 2, 4, 2, 1, 3, 3, 3, 4, 0, 1, 1, 0, 0, 5, 0, 1, 9, 8, 6, 5]"
1334,53,2332800,B_,0.003,0.75,180,0.9,14,11,32,0.055,"[0, 0, 0, 2, 1, 5, 1, 4, 2, 2, 4, 7, 0, 0, 0, 1, 0, 0, 0, 0, 1, 1, 2, 5, 1, 5, 4, 5, 7, 10]"
1335,53,2332800,B_,0.003,0.75,180,0.9,14,11,32,0.06,"[0, 0, 0, 0, 0, 0, 0, 2, 2, 4, 7, 6, 1, 5, 4, 3, 4, 4, 0, 0, 6, 1, 2, 16, 2, 1, 5, 9, 5, 14]"
1337,53,2332800,B_,0.003,0.75,180,0.9,14,11,32,0.07,"[0, 0, 1, 2, 3, 1, 0, 0, 0, 0, 0, 0, 0, 0, 4, 1, 7, 7, 1, 2, 5, 7, 10, 12, 3, 3, 8, 12, 8, 12]"
1321,52,2332800,B_,0.003,0.75,180,0.9,14,11,32,0.115,"[0, 6, 8, 12, 22, 18, 16, 21, 30, 22, 16, 32, 14, 26, 25, 25, 30, 30, 27, 15, 30, 24, 27, 22, 18, 30, 26, 32, 35, 27]"
1349,53,2332800,B_,0.003,0.75,180,0.9,14,11,32,0.13,"[0, 0, 25, 27, 33, 31, 34, 31, 34, 32, 34, 33, 25, 30, 32, 26, 29, 27, 37, 24, 32, 28, 40, 29, 26, 33, 29, 25, 32, 28]"
1323,52,2332800,B_,0.003,0.75,180,0.9,14,11,32,0.125,"[0, 23, 40, 35, 32, 21, 22, 25, 25, 28, 31, 29, 21, 32, 29, 34, 23, 29, 27, 30, 37, 26, 27, 33, 14, 32, 33, 33, 31, 29]"
1339,53,2332800,B_,0.003,0.75,180,0.9,14,11,32,0.08,"[0, 0, 1, 2, 11, 7, 4, 20, 18, 22, 23, 29, 16, 27, 13, 15, 21, 25, 10, 11, 17, 21, 26, 32, 7, 8, 9, 21, 22, 22]"
1341,53,2332800,B_,0.003,0.75,180,0.9,14,11,32,0.09,"[0, 6, 7, 13, 19, 25, 5, 8, 7, 19, 22, 29, 10, 16, 27, 24, 13, 27, 8, 5, 14, 13, 11, 26, 8, 19, 28, 21, 21, 14]"
1342,53,2332800,B_,0.003,0.75,180,0.9,14,11,32,0.095,"[0, 5, 3, 23, 18, 15, 5, 8, 26, 27, 28, 30, 6, 17, 27, 24, 21, 28, 9, 20, 27, 29, 16, 30, 26, 19, 26, 26, 25, 29]"
1350,54,2332800,B_,0.003,0.75,180,0.9,14,11,32,0.01,"[0, 0, 0, 0, 0, 0, 0, 0, 0, 0, 0, 0, 0, 0, 0, 0, 0, 0, 0, 0, 0, 0, 0, 0, 0, 0, 0, 0, 0, 0]"
1351,54,2332800,B_,0.003,0.75,180,0.9,14,11,32,0.015,"[0, 0, 0, 0, 0, 0, 0, 0, 0, 0, 0, 0, 0, 0, 0, 0, 0, 0, 0, 0, 0, 0, 0, 0, 0, 0, 0, 0, 0, 0]"
1354,54,2332800,B_,0.003,0.75,180,0.9,14,11,32,0.03,"[0, 0, 0, 0, 0, 0, 0, 0, 0, 0, 0, 0, 0, 0, 0, 0, 0, 0, 0, 0, 0, 0, 0, 1, 0, 0, 0, 0, 0, 0]"
1346,53,2332800,B_,0.003,0.75,180,0.9,14,11,32,0.115,"[1, 9, 13, 29, 23, 26, 25, 22, 25, 22, 42, 25, 17, 31, 23, 24, 30, 33, 12, 29, 27, 31, 34, 40, 30, 30, 33, 27, 36, 29]"
1345,53,2332800,B_,0.003,0.75,180,0.9,14,11,32,0.11,"[5, 17, 33, 34, 36, 34, 18, 24, 28, 25, 27, 21, 20, 28, 31, 31, 21, 24, 15, 26, 25, 28, 25, 27, 16, 32, 28, 32, 22, 34]"
1348,53,2332800,B_,0.003,0.75,180,0.9,14,11,32,0.125,"[3, 10, 29, 37, 35, 23, 23, 28, 40, 24, 32, 29, 19, 24, 28, 24, 40, 28, 20, 21, 32, 29, 41, 32, 33, 33, 26, 28, 27, 25]"
1352,54,2332800,B_,0.003,0.75,180,0.9,14,11,32,0.02,"[0, 0, 0, 0, 0, 0, 0, 0, 0, 0, 0, 0, 0, 0, 0, 0, 0, 0, 0, 0, 0, 0, 0, 0, 0, 0, 0, 0, 0, 0]"
1353,54,2332800,B_,0.003,0.75,180,0.9,14,11,32,0.025,"[0, 0, 0, 0, 0, 0, 0, 0, 0, 0, 0, 0, 0, 0, 0, 0, 0, 0, 0, 0, 0, 0, 0, 2, 1, 1, 0, 0, 0, 0]"
1355,54,2332800,B_,0.003,0.75,180,0.9,14,11,32,0.035,"[0, 0, 0, 0, 0, 0, 0, 0, 0, 0, 0, 0, 0, 0, 0, 0, 0, 0, 0, 0, 0, 0, 1, 1, 0, 0, 0, 0, 0, 0]"
1356,54,2332800,B_,0.003,0.75,180,0.9,14,11,32,0.04,"[0, 0, 0, 0, 0, 0, 0, 0, 0, 0, 0, 0, 2, 1, 1, 3, 1, 1, 0, 0, 0, 0, 0, 0, 0, 0, 0, 0, 0, 0]"
1357,54,2332800,B_,0.003,0.75,180,0.9,14,11,32,0.045,"[0, 0, 1, 0, 2, 0, 0, 2, 3, 4, 6, 7, 0, 2, 2, 2, 5, 5, 0, 0, 3, 1, 2, 4, 0, 0, 0, 0, 1, 0]"
1358,54,2332800,B_,0.003,0.75,180,0.9,14,11,32,0.05,"[1, 0, 0, 0, 0, 0, 0, 0, 0, 1, 3, 2, 0, 0, 0, 2, 4, 4, 1, 0, 1, 4, 3, 4, 5, 0, 8, 4, 8, 7]"
1361,54,2332800,B_,0.003,0.75,180,0.9,14,11,32,0.065,"[0, 0, 0, 0, 0, 0, 1, 1, 1, 0, 2, 1, 0, 0, 0, 0, 0, 1, 0, 0, 0, 0, 1, 0, 0, 2, 2, 3, 2, 3]"
1363,54,2332800,B_,0.003,0.75,180,0.9,14,11,32,0.075,"[0, 0, 0, 0, 0, 0, 0, 5, 2, 4, 12, 10, 0, 0, 0, 0, 0, 1, 2, 4, 4, 6, 15, 16, 10, 10, 17, 20, 22, 28]"
1359,54,2332800,B_,0.003,0.75,180,0.9,14,11,32,0.055,"[0, 0, 0, 0, 0, 3, 5, 4, 3, 10, 9, 12, 7, 6, 4, 8, 8, 11, 0, 2, 2, 3, 5, 5, 0, 0, 0, 0, 0, 0]"
1360,54,2332800,B_,0.003,0.75,180,0.9,14,11,32,0.06,"[0, 0, 0, 0, 0, 0, 2, 2, 9, 5, 11, 5, 0, 0, 0, 0, 0, 6, 1, 5, 0, 4, 2, 5, 0, 0, 0, 0, 1, 4]"
1362,54,2332800,B_,0.003,0.75,180,0.9,14,11,32,0.07,"[0, 1, 1, 9, 4, 3, 1, 2, 3, 4, 1, 1, 0, 0, 0, 1, 0, 1, 0, 0, 0, 3, 2, 7, 0, 0, 2, 1, 3, 9]"
1365,54,2332800,B_,0.003,0.75,180,0.9,14,11,32,0.085,"[0, 0, 1, 0, 0, 0, 0, 2, 6, 18, 24, 31, 2, 11, 14, 24, 12, 16, 13, 18, 23, 24, 19, 23, 17, 26, 31, 25, 21, 17]"
1366,54,2332800,B_,0.003,0.75,180,0.9,14,11,32,0.09,"[0, 0, 0, 3, 6, 11, 14, 20, 19, 26, 34, 20, 11, 25, 29, 31, 20, 28, 22, 16, 32, 31, 22, 17, 4, 6, 4, 5, 6, 5]"
1367,54,2332800,B_,0.003,0.75,180,0.9,14,11,32,0.095,"[0, 0, 0, 0, 0, 0, 2, 15, 16, 12, 15, 22, 14, 27, 24, 31, 20, 25, 19, 17, 22, 19, 31, 35, 20, 16, 28, 21, 26, 23]"
1364,54,2332800,B_,0.003,0.75,180,0.9,14,11,32,0.08,"[0, 0, 4, 10, 9, 8, 5, 8, 17, 15, 29, 14, 19, 27, 25, 21, 21, 25, 8, 25, 26, 25, 16, 25, 3, 6, 6, 5, 18, 14]"
1368,54,2332800,B_,0.003,0.75,180,0.9,14,11,32,0.1,"[1, 5, 6, 18, 22, 20, 14, 20, 25, 30, 41, 31, 10, 28, 31, 24, 26, 33, 21, 26, 27, 19, 23, 24, 9, 23, 27, 36, 37, 24]"
1377,55,2332800,B_,0.003,0.75,180,0.9,14,11,32,0.02,"[0, 0, 0, 0, 0, 0, 1, 0, 0, 0, 0, 0, 0, 0, 0, 0, 0, 0, 0, 0, 0, 0, 0, 0, 0, 0, 0, 0, 1, 0]"
1376,55,2332800,B_,0.003,0.75,180,0.9,14,11,32,0.015,"[0, 0, 0, 0, 0, 0, 0, 0, 0, 0, 0, 0, 0, 0, 0, 0, 0, 0, 0, 0, 0, 0, 0, 1, 0, 0, 0, 0, 0, 0]"
1371,54,2332800,B_,0.003,0.75,180,0.9,14,11,32,0.115,"[0, 1, 1, 19, 29, 21, 5, 29, 26, 18, 26, 28, 10, 21, 32, 37, 28, 26, 21, 27, 23, 32, 26, 25, 18, 26, 52, 23, 23, 19]"
1370,54,2332800,B_,0.003,0.75,180,0.9,14,11,32,0.11,"[2, 28, 22, 47, 25, 19, 11, 27, 28, 27, 28, 26, 20, 29, 24, 27, 23, 21, 19, 19, 33, 25, 28, 28, 23, 31, 36, 26, 34, 23]"
1373,54,2332800,B_,0.003,0.75,180,0.9,14,11,32,0.125,"[0, 0, 3, 16, 31, 23, 31, 21, 32, 35, 34, 28, 25, 35, 31, 26, 28, 31, 31, 30, 29, 32, 25, 23, 19, 31, 33, 36, 27, 30]"
1372,54,2332800,B_,0.003,0.75,180,0.9,14,11,32,0.12,"[0, 1, 22, 29, 33, 36, 29, 25, 25, 30, 31, 31, 28, 32, 32, 33, 25, 30, 22, 22, 31, 28, 30, 36, 18, 40, 28, 34, 26, 23]"
1381,55,2332800,B_,0.003,0.75,180,0.9,14,11,32,0.04,"[0, 0, 1, 2, 2, 3, 0, 1, 0, 0, 0, 0, 0, 1, 0, 0, 0, 0, 0, 0, 0, 0, 1, 1, 0, 0, 1, 1, 3, 1]"
1374,54,2332800,B_,0.003,0.75,180,0.9,14,11,32,0.13,"[0, 5, 27, 34, 29, 30, 26, 25, 30, 32, 31, 31, 14, 25, 32, 27, 19, 32, 18, 33, 25, 24, 22, 39, 27, 29, 30, 37, 29, 29]"
1384,55,2332800,B_,0.003,0.75,180,0.9,14,11,32,0.055,"[0, 0, 1, 2, 2, 3, 0, 3, 9, 7, 5, 7, 0, 9, 3, 5, 4, 10, 1, 3, 0, 1, 2, 3, 0, 0, 0, 1, 4, 1]"
1386,55,2332800,B_,0.003,0.75,180,0.9,14,11,32,0.065,"[0, 0, 0, 5, 6, 7, 2, 0, 11, 6, 11, 9, 0, 6, 6, 9, 4, 5, 2, 5, 3, 2, 2, 9, 2, 4, 5, 5, 3, 6]"
1375,55,2332800,B_,0.003,0.75,180,0.9,14,11,32,0.01,"[0, 0, 0, 0, 0, 0, 0, 0, 0, 0, 0, 0, 0, 0, 0, 0, 0, 0, 0, 0, 0, 0, 0, 0, 0, 0, 0, 0, 0, 0]"
1369,54,2332800,B_,0.003,0.75,180,0.9,14,11,32,0.105,"[2, 5, 12, 24, 27, 33, 17, 38, 20, 24, 31, 27, 22, 24, 26, 25, 22, 30, 14, 28, 20, 19, 25, 24, 14, 31, 18, 28, 25, 27]"
1378,55,2332800,B_,0.003,0.75,180,0.9,14,11,32,0.025,"[0, 0, 0, 0, 0, 0, 0, 0, 0, 0, 0, 0, 0, 0, 0, 0, 0, 0, 0, 0, 0, 0, 0, 0, 0, 0, 0, 0, 0, 0]"
1392,55,2332800,B_,0.003,0.75,180,0.9,14,11,32,0.095,"[0, 3, 6, 10, 8, 17, 16, 24, 24, 22, 26, 21, 21, 26, 15, 23, 14, 27, 10, 18, 35, 21, 29, 26, 4, 20, 28, 32, 25, 19]"
1380,55,2332800,B_,0.003,0.75,180,0.9,14,11,32,0.035,"[0, 0, 0, 0, 0, 0, 0, 1, 0, 0, 1, 0, 0, 0, 0, 0, 0, 0, 0, 0, 0, 1, 0, 0, 0, 0, 0, 0, 0, 0]"
1379,55,2332800,B_,0.003,0.75,180,0.9,14,11,32,0.03,"[0, 0, 0, 0, 1, 0, 0, 0, 0, 0, 0, 0, 0, 0, 0, 0, 0, 0, 0, 0, 0, 0, 0, 0, 0, 0, 0, 0, 0, 0]"
1382,55,2332800,B_,0.003,0.75,180,0.9,14,11,32,0.045,"[0, 0, 0, 0, 0, 0, 0, 1, 0, 0, 0, 0, 0, 1, 1, 0, 1, 3, 0, 0, 2, 1, 1, 1, 0, 0, 0, 0, 0, 0]"
1385,55,2332800,B_,0.003,0.75,180,0.9,14,11,32,0.06,"[0, 0, 0, 0, 0, 0, 0, 0, 0, 3, 6, 5, 0, 0, 0, 0, 1, 5, 0, 1, 4, 3, 1, 6, 2, 0, 0, 0, 0, 1]"
1383,55,2332800,B_,0.003,0.75,180,0.9,14,11,32,0.05,"[0, 0, 0, 0, 2, 3, 1, 1, 3, 3, 1, 2, 1, 2, 1, 3, 1, 3, 0, 2, 3, 1, 2, 2, 0, 3, 4, 4, 4, 6]"
1387,55,2332800,B_,0.003,0.75,180,0.9,14,11,32,0.07,"[0, 1, 3, 4, 3, 7, 2, 2, 8, 19, 23, 16, 4, 18, 12, 19, 17, 25, 4, 6, 4, 7, 10, 6, 3, 6, 5, 6, 10, 12]"
1388,55,2332800,B_,0.003,0.75,180,0.9,14,11,32,0.075,"[0, 0, 0, 4, 2, 7, 9, 16, 18, 13, 21, 30, 10, 20, 22, 22, 24, 33, 8, 14, 15, 20, 11, 19, 1, 7, 15, 19, 20, 22]"
1390,55,2332800,B_,0.003,0.75,180,0.9,14,11,32,0.085,"[0, 0, 0, 5, 11, 12, 8, 11, 16, 17, 24, 23, 4, 8, 14, 27, 17, 31, 12, 14, 19, 20, 13, 22, 20, 19, 27, 26, 19, 25]"
1389,55,2332800,B_,0.003,0.75,180,0.9,14,11,32,0.08,"[0, 0, 0, 0, 0, 0, 4, 20, 18, 21, 23, 27, 13, 20, 22, 25, 14, 15, 6, 18, 22, 21, 29, 19, 5, 15, 23, 25, 17, 28]"
1391,55,2332800,B_,0.003,0.75,180,0.9,14,11,32,0.09,"[0, 0, 0, 0, 0, 7, 6, 11, 15, 25, 27, 30, 11, 17, 27, 23, 25, 29, 13, 24, 20, 23, 21, 24, 10, 24, 20, 27, 20, 27]"
1399,55,2332800,B_,0.003,0.75,180,0.9,14,11,32,0.13,"[4, 24, 24, 29, 30, 25, 28, 32, 37, 35, 36, 31, 27, 38, 33, 36, 29, 24, 30, 36, 29, 28, 28, 28, 17, 26, 34, 28, 25, 33]"
1393,55,2332800,B_,0.003,0.75,180,0.9,14,11,32,0.1,"[2, 6, 14, 25, 28, 24, 7, 32, 21, 24, 27, 21, 11, 30, 29, 27, 27, 31, 15, 25, 19, 22, 27, 19, 10, 35, 26, 32, 28, 23]"
1400,56,2332800,B_,0.003,0.75,180,0.9,14,11,32,0.01,"[0, 0, 0, 0, 0, 0, 0, 0, 0, 0, 0, 0, 0, 0, 0, 0, 0, 0, 0, 0, 0, 0, 0, 0, 0, 0, 0, 0, 0, 0]"
1401,56,2332800,B_,0.003,0.75,180,0.9,14,11,32,0.015,"[0, 1, 0, 0, 0, 0, 0, 0, 0, 0, 0, 0, 0, 0, 0, 0, 0, 0, 0, 0, 0, 0, 0, 0, 0, 0, 0, 0, 0, 0]"
1402,56,2332800,B_,0.003,0.75,180,0.9,14,11,32,0.02,"[0, 0, 0, 0, 0, 0, 0, 0, 0, 0, 0, 0, 0, 0, 0, 0, 1, 1, 0, 0, 0, 0, 0, 0, 0, 0, 0, 0, 0, 0]"
1394,55,2332800,B_,0.003,0.75,180,0.9,14,11,32,0.105,"[0, 0, 0, 3, 8, 20, 15, 20, 34, 26, 25, 23, 20, 37, 23, 21, 24, 18, 25, 23, 30, 21, 36, 27, 25, 28, 28, 27, 28, 28]"
1395,55,2332800,B_,0.003,0.75,180,0.9,14,11,32,0.11,"[0, 3, 12, 32, 26, 22, 32, 30, 38, 27, 27, 28, 22, 29, 43, 19, 21, 23, 22, 17, 31, 26, 24, 22, 23, 34, 27, 20, 25, 36]"
1396,55,2332800,B_,0.003,0.75,180,0.9,14,11,32,0.115,"[0, 0, 0, 8, 20, 28, 26, 24, 30, 24, 27, 27, 11, 19, 22, 29, 31, 23, 21, 22, 39, 24, 34, 27, 15, 29, 19, 45, 29, 26]"
1397,55,2332800,B_,0.003,0.75,180,0.9,14,11,32,0.12,"[0, 0, 24, 30, 33, 33, 10, 21, 20, 35, 30, 28, 20, 19, 30, 27, 21, 30, 12, 27, 34, 30, 29, 29, 22, 26, 23, 45, 21, 26]"
1403,56,2332800,B_,0.003,0.75,180,0.9,14,11,32,0.025,"[0, 0, 0, 0, 0, 0, 0, 0, 0, 0, 0, 2, 0, 0, 0, 0, 0, 0, 0, 0, 0, 0, 0, 0, 0, 0, 0, 0, 0, 0]"
1398,55,2332800,B_,0.003,0.75,180,0.9,14,11,32,0.125,"[33, 28, 34, 31, 38, 29, 31, 20, 26, 21, 23, 23, 19, 35, 36, 23, 31, 34, 22, 29, 36, 36, 22, 33, 24, 29, 34, 28, 26, 17]"
1404,56,2332800,B_,0.003,0.75,180,0.9,14,11,32,0.03,"[0, 0, 0, 2, 1, 0, 0, 0, 0, 0, 0, 0, 0, 0, 0, 0, 0, 0, 0, 0, 0, 0, 0, 0, 0, 0, 0, 0, 0, 0]"
1405,56,2332800,B_,0.003,0.75,180,0.9,14,11,32,0.035,"[0, 0, 0, 0, 0, 0, 0, 0, 0, 0, 0, 0, 0, 0, 0, 0, 0, 0, 0, 0, 0, 0, 0, 1, 0, 0, 0, 0, 0, 0]"
1406,56,2332800,B_,0.003,0.75,180,0.9,14,11,32,0.04,"[0, 0, 1, 0, 0, 0, 0, 0, 0, 0, 0, 0, 0, 0, 0, 0, 1, 0, 1, 0, 2, 1, 1, 1, 0, 1, 0, 0, 1, 0]"
1407,56,2332800,B_,0.003,0.75,180,0.9,14,11,32,0.045,"[0, 0, 0, 0, 0, 0, 0, 0, 0, 0, 0, 0, 0, 0, 1, 0, 0, 0, 0, 1, 3, 1, 1, 3, 0, 0, 0, 0, 0, 0]"
1409,56,2332800,B_,0.003,0.75,180,0.9,14,11,32,0.055,"[0, 0, 0, 0, 0, 0, 2, 1, 4, 3, 5, 5, 1, 3, 3, 4, 5, 5, 0, 0, 0, 2, 1, 4, 2, 4, 2, 4, 2, 7]"
1410,56,2332800,B_,0.003,0.75,180,0.9,14,11,32,0.06,"[0, 0, 0, 0, 0, 0, 0, 4, 7, 12, 13, 10, 1, 7, 8, 8, 4, 4, 4, 12, 7, 14, 7, 17, 2, 2, 5, 3, 10, 10]"
1408,56,2332800,B_,0.003,0.75,180,0.9,14,11,32,0.05,"[0, 0, 0, 0, 0, 0, 0, 0, 0, 0, 1, 0, 5, 6, 4, 10, 9, 9, 2, 2, 3, 5, 7, 8, 0, 0, 0, 0, 0, 0]"
1414,56,2332800,B_,0.003,0.75,180,0.9,14,11,32,0.08,"[0, 0, 0, 0, 0, 0, 0, 2, 5, 7, 9, 8, 7, 8, 11, 18, 15, 13, 12, 21, 31, 17, 21, 25, 11, 5, 11, 32, 25, 27]"
1412,56,2332800,B_,0.003,0.75,180,0.9,14,11,32,0.07,"[0, 0, 0, 5, 5, 9, 5, 11, 20, 19, 23, 15, 4, 7, 4, 9, 10, 10, 0, 2, 2, 6, 6, 6, 1, 0, 0, 1, 4, 4]"
1411,56,2332800,B_,0.003,0.75,180,0.9,14,11,32,0.065,"[0, 0, 0, 0, 0, 0, 0, 0, 3, 2, 11, 17, 1, 0, 1, 1, 5, 8, 3, 6, 10, 9, 4, 8, 3, 8, 13, 8, 12, 12]"
1415,56,2332800,B_,0.003,0.75,180,0.9,14,11,32,0.085,"[0, 0, 0, 0, 0, 0, 0, 0, 0, 4, 14, 16, 5, 6, 9, 12, 23, 16, 15, 12, 22, 19, 14, 24, 9, 21, 28, 27, 22, 25]"
1416,56,2332800,B_,0.003,0.75,180,0.9,14,11,32,0.09,"[0, 0, 0, 0, 0, 0, 5, 15, 20, 20, 23, 24, 11, 22, 23, 31, 22, 30, 14, 16, 22, 12, 26, 17, 4, 12, 10, 23, 19, 26]"
1425,57,2332800,B_,0.003,0.75,180,0.9,14,11,32,0.01,"[0, 0, 0, 0, 0, 0, 0, 0, 0, 0, 0, 0, 0, 0, 0, 0, 0, 0, 0, 0, 0, 0, 0, 0, 0, 0, 0, 0, 0, 0]"
1418,56,2332800,B_,0.003,0.75,180,0.9,14,11,32,0.1,"[0, 2, 6, 8, 15, 26, 12, 25, 22, 22, 25, 22, 24, 29, 22, 26, 30, 24, 8, 22, 20, 19, 26, 26, 13, 21, 25, 29, 20, 22]"
1426,57,2332800,B_,0.003,0.75,180,0.9,14,11,32,0.015,"[0, 0, 0, 0, 0, 0, 0, 0, 0, 0, 0, 0, 0, 0, 0, 0, 0, 0, 0, 0, 0, 0, 0, 0, 0, 0, 0, 0, 0, 0]"
1413,56,2332800,B_,0.003,0.75,180,0.9,14,11,32,0.075,"[0, 0, 0, 0, 0, 0, 0, 4, 10, 5, 12, 18, 3, 12, 16, 15, 27, 20, 8, 24, 14, 11, 14, 17, 11, 17, 19, 20, 11, 12]"
1427,57,2332800,B_,0.003,0.75,180,0.9,14,11,32,0.02,"[0, 0, 0, 0, 0, 0, 0, 0, 0, 0, 0, 0, 0, 0, 0, 0, 0, 0, 0, 0, 0, 0, 0, 0, 0, 0, 0, 0, 0, 0]"
1419,56,2332800,B_,0.003,0.75,180,0.9,14,11,32,0.105,"[0, 0, 9, 13, 21, 30, 21, 23, 23, 20, 26, 33, 12, 26, 29, 26, 23, 23, 17, 36, 33, 28, 21, 29, 8, 21, 29, 28, 26, 30]"
1421,56,2332800,B_,0.003,0.75,180,0.9,14,11,32,0.115,"[0, 0, 0, 5, 6, 32, 9, 29, 22, 24, 38, 28, 12, 29, 29, 28, 28, 26, 30, 32, 20, 32, 23, 27, 20, 15, 30, 31, 32, 27]"
1428,57,2332800,B_,0.003,0.75,180,0.9,14,11,32,0.025,"[0, 0, 0, 0, 1, 0, 0, 0, 0, 0, 0, 1, 0, 0, 0, 0, 0, 0, 0, 0, 0, 0, 0, 1, 1, 3, 0, 2, 0, 0]"
1420,56,2332800,B_,0.003,0.75,180,0.9,14,11,32,0.11,"[3, 3, 13, 26, 33, 27, 17, 21, 32, 26, 39, 34, 16, 34, 24, 35, 32, 29, 10, 27, 27, 28, 22, 33, 14, 36, 29, 31, 24, 22]"
1422,56,2332800,B_,0.003,0.75,180,0.9,14,11,32,0.12,"[0, 20, 33, 28, 42, 25, 23, 30, 26, 31, 26, 22, 19, 29, 20, 20, 26, 25, 22, 24, 34, 26, 26, 29, 15, 27, 28, 30, 27, 29]"
1424,56,2332800,B_,0.003,0.75,180,0.9,14,11,32,0.13,"[0, 0, 1, 15, 33, 27, 27, 20, 33, 29, 32, 25, 38, 36, 17, 38, 27, 29, 25, 19, 28, 35, 31, 31, 24, 33, 27, 28, 32, 23]"
1423,56,2332800,B_,0.003,0.75,180,0.9,14,11,32,0.125,"[6, 32, 23, 35, 33, 28, 20, 27, 27, 30, 37, 30, 23, 23, 33, 26, 30, 26, 24, 29, 38, 24, 30, 37, 26, 27, 29, 34, 26, 31]"
1417,56,2332800,B_,0.003,0.75,180,0.9,14,11,32,0.095,"[6, 6, 4, 9, 4, 8, 1, 8, 23, 15, 28, 24, 5, 37, 27, 20, 26, 27, 7, 21, 24, 26, 22, 21, 9, 19, 33, 25, 21, 24]"
1432,57,2332800,B_,0.003,0.75,180,0.9,14,11,32,0.045,"[0, 0, 0, 0, 0, 1, 0, 0, 1, 1, 6, 2, 0, 0, 0, 0, 0, 0, 0, 0, 0, 0, 1, 2, 2, 2, 2, 0, 2, 4]"
1429,57,2332800,B_,0.003,0.75,180,0.9,14,11,32,0.03,"[0, 0, 0, 0, 0, 0, 0, 0, 0, 0, 0, 0, 0, 0, 0, 0, 0, 0, 0, 0, 0, 0, 0, 2, 0, 0, 0, 0, 0, 0]"
1430,57,2332800,B_,0.003,0.75,180,0.9,14,11,32,0.035,"[0, 0, 0, 0, 0, 0, 0, 0, 0, 0, 0, 0, 0, 0, 0, 0, 0, 0, 0, 0, 0, 0, 0, 0, 0, 0, 0, 0, 0, 2]"
1431,57,2332800,B_,0.003,0.75,180,0.9,14,11,32,0.04,"[0, 0, 0, 0, 0, 0, 0, 0, 0, 0, 0, 0, 0, 0, 0, 0, 1, 3, 0, 3, 3, 1, 2, 2, 0, 1, 0, 0, 1, 0]"
1434,57,2332800,B_,0.003,0.75,180,0.9,14,11,32,0.055,"[1, 1, 0, 3, 1, 3, 0, 0, 0, 0, 0, 0, 0, 0, 0, 0, 1, 0, 0, 0, 1, 0, 0, 0, 0, 0, 0, 0, 0, 0]"
1433,57,2332800,B_,0.003,0.75,180,0.9,14,11,32,0.05,"[0, 1, 1, 1, 0, 1, 2, 3, 3, 2, 5, 5, 2, 1, 5, 0, 3, 3, 0, 2, 1, 1, 2, 6, 0, 1, 2, 2, 4, 2]"
1436,57,2332800,B_,0.003,0.75,180,0.9,14,11,32,0.065,"[0, 2, 3, 6, 1, 2, 1, 0, 0, 0, 0, 0, 0, 0, 0, 0, 7, 7, 0, 1, 6, 4, 6, 8, 3, 1, 5, 3, 2, 8]"
1435,57,2332800,B_,0.003,0.75,180,0.9,14,11,32,0.06,"[0, 0, 0, 0, 0, 2, 4, 1, 3, 11, 9, 8, 6, 4, 4, 5, 6, 5, 2, 10, 6, 8, 11, 16, 4, 7, 10, 14, 14, 13]"
1443,57,2332800,B_,0.003,0.75,180,0.9,14,11,32,0.1,"[0, 0, 0, 8, 22, 26, 5, 22, 19, 18, 29, 30, 2, 27, 27, 23, 19, 24, 3, 22, 22, 26, 26, 32, 13, 27, 25, 31, 20, 20]"
1437,57,2332800,B_,0.003,0.75,180,0.9,14,11,32,0.07,"[0, 3, 12, 10, 14, 13, 3, 7, 7, 13, 7, 29, 6, 3, 8, 6, 7, 15, 5, 2, 5, 9, 7, 10, 3, 9, 6, 5, 4, 4]"
1438,57,2332800,B_,0.003,0.75,180,0.9,14,11,32,0.075,"[0, 0, 0, 2, 3, 3, 1, 5, 0, 7, 21, 22, 5, 11, 15, 13, 20, 27, 2, 5, 7, 12, 8, 11, 7, 12, 13, 13, 16, 14]"
1440,57,2332800,B_,0.003,0.75,180,0.9,14,11,32,0.085,"[0, 1, 2, 1, 1, 3, 3, 10, 21, 21, 28, 26, 14, 12, 28, 20, 21, 25, 5, 7, 13, 11, 18, 20, 12, 12, 18, 11, 9, 8]"
1439,57,2332800,B_,0.003,0.75,180,0.9,14,11,32,0.08,"[0, 0, 3, 7, 11, 16, 1, 5, 12, 18, 25, 25, 15, 10, 29, 23, 17, 20, 6, 8, 17, 19, 12, 12, 5, 13, 15, 20, 15, 18]"
1441,57,2332800,B_,0.003,0.75,180,0.9,14,11,32,0.09,"[5, 5, 5, 10, 17, 22, 16, 18, 15, 24, 22, 27, 6, 24, 26, 33, 17, 20, 3, 3, 9, 24, 27, 22, 14, 29, 20, 25, 22, 24]"
1442,57,2332800,B_,0.003,0.75,180,0.9,14,11,32,0.095,"[0, 0, 4, 29, 29, 20, 9, 21, 19, 23, 27, 22, 21, 33, 30, 25, 31, 21, 16, 16, 24, 23, 18, 28, 6, 15, 25, 21, 20, 27]"
1450,58,2332800,B_,0.003,0.75,180,0.9,14,11,32,0.01,"[0, 0, 0, 0, 0, 0, 0, 0, 0, 0, 0, 0, 0, 0, 0, 0, 0, 0, 0, 0, 0, 0, 0, 0, 0, 0, 0, 0, 0, 0]"
1451,58,2332800,B_,0.003,0.75,180,0.9,14,11,32,0.015,"[0, 0, 0, 0, 0, 0, 0, 0, 0, 0, 0, 0, 0, 0, 0, 0, 0, 0, 0, 0, 0, 0, 0, 0, 0, 0, 0, 0, 0, 0]"
1444,57,2332800,B_,0.003,0.75,180,0.9,14,11,32,0.105,"[0, 0, 9, 26, 28, 30, 19, 20, 26, 28, 35, 25, 22, 20, 28, 24, 26, 29, 20, 27, 30, 27, 20, 23, 17, 26, 33, 26, 31, 22]"
1452,58,2332800,B_,0.003,0.75,180,0.9,14,11,32,0.02,"[0, 0, 0, 0, 0, 0, 0, 0, 0, 0, 0, 0, 0, 0, 0, 0, 1, 0, 0, 0, 0, 0, 1, 0, 0, 0, 0, 0, 0, 0]"
1445,57,2332800,B_,0.003,0.75,180,0.9,14,11,32,0.11,"[0, 28, 23, 21, 22, 28, 18, 21, 31, 25, 27, 31, 21, 26, 32, 36, 23, 19, 9, 25, 27, 30, 26, 22, 29, 27, 24, 37, 31, 28]"
1453,58,2332800,B_,0.003,0.75,180,0.9,14,11,32,0.025,"[0, 0, 0, 0, 0, 0, 0, 0, 0, 0, 0, 0, 0, 0, 0, 0, 0, 0, 0, 0, 0, 0, 0, 0, 0, 0, 0, 0, 0, 0]"
1446,57,2332800,B_,0.003,0.75,180,0.9,14,11,32,0.115,"[0, 5, 19, 32, 34, 20, 21, 29, 20, 17, 25, 33, 14, 26, 26, 32, 22, 26, 20, 25, 27, 29, 23, 41, 16, 33, 31, 31, 16, 22]"
1447,57,2332800,B_,0.003,0.75,180,0.9,14,11,32,0.12,"[4, 34, 31, 27, 32, 26, 23, 21, 31, 26, 36, 25, 8, 34, 33, 29, 20, 28, 24, 23, 36, 22, 23, 29, 36, 25, 31, 18, 20, 29]"
1454,58,2332800,B_,0.003,0.75,180,0.9,14,11,32,0.03,"[0, 1, 0, 0, 0, 0, 0, 0, 0, 0, 0, 0, 0, 3, 1, 0, 0, 2, 0, 0, 0, 0, 0, 0, 0, 0, 0, 0, 0, 0]"
1448,57,2332800,B_,0.003,0.75,180,0.9,14,11,32,0.125,"[0, 4, 9, 18, 35, 27, 27, 27, 31, 25, 31, 25, 15, 42, 31, 26, 31, 35, 19, 26, 33, 27, 25, 33, 25, 27, 28, 23, 26, 27]"
1449,57,2332800,B_,0.003,0.75,180,0.9,14,11,32,0.13,"[5, 15, 40, 29, 32, 23, 23, 31, 29, 30, 34, 28, 25, 37, 27, 28, 20, 22, 19, 31, 23, 27, 31, 30, 34, 34, 33, 29, 34, 21]"
1455,58,2332800,B_,0.003,0.75,180,0.9,14,11,32,0.035,"[0, 0, 0, 0, 0, 0, 0, 0, 0, 0, 0, 3, 0, 0, 0, 0, 0, 0, 0, 0, 0, 0, 1, 2, 0, 0, 0, 0, 0, 0]"
1458,58,2332800,B_,0.003,0.75,180,0.9,14,11,32,0.05,"[0, 0, 0, 1, 0, 1, 0, 0, 0, 0, 1, 4, 1, 1, 3, 0, 2, 3, 0, 0, 0, 0, 2, 1, 0, 0, 0, 0, 0, 2]"
1459,58,2332800,B_,0.003,0.75,180,0.9,14,11,32,0.055,"[0, 0, 0, 0, 0, 0, 0, 0, 2, 2, 1, 1, 0, 0, 0, 0, 0, 0, 2, 1, 4, 5, 5, 4, 0, 0, 0, 0, 0, 2]"
1456,58,2332800,B_,0.003,0.75,180,0.9,14,11,32,0.04,"[0, 0, 0, 0, 0, 1, 0, 1, 0, 0, 0, 0, 0, 0, 0, 0, 0, 0, 0, 0, 0, 0, 0, 0, 0, 0, 0, 0, 0, 0]"
1457,58,2332800,B_,0.003,0.75,180,0.9,14,11,32,0.045,"[0, 0, 0, 0, 0, 1, 1, 0, 0, 0, 0, 0, 0, 0, 0, 0, 0, 1, 0, 0, 0, 0, 1, 0, 0, 0, 2, 2, 2, 2]"
1461,58,2332800,B_,0.003,0.75,180,0.9,14,11,32,0.065,"[0, 0, 4, 2, 3, 5, 0, 0, 0, 3, 5, 5, 1, 1, 1, 6, 10, 15, 4, 5, 13, 13, 10, 12, 3, 5, 3, 1, 4, 2]"
1460,58,2332800,B_,0.003,0.75,180,0.9,14,11,32,0.06,"[0, 0, 0, 0, 0, 1, 0, 0, 0, 0, 1, 3, 0, 0, 0, 0, 0, 0, 2, 5, 3, 5, 4, 9, 2, 3, 9, 10, 7, 6]"
1464,58,2332800,B_,0.003,0.75,180,0.9,14,11,32,0.08,"[2, 2, 4, 7, 12, 15, 6, 18, 21, 20, 11, 27, 7, 17, 17, 17, 22, 23, 4, 12, 28, 19, 16, 18, 16, 20, 24, 16, 25, 24]"
1465,58,2332800,B_,0.003,0.75,180,0.9,14,11,32,0.085,"[1, 11, 12, 30, 21, 32, 11, 14, 22, 17, 26, 21, 4, 27, 19, 27, 24, 23, 21, 22, 23, 25, 17, 21, 12, 15, 30, 28, 28, 21]"
1466,58,2332800,B_,0.003,0.75,180,0.9,14,11,32,0.09,"[3, 3, 1, 5, 16, 24, 1, 7, 9, 11, 14, 26, 0, 0, 0, 8, 19, 22, 7, 11, 12, 24, 13, 30, 15, 27, 29, 28, 17, 23]"
1467,58,2332800,B_,0.003,0.75,180,0.9,14,11,32,0.095,"[0, 0, 0, 9, 10, 6, 0, 0, 2, 20, 30, 26, 9, 22, 27, 31, 25, 20, 13, 21, 26, 11, 24, 23, 10, 28, 26, 23, 25, 21]"
1475,59,2332800,B_,0.003,0.75,180,0.9,14,11,32,0.01,"[0, 0, 0, 0, 0, 0, 0, 0, 0, 0, 0, 0, 0, 0, 0, 0, 0, 0, 0, 0, 0, 0, 0, 0, 0, 0, 0, 0, 0, 0]"
1463,58,2332800,B_,0.003,0.75,180,0.9,14,11,32,0.075,"[3, 3, 3, 3, 4, 3, 0, 0, 0, 0, 0, 0, 3, 4, 5, 9, 22, 15, 9, 14, 19, 16, 20, 14, 4, 5, 4, 11, 13, 12]"
1462,58,2332800,B_,0.003,0.75,180,0.9,14,11,32,0.07,"[0, 0, 1, 0, 0, 0, 2, 2, 6, 4, 17, 8, 11, 17, 16, 23, 11, 21, 2, 10, 7, 13, 13, 11, 11, 13, 13, 20, 22, 20]"
1476,59,2332800,B_,0.003,0.75,180,0.9,14,11,32,0.015,"[0, 0, 0, 0, 0, 0, 0, 0, 0, 0, 0, 0, 0, 0, 0, 0, 0, 1, 0, 0, 0, 0, 0, 0, 0, 0, 0, 0, 0, 0]"
1477,59,2332800,B_,0.003,0.75,180,0.9,14,11,32,0.02,"[0, 0, 0, 0, 0, 0, 0, 0, 0, 0, 0, 0, 0, 0, 0, 0, 0, 0, 0, 0, 0, 0, 0, 0, 0, 0, 0, 0, 0, 0]"
1470,58,2332800,B_,0.003,0.75,180,0.9,14,11,32,0.11,"[0, 5, 11, 13, 18, 30, 17, 21, 18, 35, 25, 27, 28, 28, 27, 28, 26, 28, 22, 24, 28, 29, 29, 21, 13, 30, 24, 30, 19, 26]"
1471,58,2332800,B_,0.003,0.75,180,0.9,14,11,32,0.115,"[0, 14, 21, 31, 33, 26, 22, 26, 31, 27, 29, 33, 21, 32, 26, 30, 36, 29, 24, 27, 33, 38, 33, 23, 35, 27, 24, 33, 24, 24]"
1479,59,2332800,B_,0.003,0.75,180,0.9,14,11,32,0.03,"[0, 0, 0, 0, 0, 0, 0, 0, 0, 0, 0, 0, 0, 1, 1, 3, 3, 2, 0, 0, 0, 0, 1, 0, 0, 0, 0, 0, 0, 0]"
1473,58,2332800,B_,0.003,0.75,180,0.9,14,11,32,0.125,"[0, 0, 22, 20, 31, 25, 18, 37, 31, 27, 36, 29, 24, 32, 34, 27, 33, 30, 24, 32, 20, 26, 22, 28, 17, 31, 37, 35, 22, 32]"
1472,58,2332800,B_,0.003,0.75,180,0.9,14,11,32,0.12,"[0, 12, 14, 26, 21, 36, 20, 25, 28, 35, 34, 32, 34, 32, 30, 26, 20, 20, 21, 28, 33, 22, 23, 33, 23, 42, 31, 29, 14, 31]"
1474,58,2332800,B_,0.003,0.75,180,0.9,14,11,32,0.13,"[0, 2, 32, 35, 31, 33, 36, 26, 26, 27, 25, 34, 23, 33, 29, 35, 26, 37, 16, 20, 32, 24, 23, 27, 25, 33, 40, 33, 21, 26]"
1468,58,2332800,B_,0.003,0.75,180,0.9,14,11,32,0.1,"[0, 0, 7, 5, 6, 7, 6, 20, 24, 29, 23, 26, 26, 20, 31, 31, 24, 29, 16, 17, 27, 21, 22, 28, 11, 26, 19, 30, 25, 24]"
1469,58,2332800,B_,0.003,0.75,180,0.9,14,11,32,0.105,"[10, 10, 20, 37, 28, 27, 16, 25, 27, 20, 30, 23, 27, 26, 24, 28, 25, 23, 9, 29, 22, 16, 24, 19, 15, 27, 32, 32, 20, 23]"
1478,59,2332800,B_,0.003,0.75,180,0.9,14,11,32,0.025,"[0, 0, 1, 0, 0, 0, 0, 0, 0, 0, 0, 0, 0, 0, 0, 1, 1, 1, 0, 0, 0, 0, 0, 0, 0, 0, 0, 0, 0, 0]"
1484,59,2332800,B_,0.003,0.75,180,0.9,14,11,32,0.055,"[0, 0, 0, 0, 0, 0, 0, 0, 0, 1, 5, 2, 5, 3, 2, 0, 1, 4, 0, 1, 1, 0, 0, 0, 2, 1, 4, 5, 2, 2]"
1480,59,2332800,B_,0.003,0.75,180,0.9,14,11,32,0.035,"[0, 0, 0, 0, 0, 0, 0, 0, 2, 1, 0, 3, 0, 0, 0, 0, 0, 0, 0, 0, 0, 0, 0, 0, 0, 0, 0, 0, 0, 1]"
1481,59,2332800,B_,0.003,0.75,180,0.9,14,11,32,0.04,"[0, 0, 0, 0, 0, 0, 0, 0, 0, 0, 0, 1, 0, 0, 0, 0, 0, 0, 0, 0, 0, 0, 2, 0, 0, 0, 0, 0, 0, 0]"
1487,59,2332800,B_,0.003,0.75,180,0.9,14,11,32,0.07,"[0, 0, 0, 0, 0, 1, 0, 0, 2, 6, 9, 7, 3, 4, 11, 21, 20, 21, 3, 7, 6, 15, 13, 21, 1, 2, 6, 9, 6, 14]"
1483,59,2332800,B_,0.003,0.75,180,0.9,14,11,32,0.05,"[0, 0, 0, 0, 0, 0, 0, 2, 1, 0, 0, 0, 0, 0, 0, 0, 0, 1, 0, 3, 1, 0, 1, 2, 1, 0, 0, 0, 0, 0]"
1482,59,2332800,B_,0.003,0.75,180,0.9,14,11,32,0.045,"[0, 1, 0, 0, 0, 2, 0, 0, 0, 0, 0, 0, 0, 2, 1, 0, 0, 0, 0, 2, 2, 5, 5, 6, 0, 0, 0, 0, 0, 0]"
1485,59,2332800,B_,0.003,0.75,180,0.9,14,11,32,0.06,"[0, 0, 0, 0, 0, 0, 0, 0, 4, 2, 7, 4, 2, 5, 0, 3, 6, 5, 0, 0, 0, 0, 0, 2, 1, 1, 5, 4, 1, 3]"
1486,59,2332800,B_,0.003,0.75,180,0.9,14,11,32,0.065,"[0, 0, 1, 5, 3, 3, 0, 0, 2, 7, 8, 10, 2, 4, 5, 13, 9, 12, 0, 0, 0, 1, 0, 2, 2, 10, 15, 15, 15, 22]"
1488,59,2332800,B_,0.003,0.75,180,0.9,14,11,32,0.075,"[0, 0, 0, 0, 0, 0, 0, 1, 1, 6, 7, 2, 0, 0, 4, 5, 13, 7, 10, 8, 12, 14, 13, 15, 8, 3, 9, 14, 13, 15]"
1489,59,2332800,B_,0.003,0.75,180,0.9,14,11,32,0.08,"[0, 0, 0, 0, 0, 0, 0, 0, 0, 0, 2, 3, 0, 0, 0, 0, 0, 0, 1, 0, 0, 0, 0, 0, 0, 0, 0, 8, 8, 13]"
1490,59,2332800,B_,0.003,0.75,180,0.9,14,11,32,0.085,"[0, 0, 0, 0, 0, 0, 0, 2, 7, 3, 23, 19, 7, 24, 16, 24, 17, 27, 6, 11, 24, 30, 17, 29, 5, 16, 17, 25, 19, 21]"
1491,59,2332800,B_,0.003,0.75,180,0.9,14,11,32,0.09,"[0, 0, 0, 1, 0, 0, 1, 0, 0, 4, 16, 18, 8, 17, 24, 28, 22, 23, 14, 27, 22, 24, 17, 25, 11, 11, 27, 22, 19, 25]"
1492,59,2332800,B_,0.003,0.75,180,0.9,14,11,32,0.095,"[0, 3, 13, 28, 27, 22, 17, 20, 23, 24, 30, 29, 12, 19, 27, 21, 18, 19, 13, 20, 23, 25, 25, 26, 15, 22, 28, 22, 23, 17]"
1500,60,2332800,B_,0.003,0.75,180,0.9,14,11,32,0.01,"[0, 0, 0, 0, 0, 0, 0, 0, 0, 0, 0, 0, 0, 0, 0, 0, 0, 0, 0, 0, 0, 0, 0, 0, 0, 0, 0, 0, 0, 0]"
1493,59,2332800,B_,0.003,0.75,180,0.9,14,11,32,0.1,"[0, 0, 0, 0, 0, 0, 0, 8, 14, 26, 27, 21, 20, 24, 26, 24, 24, 26, 24, 29, 26, 30, 23, 23, 23, 25, 33, 30, 25, 25]"
1501,60,2332800,B_,0.003,0.75,180,0.9,14,11,32,0.015,"[0, 0, 0, 0, 0, 0, 0, 0, 0, 0, 0, 0, 0, 1, 0, 0, 1, 0, 0, 0, 0, 0, 0, 0, 0, 0, 0, 0, 0, 0]"
1502,60,2332800,B_,0.003,0.75,180,0.9,14,11,32,0.02,"[0, 0, 0, 0, 0, 0, 0, 0, 0, 0, 0, 0, 0, 0, 0, 0, 0, 0, 0, 0, 0, 0, 0, 0, 0, 0, 0, 0, 0, 0]"
1494,59,2332800,B_,0.003,0.75,180,0.9,14,11,32,0.105,"[0, 1, 7, 13, 29, 24, 8, 18, 30, 24, 27, 32, 11, 23, 22, 22, 18, 37, 25, 28, 28, 24, 14, 26, 20, 28, 34, 29, 22, 26]"
1503,60,2332800,B_,0.003,0.75,180,0.9,14,11,32,0.025,"[0, 0, 0, 0, 0, 0, 2, 0, 0, 2, 2, 1, 0, 0, 0, 0, 0, 0, 0, 0, 0, 0, 0, 0, 0, 0, 0, 0, 1, 0]"
1504,60,2332800,B_,0.003,0.75,180,0.9,14,11,32,0.03,"[0, 0, 0, 0, 0, 0, 0, 0, 0, 0, 0, 0, 0, 0, 0, 0, 0, 0, 0, 0, 0, 1, 3, 4, 0, 0, 0, 1, 0, 0]"
1506,60,2332800,B_,0.003,0.75,180,0.9,14,11,32,0.04,"[0, 0, 0, 0, 0, 0, 1, 0, 0, 0, 0, 0, 0, 0, 0, 0, 0, 0, 0, 0, 0, 0, 0, 0, 0, 0, 0, 0, 0, 2]"
1495,59,2332800,B_,0.003,0.75,180,0.9,14,11,32,0.11,"[0, 0, 5, 17, 31, 24, 18, 23, 32, 24, 31, 24, 18, 34, 16, 37, 21, 23, 18, 26, 27, 26, 24, 29, 17, 24, 37, 16, 26, 33]"
1496,59,2332800,B_,0.003,0.75,180,0.9,14,11,32,0.115,"[1, 8, 20, 33, 36, 27, 17, 30, 24, 25, 25, 20, 14, 22, 27, 25, 26, 26, 16, 22, 35, 25, 24, 34, 18, 25, 31, 32, 23, 26]"
1507,60,2332800,B_,0.003,0.75,180,0.9,14,11,32,0.045,"[0, 0, 0, 0, 0, 1, 1, 0, 0, 0, 2, 1, 0, 0, 0, 0, 0, 0, 0, 0, 0, 0, 0, 0, 0, 0, 0, 0, 0, 0]"
1498,59,2332800,B_,0.003,0.75,180,0.9,14,11,32,0.125,"[0, 0, 15, 11, 28, 19, 30, 23, 20, 23, 27, 38, 28, 31, 32, 18, 30, 34, 13, 24, 37, 34, 22, 31, 25, 25, 28, 31, 28, 27]"
1497,59,2332800,B_,0.003,0.75,180,0.9,14,11,32,0.12,"[5, 11, 26, 35, 32, 35, 15, 26, 30, 25, 39, 23, 17, 26, 39, 23, 22, 29, 17, 20, 33, 23, 29, 28, 24, 39, 24, 30, 30, 37]"
1499,59,2332800,B_,0.003,0.75,180,0.9,14,11,32,0.13,"[0, 9, 33, 27, 31, 32, 22, 26, 37, 23, 31, 31, 21, 40, 23, 29, 29, 31, 33, 33, 33, 26, 28, 30, 20, 31, 35, 38, 31, 29]"
1505,60,2332800,B_,0.003,0.75,180,0.9,14,11,32,0.035,"[0, 0, 0, 0, 0, 0, 0, 0, 1, 2, 2, 1, 0, 0, 0, 0, 0, 0, 0, 0, 1, 2, 0, 1, 0, 0, 0, 0, 0, 0]"
1508,60,2332800,B_,0.003,0.75,180,0.9,14,11,32,0.05,"[0, 0, 0, 1, 1, 8, 0, 0, 0, 1, 0, 0, 0, 0, 0, 0, 1, 2, 0, 0, 0, 4, 2, 4, 0, 0, 0, 0, 0, 1]"
1510,60,2332800,B_,0.003,0.75,180,0.9,14,11,32,0.06,"[0, 0, 0, 0, 0, 4, 0, 0, 2, 6, 7, 1, 2, 2, 5, 5, 3, 5, 0, 1, 3, 0, 1, 2, 4, 3, 3, 3, 2, 3]"
1509,60,2332800,B_,0.003,0.75,180,0.9,14,11,32,0.055,"[2, 3, 4, 2, 2, 3, 1, 2, 5, 1, 4, 2, 1, 2, 2, 5, 5, 4, 0, 0, 0, 2, 9, 16, 1, 5, 4, 4, 5, 4]"
1512,60,2332800,B_,0.003,0.75,180,0.9,14,11,32,0.07,"[0, 2, 0, 1, 3, 1, 0, 0, 0, 1, 7, 12, 0, 0, 0, 0, 0, 4, 1, 4, 5, 10, 5, 6, 1, 3, 1, 5, 2, 10]"
1513,60,2332800,B_,0.003,0.75,180,0.9,14,11,32,0.075,"[0, 0, 0, 0, 0, 0, 0, 1, 0, 0, 0, 0, 0, 0, 0, 5, 7, 12, 7, 17, 24, 22, 15, 19, 6, 11, 12, 21, 14, 15]"
1511,60,2332800,B_,0.003,0.75,180,0.9,14,11,32,0.065,"[0, 0, 0, 1, 0, 0, 0, 5, 1, 5, 1, 6, 0, 0, 0, 4, 3, 4, 0, 0, 0, 0, 0, 0, 0, 0, 0, 0, 1, 4]"
1514,60,2332800,B_,0.003,0.75,180,0.9,14,11,32,0.08,"[0, 0, 0, 0, 4, 2, 1, 5, 4, 4, 5, 7, 1, 3, 2, 7, 17, 15, 18, 15, 26, 23, 21, 23, 13, 24, 23, 27, 17, 16]"
1515,60,2332800,B_,0.003,0.75,180,0.9,14,11,32,0.085,"[0, 0, 8, 14, 10, 16, 15, 9, 16, 20, 27, 20, 3, 5, 22, 17, 20, 19, 15, 12, 25, 19, 24, 19, 11, 27, 25, 28, 18, 28]"
1516,60,2332800,B_,0.003,0.75,180,0.9,14,11,32,0.09,"[0, 0, 0, 0, 0, 0, 1, 12, 13, 25, 18, 24, 17, 22, 31, 33, 24, 23, 14, 18, 23, 34, 24, 17, 11, 20, 24, 22, 15, 25]"
1519,60,2332800,B_,0.003,0.75,180,0.9,14,11,32,0.105,"[0, 0, 0, 4, 9, 12, 7, 19, 25, 41, 25, 21, 22, 24, 27, 25, 29, 29, 17, 27, 23, 24, 21, 37, 23, 30, 23, 26, 20, 27]"
1520,60,2332800,B_,0.003,0.75,180,0.9,14,11,32,0.11,"[0, 0, 8, 6, 14, 29, 17, 29, 25, 30, 29, 21, 18, 19, 28, 21, 21, 29, 10, 29, 23, 22, 27, 28, 15, 28, 31, 35, 15, 21]"
1525,61,2332800,B_,0.003,0.75,180,0.9,14,11,32,0.01,"[0, 0, 0, 0, 0, 0, 0, 0, 0, 0, 0, 0, 0, 0, 0, 0, 0, 0, 0, 0, 0, 0, 0, 0, 0, 0, 0, 0, 0, 0]"
1526,61,2332800,B_,0.003,0.75,180,0.9,14,11,32,0.015,"[0, 0, 0, 0, 0, 0, 0, 0, 0, 0, 0, 0, 0, 0, 0, 0, 0, 0, 0, 0, 0, 0, 0, 0, 0, 0, 0, 0, 0, 0]"
1521,60,2332800,B_,0.003,0.75,180,0.9,14,11,32,0.115,"[2, 10, 21, 27, 29, 21, 13, 15, 28, 23, 29, 37, 17, 45, 30, 21, 29, 22, 25, 19, 28, 20, 22, 18, 12, 21, 28, 29, 25, 32]"
1522,60,2332800,B_,0.003,0.75,180,0.9,14,11,32,0.12,"[0, 17, 14, 34, 33, 26, 20, 28, 27, 26, 34, 26, 13, 33, 37, 28, 29, 29, 29, 28, 26, 28, 28, 18, 9, 23, 32, 35, 28, 22]"
1523,60,2332800,B_,0.003,0.75,180,0.9,14,11,32,0.125,"[0, 0, 6, 25, 28, 29, 31, 26, 35, 21, 33, 28, 25, 29, 32, 25, 21, 30, 20, 34, 28, 24, 28, 29, 21, 32, 26, 36, 24, 28]"
1524,60,2332800,B_,0.003,0.75,180,0.9,14,11,32,0.13,"[0, 6, 31, 26, 33, 20, 19, 32, 30, 25, 45, 24, 24, 36, 32, 29, 30, 35, 25, 22, 27, 28, 29, 40, 19, 41, 20, 35, 25, 30]"
1527,61,2332800,B_,0.003,0.75,180,0.9,14,11,32,0.02,"[0, 0, 0, 0, 0, 0, 0, 1, 0, 1, 0, 0, 0, 0, 0, 0, 0, 0, 0, 0, 0, 0, 0, 0, 0, 0, 0, 0, 0, 0]"
1517,60,2332800,B_,0.003,0.75,180,0.9,14,11,32,0.095,"[3, 20, 19, 25, 31, 20, 10, 30, 25, 16, 26, 30, 2, 9, 7, 15, 22, 24, 15, 22, 30, 16, 19, 24, 24, 25, 16, 26, 14, 23]"
1518,60,2332800,B_,0.003,0.75,180,0.9,14,11,32,0.1,"[0, 0, 7, 13, 19, 23, 21, 32, 37, 26, 32, 30, 23, 26, 25, 27, 25, 30, 16, 21, 31, 16, 17, 27, 17, 21, 29, 30, 26, 25]"
1533,61,2332800,B_,0.003,0.75,180,0.9,14,11,32,0.05,"[0, 0, 1, 0, 0, 0, 0, 3, 1, 4, 6, 12, 0, 1, 2, 1, 0, 1, 0, 3, 2, 4, 2, 5, 0, 0, 0, 0, 0, 2]"
1528,61,2332800,B_,0.003,0.75,180,0.9,14,11,32,0.025,"[0, 0, 0, 0, 0, 0, 0, 0, 0, 0, 0, 0, 0, 0, 0, 0, 0, 0, 0, 0, 0, 0, 0, 0, 0, 0, 0, 0, 0, 0]"
1529,61,2332800,B_,0.003,0.75,180,0.9,14,11,32,0.03,"[0, 0, 4, 0, 1, 3, 0, 0, 0, 0, 0, 0, 0, 0, 0, 0, 0, 1, 0, 0, 0, 0, 0, 0, 0, 0, 0, 0, 0, 0]"
1530,61,2332800,B_,0.003,0.75,180,0.9,14,11,32,0.035,"[0, 0, 0, 0, 1, 1, 0, 0, 0, 0, 2, 1, 0, 0, 0, 1, 1, 1, 2, 2, 0, 1, 2, 2, 1, 1, 1, 2, 3, 1]"
1531,61,2332800,B_,0.003,0.75,180,0.9,14,11,32,0.04,"[0, 0, 0, 0, 0, 0, 0, 0, 0, 0, 0, 0, 0, 0, 0, 0, 0, 0, 0, 0, 0, 0, 0, 0, 0, 0, 0, 2, 1, 1]"
1532,61,2332800,B_,0.003,0.75,180,0.9,14,11,32,0.045,"[0, 0, 0, 2, 2, 2, 0, 0, 1, 1, 1, 4, 0, 0, 0, 1, 0, 0, 0, 0, 0, 0, 0, 0, 0, 0, 2, 2, 1, 5]"
1535,61,2332800,B_,0.003,0.75,180,0.9,14,11,32,0.06,"[0, 0, 1, 4, 4, 2, 0, 1, 0, 2, 4, 6, 0, 0, 2, 2, 1, 13, 4, 2, 6, 6, 5, 9, 1, 0, 0, 4, 3, 2]"
1534,61,2332800,B_,0.003,0.75,180,0.9,14,11,32,0.055,"[0, 1, 0, 5, 3, 6, 2, 4, 3, 13, 5, 8, 1, 1, 7, 5, 6, 4, 0, 3, 1, 4, 5, 7, 2, 6, 7, 7, 7, 9]"
1536,61,2332800,B_,0.003,0.75,180,0.9,14,11,32,0.065,"[0, 0, 1, 5, 2, 2, 1, 1, 11, 10, 11, 9, 7, 11, 15, 13, 17, 16, 3, 3, 7, 11, 5, 14, 2, 2, 6, 8, 4, 5]"
1537,61,2332800,B_,0.003,0.75,180,0.9,14,11,32,0.07,"[2, 3, 4, 4, 4, 12, 7, 6, 12, 9, 12, 16, 3, 16, 16, 27, 21, 18, 3, 8, 3, 13, 9, 9, 6, 7, 14, 14, 19, 23]"
1538,61,2332800,B_,0.003,0.75,180,0.9,14,11,32,0.075,"[0, 0, 0, 0, 0, 0, 0, 0, 0, 4, 9, 17, 0, 1, 1, 15, 16, 13, 11, 26, 18, 15, 19, 22, 11, 11, 14, 15, 16, 20]"
1539,61,2332800,B_,0.003,0.75,180,0.9,14,11,32,0.08,"[0, 0, 0, 0, 0, 0, 0, 0, 1, 3, 4, 5, 3, 3, 9, 15, 15, 18, 1, 4, 7, 12, 19, 27, 6, 16, 30, 19, 31, 15]"
1550,62,2332800,B_,0.003,0.75,180,0.9,14,11,32,0.01,"[0, 0, 0, 0, 0, 0, 0, 0, 0, 0, 0, 0, 0, 0, 0, 0, 0, 0, 0, 0, 0, 0, 0, 0, 0, 0, 0, 0, 0, 0]"
1542,61,2332800,B_,0.003,0.75,180,0.9,14,11,32,0.095,"[2, 13, 17, 23, 25, 23, 13, 28, 21, 23, 28, 27, 6, 11, 27, 24, 36, 25, 6, 26, 22, 18, 12, 22, 17, 24, 27, 21, 24, 28]"
1553,62,2332800,B_,0.003,0.75,180,0.9,14,11,32,0.025,"[0, 0, 0, 0, 0, 0, 0, 0, 0, 0, 0, 0, 0, 0, 0, 0, 0, 0, 0, 0, 0, 0, 0, 0, 0, 0, 0, 0, 0, 0]"
1540,61,2332800,B_,0.003,0.75,180,0.9,14,11,32,0.085,"[0, 0, 0, 0, 0, 0, 0, 1, 8, 6, 12, 18, 5, 3, 2, 5, 6, 10, 17, 22, 12, 19, 13, 26, 17, 19, 16, 28, 20, 31]"
1541,61,2332800,B_,0.003,0.75,180,0.9,14,11,32,0.09,"[0, 0, 0, 1, 2, 2, 4, 1, 27, 13, 26, 23, 6, 17, 19, 22, 23, 28, 9, 18, 26, 27, 16, 30, 19, 28, 28, 24, 21, 20]"
1551,62,2332800,B_,0.003,0.75,180,0.9,14,11,32,0.015,"[0, 0, 0, 0, 0, 0, 0, 0, 0, 0, 0, 0, 0, 0, 0, 0, 0, 0, 0, 0, 0, 0, 0, 0, 0, 0, 0, 0, 0, 0]"
1552,62,2332800,B_,0.003,0.75,180,0.9,14,11,32,0.02,"[0, 0, 0, 0, 1, 0, 0, 0, 0, 0, 0, 0, 0, 0, 0, 0, 0, 0, 0, 0, 0, 0, 0, 0, 0, 0, 0, 0, 0, 0]"
1543,61,2332800,B_,0.003,0.75,180,0.9,14,11,32,0.1,"[0, 4, 16, 24, 27, 31, 13, 21, 25, 28, 25, 24, 15, 25, 25, 17, 22, 26, 10, 27, 29, 21, 27, 22, 14, 21, 33, 28, 16, 22]"
1554,62,2332800,B_,0.003,0.75,180,0.9,14,11,32,0.03,"[0, 0, 0, 0, 0, 0, 0, 0, 1, 0, 0, 0, 0, 0, 0, 0, 0, 0, 0, 0, 0, 0, 0, 0, 0, 0, 0, 0, 0, 0]"
1544,61,2332800,B_,0.003,0.75,180,0.9,14,11,32,0.105,"[1, 23, 18, 30, 23, 30, 17, 29, 23, 22, 26, 27, 21, 27, 31, 25, 22, 30, 29, 25, 27, 22, 19, 20, 23, 23, 30, 30, 16, 27]"
1555,62,2332800,B_,0.003,0.75,180,0.9,14,11,32,0.035,"[0, 0, 0, 0, 0, 0, 0, 0, 0, 0, 0, 2, 1, 0, 1, 1, 0, 5, 1, 0, 0, 0, 0, 0, 0, 0, 0, 0, 0, 0]"
1545,61,2332800,B_,0.003,0.75,180,0.9,14,11,32,0.11,"[0, 13, 20, 26, 31, 22, 20, 22, 27, 28, 38, 26, 25, 28, 28, 28, 21, 30, 21, 27, 27, 17, 26, 29, 24, 24, 20, 23, 23, 25]"
1546,61,2332800,B_,0.003,0.75,180,0.9,14,11,32,0.115,"[10, 29, 30, 27, 25, 24, 19, 27, 26, 19, 24, 26, 24, 23, 28, 27, 28, 24, 16, 29, 35, 32, 21, 32, 25, 27, 24, 34, 21, 20]"
1547,61,2332800,B_,0.003,0.75,180,0.9,14,11,32,0.12,"[0, 0, 2, 14, 21, 27, 21, 30, 36, 19, 26, 40, 15, 36, 28, 22, 24, 22, 28, 27, 25, 23, 25, 23, 9, 28, 34, 28, 35, 29]"
1556,62,2332800,B_,0.003,0.75,180,0.9,14,11,32,0.04,"[0, 0, 0, 0, 0, 0, 0, 0, 2, 0, 0, 3, 2, 0, 1, 1, 2, 2, 0, 0, 0, 0, 1, 3, 0, 0, 0, 0, 0, 0]"
1548,61,2332800,B_,0.003,0.75,180,0.9,14,11,32,0.125,"[9, 27, 28, 33, 28, 33, 26, 27, 29, 21, 28, 42, 33, 27, 23, 30, 22, 31, 31, 21, 41, 19, 30, 28, 32, 27, 31, 29, 35, 26]"
1559,62,2332800,B_,0.003,0.75,180,0.9,14,11,32,0.055,"[0, 0, 0, 0, 0, 0, 0, 0, 0, 0, 0, 0, 0, 0, 0, 0, 1, 1, 0, 1, 2, 3, 0, 3, 1, 1, 4, 2, 2, 7]"
1549,61,2332800,B_,0.003,0.75,180,0.9,14,11,32,0.13,"[4, 15, 32, 32, 22, 37, 24, 19, 25, 37, 41, 26, 25, 28, 33, 30, 25, 31, 23, 26, 33, 23, 29, 35, 20, 25, 27, 34, 25, 28]"
1557,62,2332800,B_,0.003,0.75,180,0.9,14,11,32,0.045,"[0, 1, 2, 4, 2, 5, 0, 0, 0, 1, 3, 2, 1, 2, 3, 2, 3, 6, 0, 3, 3, 1, 4, 6, 0, 0, 0, 0, 0, 0]"
1561,62,2332800,B_,0.003,0.75,180,0.9,14,11,32,0.065,"[0, 1, 2, 4, 9, 9, 1, 3, 9, 12, 6, 9, 1, 1, 8, 6, 11, 12, 5, 6, 12, 12, 10, 9, 1, 5, 2, 10, 14, 11]"
1558,62,2332800,B_,0.003,0.75,180,0.9,14,11,32,0.05,"[0, 0, 0, 0, 1, 1, 0, 0, 0, 0, 4, 8, 1, 2, 3, 5, 4, 6, 0, 0, 2, 1, 1, 3, 1, 2, 1, 1, 2, 3]"
1562,62,2332800,B_,0.003,0.75,180,0.9,14,11,32,0.07,"[0, 0, 1, 3, 5, 2, 5, 6, 6, 4, 7, 10, 0, 0, 0, 3, 2, 5, 3, 0, 2, 2, 2, 4, 0, 4, 2, 1, 3, 4]"
1560,62,2332800,B_,0.003,0.75,180,0.9,14,11,32,0.06,"[0, 0, 0, 0, 0, 0, 1, 0, 0, 2, 3, 3, 1, 0, 0, 0, 0, 3, 0, 0, 0, 0, 3, 4, 0, 1, 0, 1, 2, 2]"
1564,62,2332800,B_,0.003,0.75,180,0.9,14,11,32,0.08,"[0, 0, 0, 0, 0, 0, 0, 4, 12, 25, 19, 23, 7, 13, 23, 23, 23, 21, 4, 8, 9, 13, 20, 27, 6, 16, 20, 18, 22, 11]"
1565,62,2332800,B_,0.003,0.75,180,0.9,14,11,32,0.085,"[0, 0, 0, 5, 9, 14, 6, 7, 7, 17, 19, 22, 4, 14, 12, 24, 22, 21, 18, 24, 24, 29, 17, 25, 4, 24, 29, 30, 20, 24]"
1566,62,2332800,B_,0.003,0.75,180,0.9,14,11,32,0.09,"[0, 7, 12, 31, 24, 24, 5, 13, 22, 22, 28, 22, 7, 30, 32, 25, 24, 25, 12, 17, 21, 24, 21, 22, 12, 21, 26, 30, 26, 25]"
1568,62,2332800,B_,0.003,0.75,180,0.9,14,11,32,0.1,"[0, 0, 0, 0, 0, 1, 0, 0, 0, 3, 11, 7, 9, 23, 32, 33, 25, 27, 9, 14, 29, 28, 12, 23, 13, 22, 19, 29, 29, 25]"
1567,62,2332800,B_,0.003,0.75,180,0.9,14,11,32,0.095,"[0, 2, 0, 0, 0, 0, 0, 1, 6, 16, 27, 19, 12, 21, 25, 30, 24, 30, 19, 20, 24, 28, 20, 33, 22, 21, 26, 28, 28, 22]"
1569,62,2332800,B_,0.003,0.75,180,0.9,14,11,32,0.105,"[9, 17, 26, 25, 29, 34, 13, 29, 35, 28, 26, 31, 18, 30, 23, 27, 18, 29, 8, 22, 17, 23, 21, 33, 8, 36, 36, 30, 25, 24]"
1570,62,2332800,B_,0.003,0.75,180,0.9,14,11,32,0.11,"[1, 5, 11, 32, 35, 24, 7, 15, 20, 28, 32, 36, 17, 27, 32, 24, 27, 27, 26, 30, 19, 23, 18, 31, 27, 26, 33, 21, 28, 27]"
1563,62,2332800,B_,0.003,0.75,180,0.9,14,11,32,0.075,"[0, 0, 0, 2, 5, 7, 6, 3, 9, 11, 12, 16, 5, 9, 15, 8, 21, 14, 6, 17, 14, 12, 13, 16, 5, 11, 20, 19, 21, 24]"
1571,62,2332800,B_,0.003,0.75,180,0.9,14,11,32,0.115,"[0, 0, 0, 0, 0, 3, 4, 23, 25, 26, 27, 28, 20, 26, 23, 28, 30, 22, 26, 25, 25, 24, 19, 29, 13, 31, 24, 21, 27, 30]"
1573,62,2332800,B_,0.003,0.75,180,0.9,14,11,32,0.125,"[0, 0, 8, 33, 35, 31, 21, 23, 29, 33, 26, 40, 32, 26, 33, 25, 27, 32, 23, 22, 28, 24, 26, 32, 26, 28, 28, 27, 18, 26]"
1574,62,2332800,B_,0.003,0.75,180,0.9,14,11,32,0.13,"[2, 25, 26, 29, 31, 35, 23, 17, 36, 25, 29, 34, 27, 30, 30, 26, 25, 28, 23, 33, 24, 26, 25, 26, 23, 22, 30, 34, 30, 31]"
1572,62,2332800,B_,0.003,0.75,180,0.9,14,11,32,0.12,"[0, 0, 0, 0, 0, 0, 17, 18, 33, 27, 30, 32, 25, 28, 34, 28, 24, 35, 28, 30, 28, 29, 29, 31, 6, 37, 30, 35, 29, 26]"
1578,63,2332800,B_,0.003,0.75,180,0.9,14,11,32,0.025,"[0, 0, 0, 0, 0, 0, 0, 0, 0, 1, 0, 2, 0, 0, 0, 0, 0, 0, 1, 0, 0, 1, 0, 0, 0, 0, 0, 0, 0, 0]"
1575,63,2332800,B_,0.003,0.75,180,0.9,14,11,32,0.01,"[0, 0, 0, 0, 0, 0, 0, 0, 0, 0, 0, 0, 0, 0, 0, 0, 0, 0, 0, 0, 0, 0, 0, 0, 0, 0, 0, 0, 1, 0]"
1576,63,2332800,B_,0.003,0.75,180,0.9,14,11,32,0.015,"[0, 0, 0, 0, 0, 0, 0, 0, 0, 0, 0, 0, 0, 0, 0, 0, 0, 0, 0, 0, 0, 0, 0, 0, 0, 0, 0, 0, 0, 0]"
1577,63,2332800,B_,0.003,0.75,180,0.9,14,11,32,0.02,"[0, 0, 0, 0, 0, 0, 0, 0, 0, 0, 0, 0, 0, 0, 0, 0, 0, 0, 0, 0, 0, 0, 0, 0, 0, 0, 0, 0, 0, 0]"
1579,63,2332800,B_,0.003,0.75,180,0.9,14,11,32,0.03,"[0, 0, 0, 0, 1, 1, 1, 1, 1, 2, 0, 0, 0, 0, 0, 0, 0, 0, 1, 0, 0, 0, 0, 0, 0, 1, 0, 0, 0, 1]"
1580,63,2332800,B_,0.003,0.75,180,0.9,14,11,32,0.035,"[0, 0, 0, 0, 0, 0, 0, 1, 0, 1, 1, 1, 0, 0, 0, 0, 0, 0, 0, 0, 0, 0, 0, 0, 0, 0, 0, 0, 0, 0]"
1581,63,2332800,B_,0.003,0.75,180,0.9,14,11,32,0.04,"[0, 0, 0, 0, 0, 1, 0, 0, 0, 0, 0, 0, 0, 0, 0, 0, 0, 0, 1, 5, 1, 1, 1, 3, 0, 0, 0, 0, 0, 0]"
1582,63,2332800,B_,0.003,0.75,180,0.9,14,11,32,0.045,"[0, 1, 0, 1, 1, 7, 0, 0, 2, 0, 3, 0, 0, 0, 0, 0, 0, 0, 0, 0, 0, 0, 0, 0, 0, 0, 0, 0, 0, 2]"
1583,63,2332800,B_,0.003,0.75,180,0.9,14,11,32,0.05,"[0, 0, 0, 0, 0, 0, 0, 2, 1, 1, 1, 6, 0, 0, 0, 0, 2, 1, 0, 1, 0, 3, 4, 1, 1, 0, 0, 0, 0, 0]"
1584,63,2332800,B_,0.003,0.75,180,0.9,14,11,32,0.055,"[0, 0, 0, 0, 0, 0, 0, 2, 0, 1, 3, 9, 1, 1, 3, 3, 7, 5, 1, 2, 1, 2, 3, 10, 4, 2, 7, 6, 3, 4]"
1585,63,2332800,B_,0.003,0.75,180,0.9,14,11,32,0.06,"[0, 0, 0, 4, 3, 3, 0, 2, 5, 5, 4, 10, 2, 2, 3, 3, 4, 10, 0, 0, 0, 0, 0, 1, 0, 0, 0, 0, 0, 3]"
1588,63,2332800,B_,0.003,0.75,180,0.9,14,11,32,0.075,"[0, 0, 0, 0, 0, 0, 0, 0, 2, 1, 10, 7, 3, 11, 16, 4, 12, 21, 3, 3, 6, 11, 5, 24, 1, 4, 19, 17, 16, 13]"
1586,63,2332800,B_,0.003,0.75,180,0.9,14,11,32,0.065,"[0, 0, 0, 0, 0, 1, 1, 2, 4, 9, 8, 5, 1, 2, 1, 1, 4, 10, 4, 5, 3, 12, 12, 9, 11, 16, 17, 16, 15, 13]"
1590,63,2332800,B_,0.003,0.75,180,0.9,14,11,32,0.085,"[0, 4, 8, 11, 21, 30, 11, 18, 16, 26, 28, 24, 20, 17, 12, 10, 24, 20, 0, 10, 9, 16, 13, 24, 8, 15, 12, 17, 27, 20]"
1587,63,2332800,B_,0.003,0.75,180,0.9,14,11,32,0.07,"[0, 0, 0, 0, 0, 0, 2, 9, 8, 6, 4, 10, 3, 6, 9, 8, 9, 9, 1, 1, 3, 5, 5, 10, 3, 16, 19, 15, 17, 20]"
1592,63,2332800,B_,0.003,0.75,180,0.9,14,11,32,0.095,"[0, 0, 0, 0, 0, 0, 3, 15, 21, 19, 30, 22, 26, 26, 21, 29, 21, 28, 5, 9, 26, 25, 28, 27, 8, 27, 25, 25, 27, 17]"
1591,63,2332800,B_,0.003,0.75,180,0.9,14,11,32,0.09,"[0, 2, 7, 11, 23, 16, 14, 26, 30, 25, 24, 31, 5, 26, 27, 24, 27, 25, 19, 14, 29, 25, 27, 23, 20, 17, 26, 18, 16, 21]"
1589,63,2332800,B_,0.003,0.75,180,0.9,14,11,32,0.08,"[1, 3, 7, 18, 13, 19, 3, 8, 4, 8, 12, 15, 2, 14, 10, 13, 16, 18, 2, 4, 11, 16, 22, 20, 8, 0, 0, 0, 0, 3]"
1606,64,2332800,B_,0.003,0.75,180,0.9,14,11,32,0.04,"[0, 0, 0, 0, 0, 0, 0, 0, 0, 0, 0, 0, 0, 0, 0, 0, 1, 0, 0, 0, 0, 0, 0, 0, 0, 0, 0, 2, 0, 1]"
1593,63,2332800,B_,0.003,0.75,180,0.9,14,11,32,0.1,"[0, 0, 0, 0, 0, 4, 0, 6, 18, 18, 29, 19, 10, 20, 20, 29, 25, 26, 20, 20, 34, 23, 24, 22, 21, 28, 37, 23, 28, 28]"
1594,63,2332800,B_,0.003,0.75,180,0.9,14,11,32,0.105,"[0, 3, 7, 16, 39, 28, 13, 25, 27, 23, 29, 24, 21, 26, 26, 29, 24, 30, 6, 14, 25, 25, 20, 30, 17, 42, 27, 28, 28, 23]"
1600,64,2332800,B_,0.003,0.75,180,0.9,14,11,32,0.01,"[0, 0, 0, 0, 0, 0, 0, 0, 0, 0, 0, 0, 0, 0, 0, 0, 0, 0, 0, 0, 0, 0, 0, 0, 0, 0, 0, 0, 0, 0]"
1601,64,2332800,B_,0.003,0.75,180,0.9,14,11,32,0.015,"[0, 0, 0, 0, 0, 0, 0, 0, 0, 0, 0, 0, 0, 0, 0, 0, 0, 0, 0, 0, 0, 0, 0, 0, 0, 0, 0, 0, 1, 0]"
1609,64,2332800,B_,0.003,0.75,180,0.9,14,11,32,0.055,"[0, 0, 2, 2, 0, 2, 1, 4, 9, 3, 2, 6, 0, 1, 2, 3, 4, 3, 1, 1, 1, 1, 3, 3, 4, 6, 5, 7, 5, 11]"
1602,64,2332800,B_,0.003,0.75,180,0.9,14,11,32,0.02,"[0, 0, 0, 0, 0, 0, 0, 0, 0, 0, 0, 0, 0, 0, 0, 0, 0, 0, 0, 0, 0, 0, 0, 0, 0, 0, 0, 0, 0, 0]"
1604,64,2332800,B_,0.003,0.75,180,0.9,14,11,32,0.03,"[0, 0, 0, 0, 0, 0, 0, 0, 1, 0, 0, 0, 0, 0, 0, 0, 0, 0, 0, 0, 0, 0, 0, 0, 0, 0, 0, 0, 0, 0]"
1603,64,2332800,B_,0.003,0.75,180,0.9,14,11,32,0.025,"[0, 1, 1, 0, 2, 0, 0, 0, 0, 0, 1, 0, 0, 0, 0, 0, 0, 0, 0, 0, 0, 0, 0, 0, 0, 0, 2, 3, 1, 2]"
1595,63,2332800,B_,0.003,0.75,180,0.9,14,11,32,0.11,"[0, 0, 4, 30, 29, 20, 32, 19, 33, 26, 39, 27, 26, 31, 31, 23, 24, 26, 12, 27, 30, 18, 26, 31, 17, 32, 26, 33, 22, 23]"
1605,64,2332800,B_,0.003,0.75,180,0.9,14,11,32,0.035,"[0, 0, 0, 0, 0, 0, 0, 0, 0, 0, 0, 1, 0, 0, 0, 0, 0, 0, 0, 0, 0, 0, 0, 0, 0, 0, 0, 0, 0, 0]"
1607,64,2332800,B_,0.003,0.75,180,0.9,14,11,32,0.045,"[3, 2, 2, 2, 1, 2, 0, 0, 0, 0, 0, 0, 0, 0, 0, 0, 0, 1, 0, 0, 0, 0, 2, 2, 0, 0, 0, 0, 0, 3]"
1596,63,2332800,B_,0.003,0.75,180,0.9,14,11,32,0.115,"[0, 11, 17, 28, 38, 21, 24, 25, 29, 17, 48, 17, 6, 19, 37, 27, 21, 35, 22, 24, 28, 34, 17, 27, 18, 35, 32, 33, 21, 34]"
1611,64,2332800,B_,0.003,0.75,180,0.9,14,11,32,0.065,"[0, 0, 3, 7, 11, 8, 3, 8, 11, 4, 8, 6, 1, 5, 8, 12, 15, 17, 0, 7, 9, 4, 4, 10, 2, 3, 5, 6, 9, 7]"
1608,64,2332800,B_,0.003,0.75,180,0.9,14,11,32,0.05,"[0, 0, 0, 0, 0, 0, 0, 0, 0, 0, 0, 0, 0, 0, 0, 0, 1, 6, 2, 2, 0, 4, 4, 5, 1, 5, 2, 1, 2, 4]"
1597,63,2332800,B_,0.003,0.75,180,0.9,14,11,32,0.12,"[0, 1, 20, 34, 35, 29, 18, 21, 39, 26, 28, 31, 15, 27, 25, 31, 29, 24, 24, 22, 32, 26, 27, 24, 28, 30, 29, 31, 30, 27]"
1599,63,2332800,B_,0.003,0.75,180,0.9,14,11,32,0.13,"[0, 5, 4, 25, 28, 31, 9, 23, 29, 22, 32, 34, 18, 39, 28, 28, 36, 24, 19, 29, 30, 35, 28, 29, 36, 30, 29, 32, 26, 29]"
1598,63,2332800,B_,0.003,0.75,180,0.9,14,11,32,0.125,"[14, 32, 24, 40, 33, 26, 22, 30, 31, 24, 46, 32, 29, 28, 31, 28, 30, 23, 34, 28, 35, 27, 31, 25, 28, 39, 24, 33, 27, 41]"
1613,64,2332800,B_,0.003,0.75,180,0.9,14,11,32,0.075,"[0, 0, 2, 3, 5, 8, 1, 2, 6, 8, 15, 10, 1, 0, 2, 0, 4, 5, 2, 1, 8, 16, 14, 17, 5, 12, 7, 12, 11, 11]"
1610,64,2332800,B_,0.003,0.75,180,0.9,14,11,32,0.06,"[0, 0, 0, 0, 0, 0, 0, 1, 0, 2, 1, 5, 1, 2, 3, 9, 7, 10, 6, 6, 14, 9, 8, 11, 5, 4, 2, 6, 9, 12]"
1614,64,2332800,B_,0.003,0.75,180,0.9,14,11,32,0.08,"[0, 1, 0, 0, 0, 0, 0, 4, 4, 12, 10, 16, 2, 0, 4, 5, 8, 14, 8, 11, 17, 21, 17, 14, 6, 10, 10, 8, 16, 14]"
1615,64,2332800,B_,0.003,0.75,180,0.9,14,11,32,0.085,"[0, 0, 0, 12, 22, 18, 4, 13, 18, 21, 27, 20, 10, 20, 26, 20, 18, 24, 5, 12, 22, 18, 23, 25, 6, 12, 13, 25, 19, 16]"
1616,64,2332800,B_,0.003,0.75,180,0.9,14,11,32,0.09,"[0, 0, 0, 0, 0, 0, 2, 10, 15, 25, 25, 29, 9, 17, 16, 26, 25, 29, 23, 20, 25, 14, 27, 27, 5, 11, 19, 22, 13, 18]"
1617,64,2332800,B_,0.003,0.75,180,0.9,14,11,32,0.095,"[0, 0, 0, 0, 0, 0, 0, 8, 17, 15, 21, 20, 16, 22, 21, 22, 19, 34, 14, 23, 39, 20, 28, 26, 5, 29, 25, 21, 29, 21]"
1612,64,2332800,B_,0.003,0.75,180,0.9,14,11,32,0.07,"[0, 0, 1, 2, 4, 4, 0, 0, 1, 0, 0, 0, 0, 0, 0, 0, 1, 7, 0, 4, 7, 9, 20, 15, 3, 5, 8, 5, 10, 9]"
1621,64,2332800,B_,0.003,0.75,180,0.9,14,11,32,0.115,"[0, 0, 0, 0, 0, 24, 4, 21, 22, 30, 30, 26, 14, 26, 27, 22, 25, 25, 23, 20, 27, 25, 22, 31, 26, 33, 34, 32, 30, 28]"
1618,64,2332800,B_,0.003,0.75,180,0.9,14,11,32,0.1,"[0, 9, 19, 34, 36, 30, 12, 26, 25, 31, 20, 22, 6, 21, 30, 27, 19, 26, 17, 26, 30, 29, 30, 28, 21, 25, 25, 27, 22, 25]"
1619,64,2332800,B_,0.003,0.75,180,0.9,14,11,32,0.105,"[4, 12, 23, 32, 25, 22, 13, 28, 20, 26, 34, 28, 25, 22, 27, 28, 21, 27, 22, 25, 31, 20, 35, 19, 11, 26, 26, 32, 19, 23]"
1625,65,2332800,B_,0.003,0.75,180,0.9,14,11,32,0.01,"[0, 0, 0, 0, 0, 0, 0, 0, 0, 0, 0, 0, 0, 0, 0, 0, 0, 0, 0, 0, 0, 0, 0, 0, 0, 0, 0, 0, 0, 0]"
1622,64,2332800,B_,0.003,0.75,180,0.9,14,11,32,0.12,"[5, 11, 30, 31, 30, 24, 26, 20, 38, 29, 50, 33, 16, 27, 29, 25, 25, 26, 24, 26, 36, 26, 23, 30, 20, 23, 29, 22, 19, 33]"
1623,64,2332800,B_,0.003,0.75,180,0.9,14,11,32,0.125,"[12, 30, 29, 39, 35, 30, 27, 21, 28, 24, 34, 33, 22, 31, 31, 28, 30, 31, 28, 25, 27, 37, 30, 21, 11, 35, 36, 29, 23, 25]"
1624,64,2332800,B_,0.003,0.75,180,0.9,14,11,32,0.13,"[0, 0, 5, 39, 34, 32, 6, 36, 37, 30, 22, 22, 31, 20, 35, 25, 25, 29, 19, 23, 27, 35, 25, 29, 17, 33, 26, 32, 19, 33]"
1620,64,2332800,B_,0.003,0.75,180,0.9,14,11,32,0.11,"[0, 0, 0, 0, 0, 0, 0, 9, 22, 19, 23, 28, 21, 28, 28, 25, 25, 35, 25, 23, 39, 23, 27, 28, 26, 27, 22, 36, 21, 30]"
1626,65,2332800,B_,0.003,0.75,180,0.9,14,11,32,0.015,"[0, 0, 0, 0, 1, 0, 0, 0, 0, 0, 0, 0, 0, 0, 0, 0, 0, 0, 0, 0, 0, 0, 0, 0, 0, 0, 0, 0, 0, 0]"
1627,65,2332800,B_,0.003,0.75,180,0.9,14,11,32,0.02,"[0, 0, 0, 0, 0, 0, 0, 0, 0, 0, 0, 0, 0, 0, 0, 0, 0, 0, 0, 0, 0, 0, 0, 0, 0, 0, 0, 0, 0, 0]"
1628,65,2332800,B_,0.003,0.75,180,0.9,14,11,32,0.025,"[0, 0, 0, 0, 0, 0, 0, 0, 0, 0, 0, 0, 0, 0, 0, 1, 0, 1, 0, 0, 0, 0, 0, 0, 0, 0, 0, 0, 0, 0]"
1629,65,2332800,B_,0.003,0.75,180,0.9,14,11,32,0.03,"[0, 0, 0, 0, 0, 1, 0, 0, 0, 1, 0, 1, 0, 0, 0, 0, 0, 0, 0, 0, 0, 0, 0, 0, 0, 0, 0, 0, 0, 1]"
1630,65,2332800,B_,0.003,0.75,180,0.9,14,11,32,0.035,"[0, 0, 0, 0, 0, 0, 0, 0, 0, 2, 3, 1, 2, 1, 3, 1, 1, 1, 0, 0, 0, 1, 0, 0, 0, 0, 0, 0, 0, 0]"
1631,65,2332800,B_,0.003,0.75,180,0.9,14,11,32,0.04,"[0, 0, 0, 0, 0, 0, 0, 1, 0, 0, 0, 0, 0, 0, 0, 0, 0, 2, 0, 0, 0, 0, 0, 0, 0, 0, 0, 0, 2, 0]"
1632,65,2332800,B_,0.003,0.75,180,0.9,14,11,32,0.045,"[0, 0, 0, 0, 1, 2, 0, 0, 2, 0, 0, 2, 2, 0, 0, 1, 1, 2, 0, 0, 0, 0, 1, 1, 0, 0, 0, 0, 0, 0]"
1633,65,2332800,B_,0.003,0.75,180,0.9,14,11,32,0.05,"[0, 0, 0, 0, 0, 0, 1, 2, 4, 4, 4, 4, 1, 5, 4, 4, 6, 5, 4, 2, 4, 4, 6, 4, 0, 3, 1, 4, 5, 7]"
1638,65,2332800,B_,0.003,0.75,180,0.9,14,11,32,0.075,"[0, 0, 0, 0, 0, 0, 0, 0, 0, 3, 3, 3, 2, 4, 4, 4, 18, 21, 13, 15, 15, 20, 19, 18, 5, 10, 13, 11, 10, 5]"
1635,65,2332800,B_,0.003,0.75,180,0.9,14,11,32,0.06,"[0, 0, 1, 1, 1, 0, 0, 0, 2, 2, 3, 3, 4, 7, 7, 6, 10, 18, 5, 2, 6, 3, 7, 11, 3, 1, 5, 2, 5, 7]"
1634,65,2332800,B_,0.003,0.75,180,0.9,14,11,32,0.055,"[0, 0, 0, 0, 0, 0, 0, 1, 1, 6, 6, 5, 3, 1, 5, 2, 4, 5, 0, 1, 3, 1, 5, 1, 0, 0, 0, 0, 0, 0]"
1640,65,2332800,B_,0.003,0.75,180,0.9,14,11,32,0.085,"[0, 0, 4, 8, 14, 17, 12, 15, 28, 22, 28, 18, 12, 21, 27, 28, 17, 21, 12, 23, 21, 21, 16, 23, 2, 8, 5, 8, 10, 33]"
1641,65,2332800,B_,0.003,0.75,180,0.9,14,11,32,0.09,"[3, 4, 6, 5, 6, 10, 2, 17, 24, 19, 29, 21, 7, 23, 21, 27, 20, 30, 11, 13, 18, 17, 20, 24, 10, 21, 23, 28, 27, 20]"
1636,65,2332800,B_,0.003,0.75,180,0.9,14,11,32,0.065,"[0, 0, 0, 0, 0, 0, 0, 0, 2, 3, 3, 2, 0, 3, 7, 4, 5, 7, 2, 0, 8, 6, 6, 11, 3, 9, 11, 14, 9, 8]"
1637,65,2332800,B_,0.003,0.75,180,0.9,14,11,32,0.07,"[1, 1, 3, 1, 9, 4, 3, 2, 6, 8, 6, 11, 2, 3, 9, 7, 9, 16, 3, 7, 5, 9, 10, 7, 0, 0, 0, 1, 0, 0]"
1639,65,2332800,B_,0.003,0.75,180,0.9,14,11,32,0.08,"[0, 0, 0, 0, 0, 0, 0, 0, 0, 5, 3, 5, 3, 3, 3, 7, 4, 10, 3, 4, 3, 7, 14, 12, 1, 2, 4, 8, 10, 12]"
1643,65,2332800,B_,0.003,0.75,180,0.9,14,11,32,0.1,"[0, 2, 12, 11, 27, 21, 11, 20, 22, 23, 32, 33, 17, 28, 26, 21, 18, 24, 13, 21, 17, 22, 25, 26, 10, 18, 14, 28, 29, 27]"
1642,65,2332800,B_,0.003,0.75,180,0.9,14,11,32,0.095,"[0, 0, 0, 1, 2, 22, 15, 19, 28, 18, 27, 17, 20, 24, 19, 28, 22, 24, 12, 17, 27, 24, 14, 24, 6, 28, 22, 27, 22, 29]"
1656,66,2332800,B_,0.003,0.75,180,0.9,14,11,32,0.04,"[0, 0, 0, 0, 0, 0, 1, 1, 0, 0, 0, 0, 0, 0, 0, 1, 4, 2, 0, 0, 0, 0, 0, 0, 0, 0, 0, 0, 0, 0]"
1648,65,2332800,B_,0.003,0.75,180,0.9,14,11,32,0.125,"[0, 7, 15, 35, 33, 38, 20, 18, 40, 19, 29, 34, 17, 34, 31, 34, 26, 31, 36, 31, 30, 34, 26, 36, 23, 18, 30, 24, 28, 26]"
1651,66,2332800,B_,0.003,0.75,180,0.9,14,11,32,0.015,"[0, 0, 0, 0, 0, 0, 0, 0, 0, 0, 0, 0, 0, 0, 0, 0, 0, 0, 0, 0, 0, 0, 0, 0, 0, 0, 0, 0, 0, 0]"
1644,65,2332800,B_,0.003,0.75,180,0.9,14,11,32,0.105,"[0, 3, 1, 6, 24, 22, 19, 27, 30, 22, 27, 25, 12, 23, 32, 20, 28, 25, 7, 21, 20, 29, 22, 25, 26, 30, 30, 27, 28, 25]"
1661,66,2332800,B_,0.003,0.75,180,0.9,14,11,32,0.065,"[0, 0, 0, 0, 0, 0, 0, 1, 7, 7, 5, 3, 4, 7, 10, 5, 7, 3, 1, 2, 5, 8, 10, 19, 0, 0, 0, 0, 1, 5]"
1650,66,2332800,B_,0.003,0.75,180,0.9,14,11,32,0.01,"[0, 0, 0, 0, 0, 0, 0, 0, 0, 0, 0, 0, 0, 0, 0, 0, 0, 0, 0, 0, 0, 0, 0, 0, 0, 0, 0, 0, 0, 0]"
1653,66,2332800,B_,0.003,0.75,180,0.9,14,11,32,0.025,"[0, 0, 0, 0, 0, 0, 0, 1, 0, 0, 0, 0, 0, 0, 0, 0, 0, 0, 0, 0, 0, 0, 0, 0, 0, 0, 1, 1, 1, 0]"
1652,66,2332800,B_,0.003,0.75,180,0.9,14,11,32,0.02,"[0, 0, 0, 0, 0, 0, 0, 0, 0, 0, 0, 0, 0, 0, 0, 0, 1, 0, 0, 0, 0, 1, 0, 0, 0, 0, 0, 0, 0, 0]"
1654,66,2332800,B_,0.003,0.75,180,0.9,14,11,32,0.03,"[0, 0, 1, 0, 0, 0, 0, 0, 0, 0, 0, 1, 0, 0, 0, 0, 0, 0, 0, 0, 0, 0, 0, 0, 0, 1, 0, 0, 0, 0]"
1655,66,2332800,B_,0.003,0.75,180,0.9,14,11,32,0.035,"[0, 0, 0, 0, 0, 0, 0, 0, 0, 0, 0, 1, 0, 0, 0, 0, 0, 0, 0, 0, 0, 0, 1, 0, 0, 0, 0, 0, 0, 0]"
1645,65,2332800,B_,0.003,0.75,180,0.9,14,11,32,0.11,"[0, 12, 34, 34, 31, 23, 19, 24, 34, 25, 29, 26, 16, 28, 31, 27, 25, 34, 8, 15, 25, 24, 27, 37, 21, 33, 37, 30, 25, 22]"
1657,66,2332800,B_,0.003,0.75,180,0.9,14,11,32,0.045,"[0, 0, 0, 0, 0, 0, 0, 0, 1, 0, 3, 2, 0, 0, 0, 0, 0, 0, 0, 0, 0, 1, 1, 0, 0, 0, 0, 0, 0, 0]"
1663,66,2332800,B_,0.003,0.75,180,0.9,14,11,32,0.075,"[0, 0, 0, 2, 8, 3, 0, 0, 0, 0, 3, 3, 2, 4, 5, 7, 2, 10, 0, 1, 21, 12, 14, 23, 6, 20, 14, 16, 19, 24]"
1658,66,2332800,B_,0.003,0.75,180,0.9,14,11,32,0.05,"[0, 0, 0, 0, 0, 0, 0, 0, 1, 0, 0, 0, 0, 0, 0, 0, 0, 0, 0, 3, 0, 3, 2, 6, 3, 2, 2, 1, 1, 3]"
1659,66,2332800,B_,0.003,0.75,180,0.9,14,11,32,0.055,"[0, 0, 0, 0, 0, 0, 0, 0, 0, 2, 0, 2, 0, 4, 2, 4, 3, 4, 1, 0, 0, 2, 4, 3, 3, 4, 1, 3, 0, 4]"
1647,65,2332800,B_,0.003,0.75,180,0.9,14,11,32,0.12,"[0, 0, 22, 36, 31, 25, 18, 23, 30, 31, 34, 30, 26, 23, 19, 30, 32, 33, 21, 26, 26, 32, 15, 29, 25, 25, 26, 19, 22, 29]"
1646,65,2332800,B_,0.003,0.75,180,0.9,14,11,32,0.115,"[9, 22, 33, 26, 40, 26, 29, 35, 17, 31, 37, 25, 22, 30, 29, 21, 32, 27, 17, 23, 25, 27, 20, 41, 18, 31, 33, 27, 18, 25]"
1660,66,2332800,B_,0.003,0.75,180,0.9,14,11,32,0.06,"[0, 1, 5, 3, 5, 3, 0, 0, 0, 0, 1, 0, 1, 2, 5, 5, 5, 8, 0, 0, 3, 1, 6, 6, 2, 6, 4, 8, 5, 13]"
1649,65,2332800,B_,0.003,0.75,180,0.9,14,11,32,0.13,"[0, 16, 22, 34, 35, 23, 24, 21, 32, 27, 29, 25, 22, 32, 30, 34, 37, 34, 13, 29, 29, 24, 24, 29, 20, 26, 35, 27, 32, 29]"
1664,66,2332800,B_,0.003,0.75,180,0.9,14,11,32,0.08,"[0, 0, 0, 0, 4, 5, 0, 0, 7, 4, 12, 11, 4, 8, 21, 15, 10, 22, 7, 19, 20, 27, 13, 22, 9, 14, 15, 27, 18, 15]"
1666,66,2332800,B_,0.003,0.75,180,0.9,14,11,32,0.09,"[0, 0, 0, 1, 1, 2, 1, 0, 0, 5, 17, 14, 5, 16, 13, 18, 12, 22, 23, 24, 21, 23, 20, 19, 10, 11, 32, 26, 30, 25]"
1665,66,2332800,B_,0.003,0.75,180,0.9,14,11,32,0.085,"[0, 1, 9, 17, 18, 22, 10, 15, 15, 21, 20, 27, 6, 24, 20, 26, 23, 22, 12, 16, 27, 18, 24, 17, 7, 13, 22, 29, 18, 29]"
1662,66,2332800,B_,0.003,0.75,180,0.9,14,11,32,0.07,"[1, 3, 6, 12, 8, 8, 0, 0, 0, 1, 10, 21, 5, 10, 6, 14, 16, 14, 2, 3, 8, 10, 10, 11, 4, 6, 5, 12, 8, 20]"
1668,66,2332800,B_,0.003,0.75,180,0.9,14,11,32,0.1,"[0, 8, 17, 22, 32, 28, 7, 7, 9, 11, 21, 42, 17, 30, 20, 17, 23, 30, 10, 30, 22, 29, 26, 24, 8, 22, 23, 31, 18, 23]"
1670,66,2332800,B_,0.003,0.75,180,0.9,14,11,32,0.11,"[0, 1, 6, 31, 18, 26, 13, 25, 19, 29, 28, 25, 15, 26, 29, 28, 29, 27, 9, 25, 36, 25, 25, 21, 20, 24, 27, 20, 23, 17]"
1669,66,2332800,B_,0.003,0.75,180,0.9,14,11,32,0.105,"[0, 0, 0, 0, 0, 0, 0, 0, 0, 3, 17, 36, 16, 38, 33, 20, 28, 28, 21, 21, 28, 22, 17, 38, 22, 25, 33, 29, 23, 29]"
1671,66,2332800,B_,0.003,0.75,180,0.9,14,11,32,0.115,"[0, 2, 22, 34, 29, 30, 5, 25, 28, 25, 32, 26, 18, 27, 26, 22, 24, 25, 24, 27, 32, 30, 19, 29, 17, 25, 21, 27, 21, 24]"
1667,66,2332800,B_,0.003,0.75,180,0.9,14,11,32,0.095,"[0, 0, 0, 3, 2, 8, 8, 13, 22, 21, 29, 25, 21, 32, 35, 26, 22, 20, 16, 19, 37, 21, 16, 27, 21, 15, 29, 24, 20, 21]"
1672,66,2332800,B_,0.003,0.75,180,0.9,14,11,32,0.12,"[0, 4, 4, 4, 25, 32, 20, 20, 22, 21, 30, 20, 26, 35, 26, 30, 23, 29, 23, 20, 28, 25, 23, 27, 19, 30, 40, 25, 25, 25]"
1673,66,2332800,B_,0.003,0.75,180,0.9,14,11,32,0.125,"[0, 5, 22, 29, 32, 28, 24, 28, 30, 29, 34, 36, 21, 33, 35, 24, 29, 37, 38, 21, 26, 27, 29, 32, 14, 29, 34, 38, 30, 36]"
1674,66,2332800,B_,0.003,0.75,180,0.9,14,11,32,0.13,"[0, 0, 14, 30, 40, 34, 36, 32, 34, 23, 33, 28, 27, 39, 30, 23, 26, 35, 31, 23, 29, 30, 26, 29, 15, 26, 32, 31, 28, 30]"
1675,67,2332800,B_,0.003,0.75,180,0.9,14,11,32,0.01,"[0, 0, 0, 0, 0, 0, 0, 0, 0, 0, 0, 0, 0, 0, 0, 0, 0, 0, 0, 0, 0, 0, 0, 0, 0, 0, 0, 0, 0, 0]"
1676,67,2332800,B_,0.003,0.75,180,0.9,14,11,32,0.015,"[0, 0, 0, 0, 0, 0, 0, 0, 0, 0, 0, 0, 0, 0, 0, 0, 0, 0, 0, 0, 0, 0, 0, 0, 0, 0, 0, 0, 0, 0]"
1677,67,2332800,B_,0.003,0.75,180,0.9,14,11,32,0.02,"[0, 0, 0, 0, 0, 0, 0, 0, 0, 0, 0, 0, 0, 0, 0, 0, 0, 0, 0, 0, 0, 0, 0, 0, 0, 0, 0, 0, 0, 0]"
1678,67,2332800,B_,0.003,0.75,180,0.9,14,11,32,0.025,"[0, 0, 0, 0, 0, 0, 0, 0, 0, 0, 0, 0, 0, 0, 0, 0, 0, 0, 0, 0, 0, 1, 0, 0, 0, 0, 0, 0, 0, 0]"
1679,67,2332800,B_,0.003,0.75,180,0.9,14,11,32,0.03,"[0, 0, 1, 0, 0, 0, 0, 0, 0, 0, 0, 0, 0, 0, 0, 3, 0, 1, 0, 0, 0, 0, 0, 1, 0, 0, 0, 0, 0, 0]"
1680,67,2332800,B_,0.003,0.75,180,0.9,14,11,32,0.035,"[0, 1, 1, 0, 0, 3, 0, 0, 0, 0, 0, 0, 1, 0, 0, 0, 0, 0, 0, 0, 2, 0, 1, 1, 0, 2, 1, 4, 0, 0]"
1684,67,2332800,B_,0.003,0.75,180,0.9,14,11,32,0.055,"[0, 0, 0, 0, 0, 0, 0, 0, 0, 1, 4, 3, 0, 0, 0, 0, 0, 1, 0, 0, 0, 0, 5, 8, 0, 0, 1, 0, 2, 2]"
1681,67,2332800,B_,0.003,0.75,180,0.9,14,11,32,0.04,"[0, 0, 0, 0, 0, 0, 0, 0, 2, 3, 2, 4, 0, 0, 0, 0, 2, 0, 0, 0, 0, 0, 0, 0, 0, 0, 0, 0, 0, 0]"
1687,67,2332800,B_,0.003,0.75,180,0.9,14,11,32,0.07,"[0, 0, 0, 0, 0, 0, 1, 3, 0, 2, 2, 5, 2, 7, 4, 11, 6, 15, 5, 11, 16, 18, 14, 20, 0, 0, 0, 0, 0, 0]"
1682,67,2332800,B_,0.003,0.75,180,0.9,14,11,32,0.045,"[0, 0, 0, 0, 0, 0, 0, 0, 0, 0, 0, 0, 0, 0, 0, 0, 0, 0, 0, 0, 2, 2, 4, 2, 0, 1, 0, 1, 0, 0]"
1683,67,2332800,B_,0.003,0.75,180,0.9,14,11,32,0.05,"[0, 0, 0, 0, 4, 0, 0, 0, 0, 0, 0, 0, 0, 0, 1, 2, 2, 3, 0, 0, 0, 0, 0, 0, 0, 0, 0, 0, 0, 1]"
1688,67,2332800,B_,0.003,0.75,180,0.9,14,11,32,0.075,"[0, 0, 3, 6, 5, 1, 0, 4, 3, 3, 7, 17, 6, 5, 9, 16, 20, 16, 11, 16, 14, 20, 18, 27, 13, 12, 9, 17, 12, 20]"
1685,67,2332800,B_,0.003,0.75,180,0.9,14,11,32,0.06,"[0, 0, 0, 0, 0, 0, 0, 0, 2, 0, 2, 3, 0, 0, 0, 0, 0, 1, 0, 0, 0, 0, 0, 0, 0, 0, 1, 4, 1, 4]"
1686,67,2332800,B_,0.003,0.75,180,0.9,14,11,32,0.065,"[0, 0, 0, 3, 2, 3, 3, 6, 10, 13, 6, 16, 1, 2, 5, 3, 11, 11, 6, 7, 10, 10, 15, 12, 8, 9, 11, 11, 7, 21]"
1689,67,2332800,B_,0.003,0.75,180,0.9,14,11,32,0.08,"[0, 6, 4, 9, 14, 17, 3, 3, 14, 19, 15, 25, 12, 11, 23, 18, 22, 23, 18, 16, 16, 21, 17, 24, 4, 8, 14, 21, 24, 19]"
1692,67,2332800,B_,0.003,0.75,180,0.9,14,11,32,0.095,"[0, 2, 16, 25, 24, 28, 14, 11, 22, 14, 35, 30, 14, 31, 29, 17, 24, 32, 12, 23, 32, 26, 21, 29, 28, 27, 32, 27, 20, 28]"
1691,67,2332800,B_,0.003,0.75,180,0.9,14,11,32,0.09,"[0, 0, 0, 0, 0, 0, 0, 7, 21, 14, 23, 27, 4, 20, 27, 18, 25, 26, 8, 7, 11, 17, 16, 24, 1, 14, 14, 16, 17, 29]"
1690,67,2332800,B_,0.003,0.75,180,0.9,14,11,32,0.085,"[0, 0, 13, 20, 22, 23, 7, 17, 22, 16, 28, 31, 8, 13, 18, 22, 15, 21, 11, 11, 24, 29, 23, 24, 8, 17, 26, 24, 19, 21]"
1694,67,2332800,B_,0.003,0.75,180,0.9,14,11,32,0.105,"[0, 5, 17, 24, 24, 23, 13, 29, 20, 27, 34, 29, 13, 30, 34, 33, 22, 22, 14, 20, 28, 26, 24, 26, 18, 28, 31, 25, 27, 33]"
1695,67,2332800,B_,0.003,0.75,180,0.9,14,11,32,0.11,"[0, 0, 5, 23, 20, 29, 19, 23, 32, 25, 32, 31, 15, 32, 27, 36, 27, 31, 12, 35, 23, 24, 30, 23, 17, 24, 38, 24, 28, 27]"
1706,68,2332800,B_,0.003,0.75,180,0.9,14,11,32,0.04,"[0, 0, 0, 0, 0, 0, 0, 0, 0, 0, 0, 0, 0, 0, 0, 0, 0, 0, 0, 0, 0, 0, 0, 0, 0, 0, 0, 0, 0, 0]"
1698,67,2332800,B_,0.003,0.75,180,0.9,14,11,32,0.125,"[0, 0, 20, 25, 27, 17, 33, 32, 23, 29, 25, 27, 21, 33, 29, 24, 25, 26, 22, 32, 25, 23, 29, 27, 17, 32, 29, 36, 35, 25]"
1693,67,2332800,B_,0.003,0.75,180,0.9,14,11,32,0.1,"[0, 24, 18, 25, 31, 28, 12, 22, 25, 28, 24, 27, 15, 32, 25, 28, 28, 29, 10, 24, 31, 32, 20, 28, 23, 22, 40, 26, 37, 37]"
1710,68,2332800,B_,0.003,0.75,180,0.9,14,11,32,0.06,"[0, 0, 2, 5, 4, 2, 0, 1, 0, 0, 4, 11, 0, 1, 4, 9, 5, 9, 0, 1, 0, 2, 4, 7, 0, 2, 0, 1, 8, 3]"
1700,68,2332800,B_,0.003,0.75,180,0.9,14,11,32,0.01,"[0, 0, 0, 0, 0, 0, 0, 0, 0, 0, 0, 0, 0, 0, 0, 0, 0, 0, 0, 0, 0, 0, 0, 0, 0, 0, 0, 0, 0, 0]"
1714,68,2332800,B_,0.003,0.75,180,0.9,14,11,32,0.08,"[0, 0, 1, 7, 20, 15, 0, 3, 5, 7, 20, 19, 7, 5, 15, 16, 13, 19, 4, 8, 9, 10, 27, 23, 4, 3, 5, 16, 15, 11]"
1701,68,2332800,B_,0.003,0.75,180,0.9,14,11,32,0.015,"[0, 0, 0, 0, 0, 0, 0, 0, 0, 0, 0, 0, 0, 0, 0, 0, 0, 0, 0, 0, 0, 0, 0, 0, 0, 0, 0, 0, 0, 0]"
1713,68,2332800,B_,0.003,0.75,180,0.9,14,11,32,0.075,"[0, 2, 2, 8, 13, 7, 5, 7, 9, 16, 17, 18, 0, 0, 0, 4, 6, 6, 5, 7, 18, 14, 21, 22, 18, 20, 24, 16, 13, 17]"
1702,68,2332800,B_,0.003,0.75,180,0.9,14,11,32,0.02,"[0, 0, 0, 0, 0, 0, 0, 1, 1, 0, 0, 0, 0, 0, 0, 0, 0, 0, 0, 0, 0, 0, 0, 0, 0, 0, 0, 0, 0, 0]"
1703,68,2332800,B_,0.003,0.75,180,0.9,14,11,32,0.025,"[0, 0, 0, 0, 0, 0, 0, 0, 0, 0, 0, 0, 0, 0, 0, 0, 0, 0, 0, 0, 0, 0, 0, 0, 0, 0, 0, 0, 0, 0]"
1715,68,2332800,B_,0.003,0.75,180,0.9,14,11,32,0.085,"[0, 0, 3, 10, 12, 11, 6, 2, 4, 7, 5, 19, 1, 6, 9, 23, 25, 24, 1, 1, 10, 13, 28, 27, 7, 16, 24, 24, 23, 24]"
1704,68,2332800,B_,0.003,0.75,180,0.9,14,11,32,0.03,"[0, 0, 0, 0, 0, 0, 0, 0, 0, 0, 0, 0, 0, 0, 0, 0, 1, 0, 0, 0, 0, 0, 0, 0, 0, 0, 0, 0, 0, 0]"
1705,68,2332800,B_,0.003,0.75,180,0.9,14,11,32,0.035,"[0, 0, 0, 0, 0, 0, 0, 0, 0, 0, 0, 0, 0, 0, 0, 0, 0, 0, 0, 0, 0, 0, 0, 0, 0, 0, 0, 0, 0, 1]"
1708,68,2332800,B_,0.003,0.75,180,0.9,14,11,32,0.05,"[0, 0, 0, 0, 0, 0, 0, 0, 0, 0, 1, 0, 2, 3, 3, 4, 4, 5, 5, 4, 5, 2, 4, 7, 0, 0, 0, 0, 1, 1]"
1699,67,2332800,B_,0.003,0.75,180,0.9,14,11,32,0.13,"[0, 2, 0, 0, 0, 0, 2, 9, 25, 28, 30, 32, 22, 25, 22, 33, 19, 27, 19, 29, 22, 28, 23, 27, 23, 23, 20, 34, 26, 31]"
1707,68,2332800,B_,0.003,0.75,180,0.9,14,11,32,0.045,"[0, 0, 0, 0, 0, 0, 0, 0, 0, 0, 1, 1, 0, 0, 0, 1, 1, 2, 0, 2, 1, 2, 9, 13, 2, 1, 0, 1, 3, 2]"
1709,68,2332800,B_,0.003,0.75,180,0.9,14,11,32,0.055,"[0, 0, 0, 0, 0, 0, 0, 1, 5, 0, 4, 1, 0, 0, 0, 1, 1, 2, 0, 1, 1, 3, 4, 8, 0, 0, 0, 0, 0, 0]"
1696,67,2332800,B_,0.003,0.75,180,0.9,14,11,32,0.115,"[0, 0, 0, 3, 8, 18, 21, 35, 24, 29, 32, 30, 8, 35, 32, 27, 26, 25, 21, 25, 23, 20, 35, 24, 24, 24, 33, 22, 17, 26]"
1697,67,2332800,B_,0.003,0.75,180,0.9,14,11,32,0.12,"[0, 5, 31, 32, 21, 25, 30, 20, 30, 28, 43, 29, 22, 35, 28, 30, 28, 30, 20, 27, 23, 25, 32, 31, 18, 30, 29, 23, 21, 24]"
1711,68,2332800,B_,0.003,0.75,180,0.9,14,11,32,0.065,"[2, 2, 2, 2, 2, 2, 0, 2, 5, 1, 5, 7, 1, 1, 0, 2, 4, 5, 7, 8, 22, 19, 24, 11, 1, 2, 4, 6, 7, 7]"
1712,68,2332800,B_,0.003,0.75,180,0.9,14,11,32,0.07,"[0, 0, 0, 0, 0, 0, 0, 1, 5, 14, 14, 26, 8, 8, 8, 11, 15, 6, 3, 4, 3, 6, 6, 7, 3, 2, 7, 5, 10, 10]"
1717,68,2332800,B_,0.003,0.75,180,0.9,14,11,32,0.095,"[3, 14, 27, 17, 21, 28, 11, 21, 32, 25, 31, 30, 20, 19, 20, 23, 27, 24, 15, 37, 30, 24, 27, 21, 12, 26, 37, 33, 25, 19]"
1718,68,2332800,B_,0.003,0.75,180,0.9,14,11,32,0.1,"[0, 0, 1, 2, 5, 9, 9, 23, 22, 23, 27, 26, 5, 29, 20, 24, 27, 24, 19, 30, 29, 30, 26, 23, 21, 26, 23, 28, 24, 26]"
1720,68,2332800,B_,0.003,0.75,180,0.9,14,11,32,0.11,"[0, 0, 0, 0, 0, 0, 0, 17, 36, 24, 29, 31, 26, 27, 36, 32, 26, 31, 25, 24, 19, 18, 25, 29, 12, 30, 29, 31, 23, 23]"
1716,68,2332800,B_,0.003,0.75,180,0.9,14,11,32,0.09,"[0, 0, 0, 0, 1, 11, 7, 14, 29, 17, 27, 28, 7, 21, 28, 23, 28, 26, 13, 21, 22, 30, 29, 29, 1, 20, 23, 22, 27, 18]"
1722,68,2332800,B_,0.003,0.75,180,0.9,14,11,32,0.12,"[3, 18, 31, 21, 26, 28, 15, 33, 32, 28, 28, 33, 26, 34, 33, 23, 35, 31, 21, 29, 36, 23, 29, 35, 28, 22, 19, 31, 25, 33]"
1723,68,2332800,B_,0.003,0.75,180,0.9,14,11,32,0.125,"[0, 0, 0, 0, 0, 7, 27, 27, 32, 23, 29, 29, 18, 22, 22, 29, 29, 24, 33, 26, 30, 27, 21, 29, 17, 26, 31, 35, 29, 27]"
1719,68,2332800,B_,0.003,0.75,180,0.9,14,11,32,0.105,"[0, 0, 2, 9, 30, 22, 11, 27, 27, 25, 20, 24, 13, 24, 32, 24, 24, 25, 20, 27, 31, 24, 22, 32, 11, 18, 27, 25, 20, 31]"
1724,68,2332800,B_,0.003,0.75,180,0.9,14,11,32,0.13,"[14, 41, 23, 28, 33, 42, 29, 29, 25, 32, 27, 27, 31, 31, 27, 20, 28, 35, 20, 41, 33, 30, 18, 20, 26, 24, 36, 26, 23, 37]"
1721,68,2332800,B_,0.003,0.75,180,0.9,14,11,32,0.115,"[0, 5, 21, 34, 28, 26, 22, 19, 28, 22, 21, 32, 20, 26, 30, 29, 19, 30, 17, 22, 30, 28, 32, 21, 26, 16, 30, 27, 25, 30]"
1725,69,2332800,B_,0.003,0.75,180,0.9,14,11,32,0.01,"[0, 0, 0, 0, 0, 0, 0, 0, 0, 0, 0, 0, 0, 0, 0, 0, 0, 0, 0, 0, 0, 0, 0, 0, 0, 0, 0, 0, 0, 0]"
1726,69,2332800,B_,0.003,0.75,180,0.9,14,11,32,0.015,"[0, 0, 0, 0, 0, 0, 0, 0, 0, 0, 0, 0, 0, 0, 0, 0, 0, 0, 0, 0, 0, 0, 0, 0, 0, 0, 0, 0, 0, 0]"
1727,69,2332800,B_,0.003,0.75,180,0.9,14,11,32,0.02,"[0, 0, 0, 0, 0, 0, 0, 0, 0, 0, 0, 0, 0, 0, 0, 0, 0, 0, 0, 0, 0, 0, 0, 0, 0, 0, 0, 0, 0, 0]"
1728,69,2332800,B_,0.003,0.75,180,0.9,14,11,32,0.025,"[0, 0, 0, 0, 0, 0, 0, 0, 0, 0, 0, 0, 0, 0, 0, 0, 0, 0, 0, 0, 1, 1, 2, 0, 0, 0, 0, 0, 0, 1]"
1731,69,2332800,B_,0.003,0.75,180,0.9,14,11,32,0.04,"[0, 1, 3, 1, 1, 2, 3, 4, 5, 3, 12, 4, 2, 2, 7, 6, 9, 5, 0, 0, 0, 1, 1, 2, 0, 0, 2, 1, 3, 2]"
1733,69,2332800,B_,0.003,0.75,180,0.9,14,11,32,0.05,"[0, 0, 0, 1, 1, 1, 0, 0, 0, 0, 3, 2, 6, 3, 2, 2, 1, 2, 3, 3, 2, 1, 3, 7, 2, 1, 2, 5, 1, 7]"
1730,69,2332800,B_,0.003,0.75,180,0.9,14,11,32,0.035,"[0, 0, 0, 1, 0, 0, 0, 0, 0, 0, 0, 1, 0, 0, 0, 0, 1, 0, 0, 0, 0, 0, 0, 0, 0, 0, 2, 2, 2, 0]"
1729,69,2332800,B_,0.003,0.75,180,0.9,14,11,32,0.03,"[0, 0, 0, 0, 0, 0, 0, 0, 1, 0, 0, 0, 0, 0, 0, 0, 0, 1, 1, 2, 1, 1, 1, 3, 0, 0, 0, 0, 0, 0]"
1736,69,2332800,B_,0.003,0.75,180,0.9,14,11,32,0.065,"[0, 0, 4, 3, 10, 10, 1, 2, 5, 9, 7, 16, 5, 8, 7, 10, 11, 17, 9, 15, 10, 13, 16, 17, 1, 0, 0, 0, 0, 1]"
1732,69,2332800,B_,0.003,0.75,180,0.9,14,11,32,0.045,"[0, 0, 2, 0, 1, 0, 0, 0, 0, 0, 0, 0, 0, 0, 0, 1, 0, 4, 0, 0, 2, 1, 1, 1, 2, 3, 2, 6, 2, 2]"
1734,69,2332800,B_,0.003,0.75,180,0.9,14,11,32,0.055,"[0, 0, 0, 1, 2, 2, 0, 0, 0, 0, 0, 1, 0, 0, 1, 2, 0, 4, 1, 5, 3, 12, 11, 11, 0, 6, 2, 6, 4, 8]"
1735,69,2332800,B_,0.003,0.75,180,0.9,14,11,32,0.06,"[0, 0, 0, 0, 3, 8, 1, 0, 0, 3, 3, 5, 2, 6, 9, 12, 9, 8, 2, 3, 9, 9, 9, 14, 0, 0, 3, 7, 7, 6]"
1740,69,2332800,B_,0.003,0.75,180,0.9,14,11,32,0.085,"[0, 1, 0, 0, 0, 0, 1, 2, 9, 11, 5, 11, 3, 6, 25, 18, 18, 20, 5, 18, 14, 24, 24, 21, 17, 21, 21, 20, 24, 22]"
1737,69,2332800,B_,0.003,0.75,180,0.9,14,11,32,0.07,"[0, 0, 0, 6, 16, 15, 0, 1, 6, 11, 6, 16, 4, 2, 5, 7, 11, 18, 4, 8, 7, 13, 7, 12, 1, 1, 4, 8, 7, 6]"
1738,69,2332800,B_,0.003,0.75,180,0.9,14,11,32,0.075,"[0, 3, 4, 1, 3, 10, 4, 7, 13, 16, 14, 16, 11, 12, 20, 12, 22, 21, 3, 4, 14, 16, 15, 29, 2, 20, 31, 16, 21, 26]"
1739,69,2332800,B_,0.003,0.75,180,0.9,14,11,32,0.08,"[0, 0, 2, 8, 6, 9, 0, 0, 3, 6, 9, 14, 7, 30, 12, 24, 22, 28, 12, 23, 17, 24, 14, 26, 13, 10, 19, 22, 21, 28]"
1743,69,2332800,B_,0.003,0.75,180,0.9,14,11,32,0.1,"[0, 0, 0, 0, 0, 4, 1, 7, 25, 23, 32, 23, 7, 20, 27, 22, 27, 22, 21, 22, 19, 19, 25, 27, 18, 26, 21, 30, 15, 28]"
1744,69,2332800,B_,0.003,0.75,180,0.9,14,11,32,0.105,"[0, 0, 0, 0, 0, 0, 0, 16, 25, 32, 23, 24, 2, 0, 4, 12, 25, 25, 24, 16, 23, 27, 24, 34, 14, 27, 28, 21, 25, 22]"
1742,69,2332800,B_,0.003,0.75,180,0.9,14,11,32,0.095,"[0, 0, 0, 0, 1, 3, 5, 17, 17, 20, 26, 18, 21, 25, 28, 23, 27, 26, 7, 19, 20, 27, 14, 25, 20, 21, 26, 22, 20, 27]"
1741,69,2332800,B_,0.003,0.75,180,0.9,14,11,32,0.09,"[0, 0, 0, 3, 20, 20, 14, 20, 24, 14, 22, 20, 15, 24, 24, 27, 21, 25, 9, 20, 27, 21, 12, 22, 14, 23, 31, 22, 15, 27]"
1745,69,2332800,B_,0.003,0.75,180,0.9,14,11,32,0.11,"[5, 23, 20, 29, 27, 24, 23, 22, 26, 29, 34, 23, 19, 27, 25, 31, 33, 25, 23, 28, 35, 22, 30, 35, 21, 24, 35, 22, 31, 21]"
1750,70,2332800,B_,0.003,0.75,180,0.9,14,11,32,0.01,"[0, 0, 0, 0, 0, 0, 0, 0, 0, 0, 0, 0, 0, 0, 0, 0, 0, 0, 0, 0, 0, 0, 0, 0, 0, 0, 0, 0, 0, 0]"
1752,70,2332800,B_,0.003,0.75,180,0.9,14,11,32,0.02,"[0, 0, 1, 0, 0, 0, 0, 0, 0, 0, 0, 0, 0, 0, 0, 0, 0, 0, 0, 0, 0, 0, 0, 0, 0, 0, 0, 0, 0, 0]"
1746,69,2332800,B_,0.003,0.75,180,0.9,14,11,32,0.115,"[5, 24, 34, 29, 25, 32, 17, 29, 30, 32, 28, 21, 18, 28, 32, 36, 25, 30, 20, 30, 30, 27, 31, 29, 15, 32, 30, 27, 28, 33]"
1755,70,2332800,B_,0.003,0.75,180,0.9,14,11,32,0.035,"[0, 0, 0, 0, 0, 0, 0, 0, 2, 1, 0, 0, 0, 0, 0, 0, 0, 0, 2, 3, 0, 1, 0, 0, 0, 0, 0, 0, 0, 0]"
1753,70,2332800,B_,0.003,0.75,180,0.9,14,11,32,0.025,"[0, 0, 0, 0, 0, 0, 0, 0, 0, 0, 0, 0, 0, 0, 0, 0, 0, 0, 0, 1, 0, 0, 0, 0, 0, 0, 0, 0, 0, 0]"
1751,70,2332800,B_,0.003,0.75,180,0.9,14,11,32,0.015,"[0, 0, 0, 0, 0, 0, 0, 0, 0, 0, 0, 0, 0, 0, 0, 0, 0, 0, 0, 0, 0, 0, 0, 0, 0, 0, 0, 0, 0, 0]"
1754,70,2332800,B_,0.003,0.75,180,0.9,14,11,32,0.03,"[0, 0, 0, 0, 0, 0, 0, 1, 0, 0, 0, 0, 0, 2, 0, 0, 2, 1, 0, 0, 0, 0, 0, 0, 0, 0, 0, 0, 0, 0]"
1756,70,2332800,B_,0.003,0.75,180,0.9,14,11,32,0.04,"[0, 0, 1, 2, 3, 3, 0, 0, 0, 0, 0, 0, 0, 0, 0, 0, 0, 0, 0, 0, 0, 0, 0, 0, 0, 0, 0, 0, 0, 0]"
1757,70,2332800,B_,0.003,0.75,180,0.9,14,11,32,0.045,"[0, 0, 0, 0, 0, 0, 0, 2, 3, 3, 2, 4, 0, 0, 1, 1, 2, 2, 0, 0, 3, 4, 4, 6, 0, 0, 0, 2, 2, 1]"
1747,69,2332800,B_,0.003,0.75,180,0.9,14,11,32,0.12,"[0, 0, 30, 25, 28, 30, 17, 25, 29, 30, 26, 30, 16, 19, 31, 31, 27, 22, 23, 29, 28, 29, 27, 26, 27, 20, 28, 36, 34, 34]"
1748,69,2332800,B_,0.003,0.75,180,0.9,14,11,32,0.125,"[0, 0, 1, 6, 4, 17, 21, 26, 24, 32, 36, 34, 24, 26, 23, 26, 25, 33, 26, 29, 34, 28, 25, 30, 20, 27, 30, 32, 29, 24]"
1759,70,2332800,B_,0.003,0.75,180,0.9,14,11,32,0.055,"[0, 1, 2, 2, 1, 4, 1, 1, 3, 0, 3, 1, 1, 1, 5, 1, 4, 4, 1, 1, 1, 2, 1, 5, 0, 0, 0, 0, 0, 0]"
1758,70,2332800,B_,0.003,0.75,180,0.9,14,11,32,0.05,"[0, 0, 0, 0, 0, 0, 0, 0, 0, 2, 2, 2, 0, 0, 0, 3, 2, 5, 0, 0, 0, 0, 3, 0, 0, 0, 1, 0, 2, 2]"
1760,70,2332800,B_,0.003,0.75,180,0.9,14,11,32,0.06,"[0, 1, 3, 4, 2, 4, 3, 3, 8, 10, 13, 13, 6, 8, 6, 4, 8, 6, 4, 0, 6, 4, 6, 6, 0, 0, 0, 0, 0, 3]"
1761,70,2332800,B_,0.003,0.75,180,0.9,14,11,32,0.065,"[0, 1, 1, 5, 8, 3, 2, 0, 5, 9, 12, 8, 1, 4, 9, 2, 4, 10, 3, 0, 5, 4, 11, 10, 0, 2, 2, 1, 3, 7]"
1766,70,2332800,B_,0.003,0.75,180,0.9,14,11,32,0.09,"[0, 1, 0, 2, 5, 21, 10, 22, 23, 16, 29, 31, 24, 16, 28, 15, 14, 20, 4, 10, 18, 20, 21, 23, 9, 24, 22, 21, 25, 20]"
1762,70,2332800,B_,0.003,0.75,180,0.9,14,11,32,0.07,"[0, 1, 2, 0, 2, 4, 1, 2, 8, 11, 9, 14, 5, 8, 6, 10, 9, 12, 7, 6, 20, 10, 7, 11, 7, 16, 8, 13, 14, 17]"
1763,70,2332800,B_,0.003,0.75,180,0.9,14,11,32,0.075,"[0, 0, 0, 0, 0, 0, 0, 2, 1, 1, 2, 1, 0, 3, 3, 5, 5, 5, 5, 3, 9, 4, 6, 9, 8, 11, 16, 14, 18, 15]"
1749,69,2332800,B_,0.003,0.75,180,0.9,14,11,32,0.13,"[15, 30, 27, 29, 35, 33, 31, 29, 30, 28, 32, 30, 22, 35, 35, 28, 36, 29, 31, 31, 26, 38, 25, 27, 22, 32, 25, 36, 21, 43]"
1767,70,2332800,B_,0.003,0.75,180,0.9,14,11,32,0.095,"[0, 21, 22, 26, 22, 27, 8, 26, 24, 29, 30, 27, 19, 22, 31, 25, 27, 21, 13, 19, 27, 21, 20, 31, 12, 30, 24, 25, 18, 27]"
1768,70,2332800,B_,0.003,0.75,180,0.9,14,11,32,0.1,"[7, 9, 24, 30, 22, 26, 23, 29, 27, 28, 32, 32, 14, 30, 28, 17, 27, 29, 7, 21, 29, 18, 22, 29, 11, 37, 18, 32, 21, 28]"
1764,70,2332800,B_,0.003,0.75,180,0.9,14,11,32,0.08,"[0, 0, 0, 8, 6, 17, 0, 2, 5, 2, 9, 7, 1, 3, 6, 21, 23, 20, 7, 16, 10, 14, 19, 31, 13, 23, 19, 20, 17, 29]"
1765,70,2332800,B_,0.003,0.75,180,0.9,14,11,32,0.085,"[0, 0, 1, 0, 0, 0, 0, 3, 9, 26, 19, 29, 2, 2, 12, 11, 19, 25, 9, 7, 23, 10, 27, 22, 7, 11, 17, 28, 23, 20]"
1770,70,2332800,B_,0.003,0.75,180,0.9,14,11,32,0.11,"[0, 0, 18, 27, 29, 30, 5, 19, 28, 30, 32, 23, 20, 26, 20, 40, 19, 28, 11, 30, 27, 29, 19, 28, 20, 25, 29, 31, 17, 26]"
1771,70,2332800,B_,0.003,0.75,180,0.9,14,11,32,0.115,"[4, 8, 26, 26, 34, 31, 24, 25, 35, 25, 24, 33, 22, 26, 34, 27, 26, 32, 19, 20, 28, 28, 27, 32, 24, 24, 32, 30, 21, 25]"
1773,70,2332800,B_,0.003,0.75,180,0.9,14,11,32,0.125,"[0, 0, 0, 9, 26, 26, 31, 16, 34, 32, 36, 27, 26, 28, 28, 30, 30, 31, 30, 27, 26, 35, 26, 37, 20, 33, 29, 33, 30, 32]"
1769,70,2332800,B_,0.003,0.75,180,0.9,14,11,32,0.105,"[0, 0, 4, 8, 18, 28, 8, 29, 24, 19, 36, 34, 8, 33, 19, 25, 31, 29, 27, 20, 33, 43, 21, 21, 17, 24, 27, 25, 30, 29]"
1779,71,2332800,B_,0.003,0.75,180,0.9,14,11,32,0.03,"[0, 0, 0, 0, 0, 0, 0, 0, 1, 0, 0, 0, 0, 0, 0, 0, 0, 0, 0, 0, 0, 0, 1, 0, 0, 0, 0, 0, 0, 0]"
1775,71,2332800,B_,0.003,0.75,180,0.9,14,11,32,0.01,"[0, 0, 0, 0, 0, 0, 0, 0, 0, 0, 0, 0, 0, 0, 0, 0, 0, 0, 0, 0, 0, 0, 0, 0, 0, 0, 0, 0, 0, 0]"
1772,70,2332800,B_,0.003,0.75,180,0.9,14,11,32,0.12,"[0, 4, 1, 30, 26, 37, 26, 23, 33, 29, 27, 27, 18, 35, 37, 31, 27, 29, 18, 25, 34, 27, 26, 22, 26, 18, 23, 26, 19, 30]"
1780,71,2332800,B_,0.003,0.75,180,0.9,14,11,32,0.035,"[0, 0, 0, 0, 0, 0, 0, 0, 0, 0, 0, 0, 0, 0, 0, 0, 0, 0, 0, 0, 0, 0, 0, 0, 0, 0, 0, 0, 0, 3]"
1776,71,2332800,B_,0.003,0.75,180,0.9,14,11,32,0.015,"[0, 0, 0, 0, 0, 0, 0, 0, 0, 0, 0, 0, 0, 0, 0, 0, 0, 0, 0, 0, 0, 0, 0, 0, 0, 0, 0, 0, 0, 0]"
1774,70,2332800,B_,0.003,0.75,180,0.9,14,11,32,0.13,"[0, 9, 32, 31, 34, 26, 32, 18, 29, 21, 32, 33, 20, 34, 30, 35, 30, 41, 23, 31, 33, 26, 29, 34, 16, 28, 36, 31, 31, 25]"
1777,71,2332800,B_,0.003,0.75,180,0.9,14,11,32,0.02,"[0, 0, 0, 0, 0, 0, 0, 0, 0, 0, 0, 0, 0, 0, 0, 0, 0, 0, 0, 0, 0, 0, 0, 0, 0, 0, 0, 0, 0, 0]"
1778,71,2332800,B_,0.003,0.75,180,0.9,14,11,32,0.025,"[0, 0, 0, 0, 0, 0, 0, 0, 0, 0, 0, 0, 0, 0, 0, 0, 0, 0, 0, 0, 0, 1, 2, 0, 0, 0, 0, 0, 0, 0]"
1783,71,2332800,B_,0.003,0.75,180,0.9,14,11,32,0.05,"[0, 0, 0, 0, 0, 0, 0, 2, 0, 0, 0, 0, 0, 0, 0, 0, 0, 0, 0, 0, 2, 0, 0, 0, 0, 0, 0, 0, 1, 1]"
1781,71,2332800,B_,0.003,0.75,180,0.9,14,11,32,0.04,"[0, 0, 0, 0, 0, 0, 0, 0, 0, 1, 0, 0, 0, 0, 0, 0, 0, 0, 0, 0, 0, 0, 0, 0, 0, 0, 0, 0, 0, 0]"
1782,71,2332800,B_,0.003,0.75,180,0.9,14,11,32,0.045,"[0, 0, 0, 2, 2, 2, 1, 1, 1, 2, 4, 6, 1, 1, 1, 0, 1, 2, 0, 0, 0, 0, 0, 0, 0, 1, 1, 0, 3, 3]"
1784,71,2332800,B_,0.003,0.75,180,0.9,14,11,32,0.055,"[0, 0, 0, 0, 0, 0, 0, 0, 0, 3, 1, 4, 0, 1, 0, 5, 5, 5, 0, 1, 1, 1, 4, 7, 4, 3, 3, 3, 8, 4]"
1787,71,2332800,B_,0.003,0.75,180,0.9,14,11,32,0.07,"[0, 0, 0, 0, 1, 3, 0, 0, 6, 12, 10, 17, 3, 5, 1, 7, 2, 11, 5, 5, 11, 17, 13, 22, 11, 11, 15, 23, 19, 21]"
1785,71,2332800,B_,0.003,0.75,180,0.9,14,11,32,0.06,"[0, 0, 1, 1, 1, 1, 1, 0, 3, 4, 5, 4, 1, 4, 4, 1, 2, 2, 0, 0, 1, 0, 1, 0, 0, 0, 0, 0, 0, 2]"
1786,71,2332800,B_,0.003,0.75,180,0.9,14,11,32,0.065,"[0, 0, 0, 0, 0, 0, 1, 1, 3, 2, 12, 7, 0, 2, 1, 1, 7, 5, 0, 0, 0, 0, 0, 2, 2, 3, 3, 6, 4, 5]"
1788,71,2332800,B_,0.003,0.75,180,0.9,14,11,32,0.075,"[0, 0, 1, 0, 0, 2, 0, 5, 3, 6, 11, 5, 7, 8, 9, 5, 9, 8, 2, 5, 6, 8, 3, 12, 3, 11, 10, 19, 12, 23]"
1791,71,2332800,B_,0.003,0.75,180,0.9,14,11,32,0.09,"[0, 0, 3, 3, 5, 20, 6, 12, 18, 25, 20, 24, 9, 25, 26, 28, 16, 27, 17, 19, 29, 31, 12, 24, 5, 20, 24, 34, 21, 24]"
1792,71,2332800,B_,0.003,0.75,180,0.9,14,11,32,0.095,"[2, 5, 5, 32, 19, 25, 20, 26, 29, 15, 30, 20, 14, 23, 22, 28, 22, 25, 6, 28, 24, 19, 19, 23, 14, 27, 18, 27, 27, 29]"
1789,71,2332800,B_,0.003,0.75,180,0.9,14,11,32,0.08,"[3, 7, 4, 2, 5, 3, 0, 4, 11, 11, 23, 25, 7, 19, 15, 35, 24, 17, 4, 10, 16, 23, 14, 18, 10, 20, 26, 24, 16, 22]"
1800,72,2332800,B_,0.003,0.75,180,0.9,14,11,32,0.01,"[0, 0, 0, 0, 0, 0, 0, 0, 0, 0, 0, 0, 0, 0, 0, 0, 0, 0, 0, 0, 0, 0, 0, 0, 0, 0, 0, 0, 0, 0]"
1790,71,2332800,B_,0.003,0.75,180,0.9,14,11,32,0.085,"[0, 0, 3, 0, 9, 9, 5, 13, 17, 20, 29, 17, 6, 13, 13, 23, 17, 24, 12, 26, 21, 17, 18, 14, 6, 8, 16, 20, 19, 24]"
1796,71,2332800,B_,0.003,0.75,180,0.9,14,11,32,0.115,"[0, 0, 0, 1, 1, 2, 6, 26, 25, 23, 26, 27, 24, 29, 35, 31, 30, 28, 23, 27, 33, 22, 26, 22, 8, 27, 26, 35, 30, 34]"
1795,71,2332800,B_,0.003,0.75,180,0.9,14,11,32,0.11,"[0, 1, 8, 27, 32, 24, 14, 25, 20, 27, 23, 39, 23, 30, 30, 27, 23, 21, 22, 31, 28, 22, 27, 31, 13, 30, 18, 31, 19, 18]"
1797,71,2332800,B_,0.003,0.75,180,0.9,14,11,32,0.12,"[0, 0, 20, 32, 30, 29, 25, 24, 27, 29, 25, 31, 15, 30, 28, 22, 26, 36, 23, 24, 34, 34, 27, 28, 24, 34, 24, 39, 29, 32]"
1799,71,2332800,B_,0.003,0.75,180,0.9,14,11,32,0.13,"[3, 3, 5, 5, 23, 29, 23, 24, 24, 36, 39, 32, 23, 31, 33, 32, 30, 26, 24, 31, 29, 37, 19, 39, 23, 30, 26, 36, 35, 33]"
1798,71,2332800,B_,0.003,0.75,180,0.9,14,11,32,0.125,"[0, 0, 10, 34, 48, 21, 21, 25, 33, 33, 29, 32, 20, 29, 39, 34, 22, 31, 22, 19, 24, 29, 29, 23, 24, 27, 26, 28, 28, 33]"
1793,71,2332800,B_,0.003,0.75,180,0.9,14,11,32,0.1,"[0, 0, 0, 0, 11, 12, 10, 22, 9, 20, 23, 37, 15, 30, 21, 35, 17, 35, 21, 27, 28, 28, 21, 26, 18, 28, 26, 33, 24, 31]"
1794,71,2332800,B_,0.003,0.75,180,0.9,14,11,32,0.105,"[2, 5, 8, 20, 20, 30, 17, 31, 28, 24, 28, 26, 7, 27, 23, 28, 22, 25, 9, 18, 26, 23, 25, 21, 14, 20, 33, 24, 21, 27]"
1803,72,2332800,B_,0.003,0.75,180,0.9,14,11,32,0.025,"[0, 0, 0, 0, 0, 0, 0, 0, 0, 0, 0, 0, 0, 0, 0, 0, 0, 0, 0, 0, 0, 0, 0, 0, 0, 0, 0, 0, 0, 0]"
1811,72,2332800,B_,0.003,0.75,180,0.9,14,11,32,0.065,"[0, 0, 0, 1, 5, 13, 4, 4, 12, 10, 14, 20, 0, 0, 0, 0, 1, 3, 1, 3, 8, 4, 4, 8, 1, 5, 5, 7, 6, 11]"
1801,72,2332800,B_,0.003,0.75,180,0.9,14,11,32,0.015,"[0, 0, 0, 0, 0, 0, 0, 0, 0, 0, 0, 0, 0, 0, 0, 0, 0, 0, 0, 0, 0, 0, 0, 0, 0, 0, 0, 0, 0, 0]"
1802,72,2332800,B_,0.003,0.75,180,0.9,14,11,32,0.02,"[0, 0, 0, 0, 0, 0, 0, 0, 0, 0, 0, 0, 0, 0, 0, 0, 0, 0, 0, 0, 0, 0, 0, 0, 0, 0, 0, 0, 0, 0]"
1804,72,2332800,B_,0.003,0.75,180,0.9,14,11,32,0.03,"[0, 0, 0, 0, 0, 0, 0, 1, 0, 0, 0, 0, 0, 0, 0, 0, 0, 0, 0, 0, 0, 0, 0, 0, 0, 0, 0, 0, 0, 0]"
1805,72,2332800,B_,0.003,0.75,180,0.9,14,11,32,0.035,"[0, 0, 0, 0, 0, 0, 0, 2, 1, 2, 1, 1, 0, 0, 0, 0, 0, 0, 0, 0, 1, 0, 1, 0, 0, 0, 0, 0, 0, 0]"
1806,72,2332800,B_,0.003,0.75,180,0.9,14,11,32,0.04,"[0, 0, 0, 0, 0, 0, 2, 1, 3, 3, 6, 9, 1, 3, 3, 4, 7, 2, 0, 0, 1, 2, 1, 3, 0, 0, 0, 0, 0, 0]"
1815,72,2332800,B_,0.003,0.75,180,0.9,14,11,32,0.085,"[1, 4, 12, 19, 30, 19, 13, 13, 19, 27, 24, 30, 7, 7, 13, 12, 26, 26, 17, 25, 24, 19, 17, 20, 6, 12, 22, 29, 19, 28]"
1807,72,2332800,B_,0.003,0.75,180,0.9,14,11,32,0.045,"[0, 0, 0, 0, 0, 0, 0, 0, 0, 1, 0, 0, 0, 0, 0, 1, 1, 6, 0, 0, 0, 0, 0, 0, 0, 0, 0, 0, 0, 0]"
1816,72,2332800,B_,0.003,0.75,180,0.9,14,11,32,0.09,"[5, 5, 9, 16, 26, 19, 18, 34, 32, 25, 26, 26, 15, 22, 26, 20, 24, 23, 9, 19, 28, 22, 33, 19, 8, 16, 28, 33, 21, 25]"
1808,72,2332800,B_,0.003,0.75,180,0.9,14,11,32,0.05,"[0, 0, 1, 1, 1, 2, 2, 1, 4, 4, 7, 8, 1, 2, 1, 3, 3, 3, 0, 0, 2, 4, 3, 9, 1, 2, 2, 6, 6, 7]"
1809,72,2332800,B_,0.003,0.75,180,0.9,14,11,32,0.055,"[0, 0, 0, 3, 3, 7, 0, 0, 0, 0, 0, 0, 0, 0, 0, 0, 1, 0, 0, 0, 2, 1, 7, 6, 5, 4, 6, 1, 1, 7]"
1810,72,2332800,B_,0.003,0.75,180,0.9,14,11,32,0.06,"[0, 2, 2, 5, 4, 7, 0, 0, 0, 2, 3, 4, 2, 10, 13, 8, 14, 14, 11, 9, 20, 14, 15, 10, 3, 3, 4, 3, 3, 3]"
1813,72,2332800,B_,0.003,0.75,180,0.9,14,11,32,0.075,"[0, 0, 1, 3, 14, 17, 1, 1, 8, 7, 9, 7, 0, 9, 11, 10, 11, 17, 8, 14, 8, 9, 9, 16, 3, 8, 11, 12, 10, 9]"
1812,72,2332800,B_,0.003,0.75,180,0.9,14,11,32,0.07,"[0, 1, 1, 1, 4, 5, 8, 15, 15, 20, 23, 21, 4, 19, 22, 22, 16, 23, 3, 15, 16, 20, 10, 15, 0, 6, 1, 12, 15, 18]"
1819,72,2332800,B_,0.003,0.75,180,0.9,14,11,32,0.105,"[0, 3, 22, 33, 31, 30, 22, 25, 34, 29, 33, 23, 16, 28, 26, 21, 25, 28, 31, 21, 33, 27, 19, 29, 6, 30, 27, 36, 22, 22]"
1814,72,2332800,B_,0.003,0.75,180,0.9,14,11,32,0.08,"[0, 5, 5, 10, 15, 13, 17, 17, 21, 17, 20, 16, 5, 20, 18, 18, 27, 25, 8, 22, 20, 14, 23, 24, 9, 24, 19, 27, 19, 7]"
1820,72,2332800,B_,0.003,0.75,180,0.9,14,11,32,0.11,"[2, 18, 20, 34, 26, 33, 21, 26, 26, 19, 26, 22, 20, 24, 26, 17, 17, 31, 21, 24, 34, 21, 25, 25, 24, 30, 29, 25, 21, 25]"
1817,72,2332800,B_,0.003,0.75,180,0.9,14,11,32,0.095,"[0, 16, 17, 25, 28, 22, 19, 23, 26, 29, 31, 19, 5, 11, 24, 30, 16, 23, 13, 17, 36, 23, 21, 23, 5, 16, 25, 24, 34, 23]"
1818,72,2332800,B_,0.003,0.75,180,0.9,14,11,32,0.1,"[4, 16, 24, 27, 25, 20, 20, 24, 26, 26, 28, 29, 19, 26, 24, 23, 25, 28, 15, 17, 27, 22, 32, 23, 12, 25, 28, 22, 26, 12]"
1826,73,2332800,B_,0.003,0.75,180,0.9,14,11,32,0.015,"[0, 0, 0, 0, 0, 0, 0, 0, 0, 0, 0, 0, 0, 0, 0, 0, 0, 0, 0, 0, 0, 0, 0, 0, 0, 0, 0, 0, 0, 0]"
1821,72,2332800,B_,0.003,0.75,180,0.9,14,11,32,0.115,"[9, 34, 32, 28, 25, 33, 12, 21, 20, 17, 24, 29, 20, 34, 28, 28, 24, 28, 16, 28, 33, 33, 19, 28, 20, 28, 21, 30, 26, 25]"
1823,72,2332800,B_,0.003,0.75,180,0.9,14,11,32,0.125,"[3, 9, 33, 26, 28, 28, 22, 18, 33, 29, 38, 34, 27, 33, 21, 40, 30, 29, 21, 34, 27, 38, 36, 28, 22, 23, 32, 33, 28, 30]"
1822,72,2332800,B_,0.003,0.75,180,0.9,14,11,32,0.12,"[0, 0, 3, 12, 32, 35, 26, 27, 27, 30, 38, 31, 25, 29, 21, 35, 24, 24, 27, 19, 29, 33, 23, 38, 17, 35, 33, 29, 19, 30]"
1831,73,2332800,B_,0.003,0.75,180,0.9,14,11,32,0.04,"[0, 0, 0, 0, 0, 0, 0, 0, 0, 0, 0, 0, 0, 1, 0, 0, 0, 2, 1, 1, 2, 1, 0, 0, 0, 0, 0, 0, 0, 0]"
1825,73,2332800,B_,0.003,0.75,180,0.9,14,11,32,0.01,"[0, 0, 0, 0, 0, 0, 0, 0, 0, 0, 0, 0, 0, 0, 0, 0, 0, 0, 0, 0, 0, 0, 0, 0, 0, 0, 0, 0, 0, 0]"
1827,73,2332800,B_,0.003,0.75,180,0.9,14,11,32,0.02,"[0, 0, 0, 0, 0, 0, 0, 0, 0, 0, 0, 0, 0, 0, 0, 0, 0, 0, 0, 0, 0, 0, 0, 0, 0, 0, 0, 0, 0, 0]"
1828,73,2332800,B_,0.003,0.75,180,0.9,14,11,32,0.025,"[0, 0, 0, 1, 0, 0, 0, 0, 0, 0, 0, 1, 0, 1, 1, 0, 0, 0, 0, 1, 0, 0, 0, 0, 0, 0, 0, 0, 0, 3]"
1829,73,2332800,B_,0.003,0.75,180,0.9,14,11,32,0.03,"[0, 0, 0, 0, 0, 0, 0, 0, 0, 0, 0, 0, 0, 0, 0, 0, 0, 0, 0, 0, 0, 2, 1, 0, 0, 0, 1, 0, 1, 0]"
1824,72,2332800,B_,0.003,0.75,180,0.9,14,11,32,0.13,"[3, 7, 21, 33, 29, 28, 32, 29, 33, 22, 28, 30, 12, 25, 29, 31, 33, 28, 35, 17, 32, 32, 26, 30, 25, 25, 36, 26, 16, 35]"
1830,73,2332800,B_,0.003,0.75,180,0.9,14,11,32,0.035,"[0, 0, 0, 0, 0, 0, 0, 0, 1, 0, 0, 0, 1, 1, 2, 3, 2, 1, 0, 0, 0, 0, 0, 0, 0, 0, 0, 0, 0, 0]"
1832,73,2332800,B_,0.003,0.75,180,0.9,14,11,32,0.045,"[0, 0, 0, 0, 3, 3, 1, 0, 0, 3, 0, 1, 0, 3, 1, 3, 3, 5, 0, 0, 0, 1, 3, 3, 0, 1, 0, 1, 1, 0]"
1835,73,2332800,B_,0.003,0.75,180,0.9,14,11,32,0.06,"[0, 0, 0, 0, 0, 0, 0, 0, 0, 3, 4, 4, 0, 0, 2, 2, 5, 3, 7, 8, 15, 9, 3, 17, 2, 1, 7, 9, 4, 9]"
1833,73,2332800,B_,0.003,0.75,180,0.9,14,11,32,0.05,"[1, 1, 0, 3, 0, 1, 0, 0, 0, 4, 10, 5, 1, 3, 0, 5, 5, 2, 0, 0, 0, 0, 0, 0, 0, 0, 0, 0, 0, 6]"
1834,73,2332800,B_,0.003,0.75,180,0.9,14,11,32,0.055,"[0, 1, 0, 1, 4, 4, 1, 2, 8, 9, 6, 9, 3, 7, 5, 4, 5, 10, 0, 0, 0, 0, 0, 4, 2, 0, 2, 6, 6, 4]"
1836,73,2332800,B_,0.003,0.75,180,0.9,14,11,32,0.065,"[0, 1, 0, 1, 2, 2, 2, 2, 9, 11, 9, 8, 2, 13, 6, 9, 12, 10, 0, 0, 0, 0, 5, 2, 3, 2, 5, 10, 5, 6]"
1837,73,2332800,B_,0.003,0.75,180,0.9,14,11,32,0.07,"[0, 3, 2, 5, 5, 6, 6, 8, 19, 19, 20, 15, 9, 14, 16, 10, 13, 22, 15, 17, 18, 22, 22, 19, 5, 10, 16, 22, 10, 21]"
1839,73,2332800,B_,0.003,0.75,180,0.9,14,11,32,0.08,"[0, 1, 5, 8, 13, 23, 6, 13, 23, 25, 18, 17, 2, 6, 17, 12, 12, 22, 9, 23, 23, 23, 17, 32, 1, 4, 6, 5, 7, 12]"
1840,73,2332800,B_,0.003,0.75,180,0.9,14,11,32,0.085,"[5, 11, 19, 22, 25, 19, 10, 16, 26, 20, 28, 22, 11, 17, 17, 27, 24, 19, 13, 12, 29, 13, 14, 26, 20, 17, 17, 29, 21, 26]"
1838,73,2332800,B_,0.003,0.75,180,0.9,14,11,32,0.075,"[0, 8, 3, 5, 17, 16, 1, 4, 4, 15, 5, 8, 2, 7, 5, 15, 20, 21, 4, 9, 10, 7, 14, 17, 3, 3, 1, 2, 6, 6]"
1842,73,2332800,B_,0.003,0.75,180,0.9,14,11,32,0.095,"[0, 0, 13, 25, 30, 18, 11, 12, 21, 20, 28, 23, 13, 24, 23, 37, 20, 22, 8, 19, 26, 22, 20, 25, 16, 23, 31, 27, 19, 27]"
1844,73,2332800,B_,0.003,0.75,180,0.9,14,11,32,0.105,"[0, 0, 0, 0, 6, 25, 15, 14, 41, 24, 33, 22, 8, 36, 29, 20, 32, 32, 5, 19, 23, 24, 25, 19, 29, 28, 31, 19, 30, 31]"
1845,73,2332800,B_,0.003,0.75,180,0.9,14,11,32,0.11,"[0, 0, 0, 13, 28, 33, 18, 26, 28, 25, 26, 33, 13, 33, 32, 25, 25, 23, 20, 30, 29, 31, 21, 23, 21, 19, 21, 23, 34, 28]"
1847,73,2332800,B_,0.003,0.75,180,0.9,14,11,32,0.12,"[0, 0, 0, 0, 0, 0, 2, 23, 30, 22, 30, 34, 20, 29, 38, 37, 23, 30, 24, 25, 39, 20, 23, 31, 26, 34, 29, 35, 26, 25]"
1846,73,2332800,B_,0.003,0.75,180,0.9,14,11,32,0.115,"[0, 0, 0, 0, 15, 21, 19, 19, 28, 26, 34, 25, 20, 29, 21, 25, 29, 31, 10, 25, 25, 27, 25, 29, 19, 42, 34, 25, 28, 38]"
1848,73,2332800,B_,0.003,0.75,180,0.9,14,11,32,0.125,"[1, 4, 25, 25, 27, 39, 25, 26, 31, 36, 27, 29, 16, 28, 28, 34, 23, 34, 30, 24, 19, 28, 27, 30, 8, 27, 36, 40, 25, 24]"
1851,74,2332800,B_,0.003,0.75,180,0.9,14,11,32,0.015,"[0, 0, 0, 0, 0, 0, 0, 0, 0, 0, 0, 0, 0, 0, 0, 0, 0, 0, 0, 0, 1, 0, 0, 0, 0, 0, 0, 0, 0, 0]"
1841,73,2332800,B_,0.003,0.75,180,0.9,14,11,32,0.09,"[0, 0, 1, 6, 15, 24, 16, 17, 18, 29, 17, 33, 17, 24, 25, 27, 18, 31, 7, 14, 14, 35, 28, 31, 7, 12, 24, 21, 29, 21]"
1852,74,2332800,B_,0.003,0.75,180,0.9,14,11,32,0.02,"[0, 0, 0, 0, 0, 0, 0, 0, 0, 0, 0, 0, 0, 0, 0, 0, 0, 0, 0, 0, 0, 0, 0, 0, 0, 0, 0, 0, 0, 0]"
1843,73,2332800,B_,0.003,0.75,180,0.9,14,11,32,0.1,"[0, 0, 8, 21, 29, 19, 15, 25, 29, 31, 30, 24, 10, 30, 20, 24, 26, 27, 20, 23, 24, 29, 20, 34, 9, 28, 27, 27, 26, 27]"
1850,74,2332800,B_,0.003,0.75,180,0.9,14,11,32,0.01,"[0, 0, 0, 0, 0, 0, 0, 0, 0, 0, 0, 0, 0, 0, 0, 0, 0, 0, 0, 0, 0, 0, 0, 0, 0, 0, 0, 0, 0, 0]"
1858,74,2332800,B_,0.003,0.75,180,0.9,14,11,32,0.05,"[0, 0, 0, 0, 0, 1, 0, 0, 0, 0, 0, 1, 5, 4, 4, 2, 5, 2, 3, 5, 8, 6, 5, 1, 0, 2, 3, 6, 3, 4]"
1860,74,2332800,B_,0.003,0.75,180,0.9,14,11,32,0.06,"[0, 0, 0, 0, 0, 1, 0, 0, 3, 3, 2, 7, 3, 0, 2, 3, 6, 6, 0, 0, 0, 3, 1, 2, 0, 0, 0, 0, 1, 1]"
1853,74,2332800,B_,0.003,0.75,180,0.9,14,11,32,0.025,"[0, 0, 0, 0, 0, 0, 0, 0, 0, 0, 0, 0, 0, 0, 0, 0, 0, 0, 0, 0, 0, 0, 0, 0, 0, 0, 0, 0, 0, 0]"
1854,74,2332800,B_,0.003,0.75,180,0.9,14,11,32,0.03,"[0, 0, 0, 0, 0, 0, 0, 0, 1, 1, 0, 1, 0, 0, 0, 0, 2, 2, 0, 0, 0, 0, 0, 0, 0, 0, 0, 0, 0, 0]"
1849,73,2332800,B_,0.003,0.75,180,0.9,14,11,32,0.13,"[0, 0, 20, 28, 30, 27, 23, 33, 32, 27, 29, 29, 26, 28, 32, 29, 23, 29, 25, 23, 23, 24, 29, 29, 27, 27, 32, 41, 31, 35]"
1855,74,2332800,B_,0.003,0.75,180,0.9,14,11,32,0.035,"[0, 0, 0, 0, 0, 0, 0, 0, 0, 2, 1, 2, 0, 0, 0, 0, 0, 0, 1, 1, 2, 0, 1, 0, 1, 1, 0, 1, 0, 2]"
1856,74,2332800,B_,0.003,0.75,180,0.9,14,11,32,0.04,"[0, 0, 0, 0, 0, 0, 0, 0, 0, 0, 0, 0, 0, 0, 0, 0, 0, 0, 0, 1, 0, 1, 1, 0, 1, 1, 2, 2, 4, 2]"
1857,74,2332800,B_,0.003,0.75,180,0.9,14,11,32,0.045,"[0, 0, 0, 0, 0, 0, 0, 0, 0, 0, 0, 0, 0, 0, 0, 0, 0, 0, 0, 0, 0, 0, 0, 0, 0, 0, 0, 0, 0, 0]"
1859,74,2332800,B_,0.003,0.75,180,0.9,14,11,32,0.055,"[0, 0, 2, 1, 6, 1, 0, 1, 3, 2, 5, 3, 2, 2, 5, 3, 3, 5, 3, 1, 2, 2, 3, 3, 0, 2, 1, 8, 5, 10]"
1861,74,2332800,B_,0.003,0.75,180,0.9,14,11,32,0.065,"[0, 0, 0, 0, 0, 0, 0, 5, 2, 6, 9, 8, 2, 2, 3, 2, 3, 7, 4, 4, 3, 6, 10, 13, 2, 0, 5, 6, 8, 3]"
1866,74,2332800,B_,0.003,0.75,180,0.9,14,11,32,0.09,"[2, 0, 8, 14, 17, 24, 13, 25, 30, 20, 25, 37, 8, 26, 31, 22, 19, 31, 11, 24, 22, 25, 18, 32, 6, 34, 28, 24, 26, 26]"
1862,74,2332800,B_,0.003,0.75,180,0.9,14,11,32,0.07,"[0, 1, 3, 3, 8, 8, 0, 0, 3, 6, 5, 6, 8, 9, 14, 18, 17, 21, 8, 12, 5, 8, 11, 10, 5, 3, 3, 1, 10, 6]"
1863,74,2332800,B_,0.003,0.75,180,0.9,14,11,32,0.075,"[0, 0, 0, 0, 0, 0, 0, 1, 0, 2, 13, 8, 2, 1, 4, 10, 13, 8, 0, 0, 0, 0, 3, 15, 5, 4, 8, 15, 13, 14]"
1868,74,2332800,B_,0.003,0.75,180,0.9,14,11,32,0.1,"[5, 26, 16, 28, 23, 28, 22, 18, 29, 20, 21, 29, 13, 33, 23, 35, 19, 20, 6, 12, 24, 20, 25, 20, 4, 24, 24, 24, 25, 27]"
1864,74,2332800,B_,0.003,0.75,180,0.9,14,11,32,0.08,"[0, 0, 2, 5, 3, 7, 6, 8, 10, 19, 37, 17, 1, 6, 6, 8, 17, 18, 18, 18, 24, 20, 19, 31, 7, 14, 19, 19, 12, 21]"
1865,74,2332800,B_,0.003,0.75,180,0.9,14,11,32,0.085,"[0, 1, 7, 5, 7, 6, 2, 8, 15, 11, 21, 18, 19, 24, 24, 25, 24, 20, 7, 18, 21, 31, 25, 26, 5, 17, 22, 22, 27, 21]"
1867,74,2332800,B_,0.003,0.75,180,0.9,14,11,32,0.095,"[0, 0, 3, 9, 25, 18, 15, 16, 24, 24, 32, 23, 6, 18, 35, 31, 35, 27, 9, 23, 11, 19, 19, 15, 13, 6, 11, 17, 31, 21]"
1875,75,2332800,B_,0.003,0.75,180,0.9,14,11,32,0.01,"[0, 0, 0, 0, 0, 0, 0, 0, 0, 0, 0, 0, 0, 0, 0, 0, 0, 0, 0, 0, 0, 0, 0, 0, 0, 0, 0, 0, 0, 0]"
1871,74,2332800,B_,0.003,0.75,180,0.9,14,11,32,0.115,"[0, 0, 8, 17, 32, 39, 19, 33, 24, 26, 27, 29, 21, 35, 34, 28, 29, 32, 22, 19, 41, 25, 25, 38, 26, 24, 33, 25, 25, 28]"
1869,74,2332800,B_,0.003,0.75,180,0.9,14,11,32,0.105,"[0, 4, 12, 30, 25, 25, 10, 30, 21, 28, 26, 23, 13, 31, 24, 23, 17, 28, 19, 23, 27, 18, 29, 38, 22, 33, 29, 22, 18, 24]"
1873,74,2332800,B_,0.003,0.75,180,0.9,14,11,32,0.125,"[0, 0, 13, 27, 27, 25, 16, 25, 30, 28, 28, 36, 21, 31, 23, 35, 25, 33, 22, 25, 27, 31, 32, 24, 18, 28, 28, 38, 25, 24]"
1870,74,2332800,B_,0.003,0.75,180,0.9,14,11,32,0.11,"[0, 0, 0, 0, 0, 3, 2, 8, 29, 23, 32, 19, 22, 28, 39, 30, 24, 21, 27, 22, 26, 30, 24, 31, 18, 22, 28, 22, 26, 26]"
1872,74,2332800,B_,0.003,0.75,180,0.9,14,11,32,0.12,"[11, 20, 29, 29, 26, 28, 21, 26, 24, 30, 27, 25, 20, 33, 25, 28, 36, 22, 22, 20, 33, 23, 24, 32, 23, 25, 37, 31, 26, 31]"
1876,75,2332800,B_,0.003,0.75,180,0.9,14,11,32,0.015,"[0, 0, 0, 0, 0, 0, 0, 0, 0, 0, 0, 0, 0, 0, 0, 0, 0, 0, 0, 0, 1, 0, 0, 0, 0, 0, 0, 0, 0, 0]"
1877,75,2332800,B_,0.003,0.75,180,0.9,14,11,32,0.02,"[0, 0, 0, 0, 0, 0, 0, 0, 0, 0, 0, 0, 0, 0, 0, 0, 0, 0, 0, 0, 0, 0, 0, 0, 0, 0, 0, 0, 0, 0]"
1878,75,2332800,B_,0.003,0.75,180,0.9,14,11,32,0.025,"[0, 0, 0, 0, 0, 0, 0, 0, 0, 0, 0, 0, 0, 0, 0, 0, 0, 0, 0, 0, 0, 0, 0, 1, 0, 0, 0, 0, 0, 0]"
1874,74,2332800,B_,0.003,0.75,180,0.9,14,11,32,0.13,"[3, 25, 27, 26, 38, 26, 21, 27, 23, 31, 38, 37, 14, 32, 31, 30, 39, 32, 22, 36, 31, 23, 26, 26, 29, 33, 38, 29, 31, 30]"
1879,75,2332800,B_,0.003,0.75,180,0.9,14,11,32,0.03,"[0, 0, 0, 0, 0, 0, 0, 0, 0, 0, 0, 0, 0, 0, 1, 0, 0, 0, 0, 0, 0, 0, 0, 0, 0, 0, 0, 0, 0, 0]"
1883,75,2332800,B_,0.003,0.75,180,0.9,14,11,32,0.05,"[0, 0, 0, 0, 0, 0, 0, 6, 3, 6, 6, 4, 2, 2, 6, 4, 5, 1, 1, 0, 0, 0, 7, 1, 0, 2, 8, 5, 3, 7]"
1881,75,2332800,B_,0.003,0.75,180,0.9,14,11,32,0.04,"[0, 0, 0, 0, 0, 1, 0, 1, 2, 3, 2, 2, 0, 0, 0, 0, 0, 0, 0, 0, 0, 0, 0, 1, 0, 1, 1, 0, 0, 0]"
1880,75,2332800,B_,0.003,0.75,180,0.9,14,11,32,0.035,"[0, 0, 0, 0, 0, 0, 0, 0, 0, 0, 0, 1, 0, 1, 0, 0, 0, 1, 0, 1, 3, 2, 2, 3, 0, 0, 0, 0, 0, 0]"
1882,75,2332800,B_,0.003,0.75,180,0.9,14,11,32,0.045,"[0, 0, 0, 0, 0, 0, 0, 0, 0, 1, 4, 5, 0, 0, 0, 0, 0, 0, 0, 0, 0, 0, 0, 0, 0, 0, 0, 0, 0, 0]"
1884,75,2332800,B_,0.003,0.75,180,0.9,14,11,32,0.055,"[0, 2, 1, 2, 0, 0, 2, 2, 2, 6, 5, 6, 0, 0, 0, 0, 2, 0, 3, 1, 2, 5, 7, 10, 0, 2, 3, 3, 2, 4]"
1888,75,2332800,B_,0.003,0.75,180,0.9,14,11,32,0.075,"[0, 4, 5, 3, 5, 4, 1, 5, 1, 6, 3, 4, 1, 0, 0, 0, 2, 6, 1, 3, 6, 9, 10, 17, 3, 3, 11, 11, 14, 21]"
1885,75,2332800,B_,0.003,0.75,180,0.9,14,11,32,0.06,"[0, 0, 1, 0, 3, 2, 0, 0, 2, 2, 9, 4, 0, 1, 0, 0, 2, 2, 0, 0, 0, 0, 1, 3, 0, 0, 0, 0, 1, 2]"
1886,75,2332800,B_,0.003,0.75,180,0.9,14,11,32,0.065,"[0, 0, 0, 2, 13, 8, 3, 2, 5, 5, 11, 13, 2, 6, 3, 5, 7, 9, 0, 0, 0, 0, 5, 13, 4, 7, 14, 15, 15, 13]"
1889,75,2332800,B_,0.003,0.75,180,0.9,14,11,32,0.08,"[5, 9, 9, 14, 12, 15, 5, 4, 14, 8, 16, 18, 21, 27, 18, 27, 25, 24, 4, 17, 18, 22, 17, 18, 4, 21, 24, 20, 13, 27]"
1887,75,2332800,B_,0.003,0.75,180,0.9,14,11,32,0.07,"[0, 0, 0, 0, 0, 0, 0, 0, 2, 3, 3, 8, 2, 10, 9, 9, 10, 16, 9, 6, 12, 10, 13, 18, 2, 15, 17, 23, 21, 21]"
1892,75,2332800,B_,0.003,0.75,180,0.9,14,11,32,0.095,"[0, 0, 2, 6, 6, 5, 0, 22, 20, 25, 25, 28, 17, 30, 20, 27, 29, 28, 10, 25, 27, 17, 21, 25, 10, 15, 22, 36, 24, 27]"
1893,75,2332800,B_,0.003,0.75,180,0.9,14,11,32,0.1,"[0, 0, 3, 2, 3, 5, 4, 11, 9, 29, 29, 19, 3, 20, 19, 30, 25, 35, 13, 17, 26, 30, 17, 21, 11, 32, 28, 28, 25, 23]"
1895,75,2332800,B_,0.003,0.75,180,0.9,14,11,32,0.11,"[0, 0, 0, 0, 0, 0, 0, 0, 0, 23, 22, 33, 18, 23, 37, 28, 19, 28, 18, 26, 26, 24, 21, 26, 19, 30, 31, 32, 30, 27]"
1894,75,2332800,B_,0.003,0.75,180,0.9,14,11,32,0.105,"[0, 0, 6, 27, 26, 34, 22, 29, 27, 21, 29, 28, 15, 23, 26, 31, 22, 27, 2, 26, 47, 26, 20, 34, 21, 25, 33, 34, 23, 32]"
1891,75,2332800,B_,0.003,0.75,180,0.9,14,11,32,0.09,"[1, 9, 11, 17, 22, 13, 12, 26, 27, 26, 30, 27, 12, 24, 31, 32, 19, 23, 9, 17, 21, 26, 17, 24, 10, 21, 22, 32, 27, 21]"
1890,75,2332800,B_,0.003,0.75,180,0.9,14,11,32,0.085,"[0, 0, 6, 17, 27, 12, 3, 20, 23, 25, 30, 23, 3, 14, 15, 17, 23, 19, 11, 13, 22, 19, 16, 22, 13, 23, 19, 32, 21, 21]"
1896,75,2332800,B_,0.003,0.75,180,0.9,14,11,32,0.115,"[8, 8, 28, 34, 22, 22, 28, 23, 31, 35, 21, 32, 16, 27, 47, 34, 19, 28, 12, 22, 31, 13, 19, 29, 20, 30, 36, 24, 33, 23]"
1903,76,2332800,B_,0.003,0.75,180,0.9,14,11,32,0.025,"[0, 0, 0, 0, 0, 0, 0, 0, 0, 0, 0, 0, 0, 0, 0, 0, 0, 0, 0, 0, 0, 0, 0, 0, 0, 0, 0, 0, 0, 0]"
1897,75,2332800,B_,0.003,0.75,180,0.9,14,11,32,0.12,"[0, 9, 19, 31, 28, 38, 27, 33, 25, 27, 40, 30, 22, 31, 34, 30, 22, 30, 9, 24, 28, 30, 27, 26, 19, 34, 35, 35, 23, 27]"
1902,76,2332800,B_,0.003,0.75,180,0.9,14,11,32,0.02,"[0, 0, 0, 0, 0, 0, 0, 0, 0, 0, 0, 0, 0, 0, 0, 0, 0, 0, 0, 0, 0, 0, 0, 0, 0, 0, 0, 0, 0, 0]"
1899,75,2332800,B_,0.003,0.75,180,0.9,14,11,32,0.13,"[3, 7, 17, 33, 29, 28, 25, 37, 26, 25, 34, 35, 28, 30, 34, 28, 28, 24, 13, 33, 26, 29, 30, 25, 21, 26, 35, 35, 29, 31]"
1900,76,2332800,B_,0.003,0.75,180,0.9,14,11,32,0.01,"[0, 0, 0, 0, 0, 0, 0, 0, 0, 0, 0, 0, 0, 0, 0, 0, 0, 0, 0, 0, 0, 0, 0, 0, 0, 0, 0, 0, 0, 0]"
1901,76,2332800,B_,0.003,0.75,180,0.9,14,11,32,0.015,"[0, 0, 0, 0, 0, 0, 0, 0, 0, 0, 0, 0, 0, 0, 0, 0, 0, 0, 0, 0, 0, 0, 0, 0, 0, 0, 0, 0, 0, 0]"
1898,75,2332800,B_,0.003,0.75,180,0.9,14,11,32,0.125,"[0, 1, 16, 36, 25, 28, 25, 24, 40, 21, 25, 36, 25, 36, 33, 24, 31, 25, 12, 35, 26, 25, 24, 34, 18, 27, 41, 27, 38, 30]"
1912,76,2332800,B_,0.003,0.75,180,0.9,14,11,32,0.07,"[0, 0, 1, 4, 9, 19, 0, 0, 3, 2, 5, 8, 0, 2, 7, 6, 8, 11, 5, 10, 13, 19, 12, 19, 5, 12, 14, 21, 12, 13]"
1904,76,2332800,B_,0.003,0.75,180,0.9,14,11,32,0.03,"[0, 0, 0, 0, 0, 0, 0, 0, 1, 0, 0, 1, 0, 0, 0, 0, 1, 1, 1, 0, 0, 0, 0, 0, 0, 0, 0, 0, 0, 0]"
1905,76,2332800,B_,0.003,0.75,180,0.9,14,11,32,0.035,"[0, 0, 0, 0, 0, 0, 0, 0, 1, 1, 0, 0, 0, 1, 0, 0, 0, 0, 0, 0, 0, 0, 1, 2, 0, 0, 0, 0, 0, 0]"
1906,76,2332800,B_,0.003,0.75,180,0.9,14,11,32,0.04,"[0, 0, 0, 0, 0, 0, 0, 0, 0, 0, 0, 0, 0, 3, 6, 2, 2, 2, 2, 0, 2, 4, 3, 6, 0, 0, 0, 0, 0, 2]"
1907,76,2332800,B_,0.003,0.75,180,0.9,14,11,32,0.045,"[0, 0, 0, 0, 0, 1, 0, 0, 2, 2, 4, 3, 1, 1, 1, 1, 1, 3, 0, 1, 2, 0, 3, 2, 0, 2, 3, 7, 4, 5]"
1915,76,2332800,B_,0.003,0.75,180,0.9,14,11,32,0.085,"[0, 1, 4, 8, 11, 20, 14, 11, 13, 14, 25, 21, 5, 15, 21, 27, 19, 27, 14, 22, 16, 19, 25, 25, 16, 14, 15, 29, 16, 25]"
1908,76,2332800,B_,0.003,0.75,180,0.9,14,11,32,0.05,"[0, 0, 0, 4, 3, 2, 0, 0, 3, 2, 3, 4, 3, 4, 6, 2, 1, 1, 1, 2, 4, 0, 3, 6, 0, 0, 0, 0, 0, 0]"
1914,76,2332800,B_,0.003,0.75,180,0.9,14,11,32,0.08,"[8, 5, 2, 13, 15, 13, 5, 21, 11, 26, 26, 22, 2, 12, 8, 14, 24, 27, 12, 15, 31, 16, 19, 22, 12, 21, 27, 32, 14, 28]"
1909,76,2332800,B_,0.003,0.75,180,0.9,14,11,32,0.055,"[0, 0, 0, 0, 0, 0, 0, 2, 12, 8, 10, 12, 0, 2, 8, 4, 8, 5, 0, 4, 3, 7, 3, 6, 2, 3, 6, 6, 2, 9]"
1910,76,2332800,B_,0.003,0.75,180,0.9,14,11,32,0.06,"[0, 0, 0, 0, 0, 0, 0, 0, 2, 1, 1, 7, 7, 8, 8, 9, 10, 8, 0, 0, 1, 3, 6, 7, 2, 4, 4, 8, 3, 9]"
1913,76,2332800,B_,0.003,0.75,180,0.9,14,11,32,0.075,"[0, 0, 0, 0, 0, 0, 0, 5, 2, 2, 4, 15, 5, 9, 16, 6, 13, 6, 4, 9, 10, 13, 16, 19, 5, 5, 8, 11, 15, 15]"
1911,76,2332800,B_,0.003,0.75,180,0.9,14,11,32,0.065,"[0, 0, 0, 0, 4, 2, 6, 3, 7, 8, 17, 14, 1, 2, 7, 11, 15, 9, 4, 6, 12, 13, 17, 11, 5, 12, 13, 19, 12, 22]"
1919,76,2332800,B_,0.003,0.75,180,0.9,14,11,32,0.105,"[0, 0, 21, 24, 30, 24, 16, 23, 24, 26, 33, 35, 20, 27, 25, 27, 22, 29, 2, 18, 31, 21, 24, 27, 12, 23, 29, 22, 24, 22]"
1920,76,2332800,B_,0.003,0.75,180,0.9,14,11,32,0.11,"[0, 9, 17, 27, 26, 25, 6, 22, 32, 25, 31, 20, 9, 22, 23, 24, 32, 35, 7, 28, 27, 21, 29, 24, 13, 24, 24, 27, 24, 23]"
1916,76,2332800,B_,0.003,0.75,180,0.9,14,11,32,0.09,"[0, 1, 1, 2, 5, 6, 3, 3, 6, 11, 18, 32, 7, 27, 27, 14, 23, 22, 8, 17, 21, 24, 28, 31, 10, 13, 24, 30, 25, 20]"
1917,76,2332800,B_,0.003,0.75,180,0.9,14,11,32,0.095,"[0, 0, 0, 0, 0, 0, 1, 5, 12, 21, 21, 22, 5, 10, 24, 26, 28, 23, 10, 12, 15, 27, 30, 28, 14, 25, 20, 34, 20, 26]"
1922,76,2332800,B_,0.003,0.75,180,0.9,14,11,32,0.12,"[7, 27, 33, 30, 28, 26, 21, 25, 29, 28, 39, 33, 15, 31, 32, 16, 28, 24, 26, 26, 26, 20, 23, 31, 34, 29, 30, 30, 26, 27]"
1918,76,2332800,B_,0.003,0.75,180,0.9,14,11,32,0.1,"[0, 18, 19, 23, 28, 15, 26, 19, 27, 25, 33, 25, 25, 24, 23, 20, 28, 22, 15, 25, 21, 24, 22, 31, 18, 28, 24, 24, 19, 29]"
1930,77,2332800,B_,0.003,0.75,180,0.9,14,11,32,0.035,"[0, 0, 0, 0, 0, 0, 0, 0, 0, 0, 0, 0, 0, 0, 0, 0, 0, 0, 0, 0, 0, 0, 0, 0, 0, 0, 1, 0, 0, 0]"
1921,76,2332800,B_,0.003,0.75,180,0.9,14,11,32,0.115,"[0, 1, 0, 0, 0, 0, 0, 1, 24, 22, 24, 29, 20, 27, 26, 28, 22, 28, 30, 24, 32, 35, 24, 29, 12, 29, 37, 17, 35, 25]"
1923,76,2332800,B_,0.003,0.75,180,0.9,14,11,32,0.125,"[0, 0, 0, 0, 0, 0, 0, 14, 35, 28, 34, 38, 24, 31, 26, 26, 28, 30, 18, 30, 30, 24, 30, 36, 13, 28, 34, 33, 30, 29]"
1925,77,2332800,B_,0.003,0.75,180,0.9,14,11,32,0.01,"[0, 0, 0, 0, 0, 0, 0, 0, 0, 0, 0, 0, 0, 0, 0, 0, 0, 0, 0, 0, 0, 0, 0, 0, 0, 0, 0, 0, 0, 0]"
1926,77,2332800,B_,0.003,0.75,180,0.9,14,11,32,0.015,"[0, 0, 0, 0, 0, 0, 0, 0, 0, 0, 0, 0, 0, 0, 0, 0, 0, 0, 0, 0, 0, 0, 0, 0, 0, 0, 0, 0, 0, 0]"
1927,77,2332800,B_,0.003,0.75,180,0.9,14,11,32,0.02,"[0, 0, 0, 0, 0, 0, 0, 0, 0, 0, 0, 0, 0, 0, 0, 0, 1, 0, 0, 0, 0, 0, 0, 0, 0, 0, 0, 0, 0, 0]"
1928,77,2332800,B_,0.003,0.75,180,0.9,14,11,32,0.025,"[0, 0, 1, 0, 0, 0, 0, 0, 0, 0, 0, 0, 0, 0, 0, 0, 0, 0, 0, 0, 0, 0, 0, 0, 0, 0, 0, 0, 0, 0]"
1924,76,2332800,B_,0.003,0.75,180,0.9,14,11,32,0.13,"[0, 0, 35, 28, 30, 35, 25, 29, 26, 27, 34, 27, 13, 26, 28, 27, 26, 33, 24, 23, 40, 34, 29, 32, 26, 30, 36, 36, 24, 29]"
1929,77,2332800,B_,0.003,0.75,180,0.9,14,11,32,0.03,"[0, 0, 0, 0, 0, 0, 0, 0, 0, 0, 0, 0, 0, 0, 0, 0, 0, 0, 0, 0, 1, 1, 1, 1, 0, 0, 0, 0, 0, 0]"
1931,77,2332800,B_,0.003,0.75,180,0.9,14,11,32,0.04,"[0, 0, 0, 0, 0, 0, 0, 0, 0, 0, 0, 0, 0, 0, 0, 0, 0, 0, 0, 0, 0, 0, 0, 1, 0, 1, 0, 1, 0, 2]"
1932,77,2332800,B_,0.003,0.75,180,0.9,14,11,32,0.045,"[0, 0, 0, 0, 0, 0, 0, 0, 0, 0, 0, 0, 1, 1, 0, 1, 2, 2, 0, 0, 1, 3, 3, 2, 0, 0, 0, 0, 0, 3]"
1935,77,2332800,B_,0.003,0.75,180,0.9,14,11,32,0.06,"[0, 0, 0, 2, 2, 4, 0, 2, 6, 8, 11, 10, 0, 0, 0, 2, 4, 2, 1, 4, 2, 3, 6, 5, 0, 1, 1, 1, 2, 5]"
1933,77,2332800,B_,0.003,0.75,180,0.9,14,11,32,0.05,"[0, 0, 0, 0, 0, 0, 0, 0, 0, 0, 2, 2, 0, 0, 1, 0, 1, 0, 0, 0, 0, 0, 2, 2, 0, 0, 0, 0, 2, 3]"
1934,77,2332800,B_,0.003,0.75,180,0.9,14,11,32,0.055,"[0, 2, 1, 1, 2, 4, 2, 0, 3, 4, 5, 4, 2, 3, 5, 6, 8, 9, 2, 2, 7, 5, 5, 12, 3, 4, 9, 9, 14, 10]"
1938,77,2332800,B_,0.003,0.75,180,0.9,14,11,32,0.075,"[4, 2, 1, 1, 0, 1, 0, 1, 2, 2, 7, 21, 6, 13, 18, 14, 23, 22, 12, 11, 19, 9, 13, 21, 4, 6, 12, 15, 15, 19]"
1936,77,2332800,B_,0.003,0.75,180,0.9,14,11,32,0.065,"[0, 0, 0, 0, 0, 0, 3, 8, 4, 7, 8, 12, 1, 4, 7, 8, 5, 8, 2, 1, 2, 2, 7, 9, 2, 2, 4, 9, 11, 12]"
1940,77,2332800,B_,0.003,0.75,180,0.9,14,11,32,0.085,"[0, 0, 0, 0, 0, 9, 9, 7, 22, 20, 22, 24, 10, 15, 18, 21, 23, 27, 14, 20, 29, 24, 20, 25, 18, 23, 25, 26, 25, 20]"
1941,77,2332800,B_,0.003,0.75,180,0.9,14,11,32,0.09,"[0, 1, 0, 1, 0, 0, 0, 4, 7, 10, 24, 25, 6, 22, 19, 25, 31, 21, 7, 24, 24, 22, 22, 25, 7, 17, 15, 18, 15, 18]"
1937,77,2332800,B_,0.003,0.75,180,0.9,14,11,32,0.07,"[0, 1, 9, 10, 18, 24, 7, 9, 11, 15, 16, 24, 1, 7, 17, 13, 14, 15, 0, 4, 3, 8, 14, 14, 2, 3, 5, 10, 5, 13]"
1943,77,2332800,B_,0.003,0.75,180,0.9,14,11,32,0.1,"[0, 0, 3, 23, 18, 23, 13, 16, 18, 27, 26, 23, 1, 10, 18, 23, 23, 27, 15, 25, 30, 30, 19, 25, 3, 15, 19, 24, 28, 24]"
1942,77,2332800,B_,0.003,0.75,180,0.9,14,11,32,0.095,"[3, 7, 10, 12, 29, 28, 14, 24, 31, 32, 21, 23, 14, 23, 28, 20, 23, 19, 16, 18, 29, 32, 24, 25, 6, 8, 23, 25, 15, 27]"
1950,78,2332800,B_,0.003,0.75,180,0.9,14,11,32,0.01,"[0, 0, 0, 0, 0, 0, 0, 0, 0, 0, 0, 0, 0, 0, 0, 0, 0, 0, 0, 0, 0, 0, 0, 0, 0, 0, 0, 0, 0, 0]"
1944,77,2332800,B_,0.003,0.75,180,0.9,14,11,32,0.105,"[0, 0, 0, 1, 6, 10, 8, 32, 26, 26, 31, 34, 12, 25, 33, 30, 28, 27, 1, 31, 38, 19, 24, 25, 4, 32, 24, 23, 20, 29]"
1939,77,2332800,B_,0.003,0.75,180,0.9,14,11,32,0.08,"[0, 0, 0, 2, 5, 21, 5, 3, 8, 15, 23, 27, 6, 11, 10, 13, 16, 26, 13, 13, 19, 19, 17, 27, 8, 14, 16, 19, 19, 21]"
1946,77,2332800,B_,0.003,0.75,180,0.9,14,11,32,0.115,"[12, 9, 27, 37, 28, 30, 14, 32, 32, 28, 36, 28, 26, 27, 31, 29, 26, 36, 19, 28, 26, 24, 23, 34, 19, 27, 32, 32, 22, 22]"
1947,77,2332800,B_,0.003,0.75,180,0.9,14,11,32,0.12,"[0, 17, 34, 33, 41, 30, 31, 25, 26, 22, 31, 27, 25, 35, 29, 29, 24, 25, 18, 26, 35, 25, 26, 28, 27, 30, 41, 32, 27, 23]"
1949,77,2332800,B_,0.003,0.75,180,0.9,14,11,32,0.13,"[20, 37, 28, 30, 39, 28, 25, 28, 37, 28, 28, 21, 30, 29, 36, 35, 30, 30, 25, 21, 34, 26, 29, 28, 17, 35, 24, 24, 23, 29]"
1954,78,2332800,B_,0.003,0.75,180,0.9,14,11,32,0.03,"[0, 0, 0, 0, 0, 0, 0, 0, 0, 0, 0, 1, 3, 1, 2, 0, 0, 1, 0, 0, 0, 0, 0, 0, 0, 1, 1, 1, 0, 1]"
1951,78,2332800,B_,0.003,0.75,180,0.9,14,11,32,0.015,"[0, 0, 0, 0, 0, 0, 0, 0, 0, 0, 0, 0, 0, 0, 0, 0, 0, 0, 0, 0, 0, 0, 0, 0, 0, 0, 0, 0, 0, 0]"
1945,77,2332800,B_,0.003,0.75,180,0.9,14,11,32,0.11,"[0, 0, 16, 31, 33, 22, 14, 31, 34, 32, 27, 41, 21, 27, 22, 24, 30, 22, 18, 26, 25, 36, 29, 26, 25, 25, 28, 34, 30, 24]"
1948,77,2332800,B_,0.003,0.75,180,0.9,14,11,32,0.125,"[16, 28, 25, 33, 30, 42, 14, 29, 26, 28, 42, 30, 20, 30, 34, 31, 26, 28, 19, 24, 32, 27, 24, 23, 26, 28, 36, 32, 26, 28]"
1952,78,2332800,B_,0.003,0.75,180,0.9,14,11,32,0.02,"[0, 0, 0, 0, 0, 0, 0, 0, 0, 0, 0, 0, 0, 0, 0, 0, 0, 0, 0, 0, 0, 0, 0, 0, 0, 0, 0, 0, 0, 0]"
1959,78,2332800,B_,0.003,0.75,180,0.9,14,11,32,0.055,"[0, 0, 0, 1, 0, 2, 0, 0, 0, 0, 0, 0, 2, 3, 4, 5, 3, 3, 0, 0, 0, 0, 0, 2, 0, 0, 0, 0, 0, 3]"
1953,78,2332800,B_,0.003,0.75,180,0.9,14,11,32,0.025,"[0, 0, 0, 0, 0, 0, 0, 0, 0, 0, 0, 0, 0, 0, 0, 0, 0, 0, 0, 0, 0, 0, 0, 0, 0, 0, 0, 0, 0, 0]"
1961,78,2332800,B_,0.003,0.75,180,0.9,14,11,32,0.065,"[0, 0, 0, 0, 0, 0, 0, 2, 4, 4, 6, 8, 0, 4, 9, 6, 6, 8, 5, 7, 15, 18, 18, 15, 7, 11, 12, 14, 15, 14]"
1955,78,2332800,B_,0.003,0.75,180,0.9,14,11,32,0.035,"[0, 0, 0, 0, 0, 0, 0, 0, 0, 0, 0, 0, 0, 0, 0, 0, 0, 0, 0, 1, 0, 0, 1, 1, 0, 0, 0, 0, 0, 0]"
1956,78,2332800,B_,0.003,0.75,180,0.9,14,11,32,0.04,"[0, 0, 0, 0, 0, 0, 0, 0, 0, 0, 1, 1, 0, 0, 0, 0, 0, 0, 0, 0, 1, 0, 0, 1, 0, 0, 0, 0, 0, 0]"
1957,78,2332800,B_,0.003,0.75,180,0.9,14,11,32,0.045,"[0, 0, 0, 0, 0, 0, 0, 0, 0, 0, 2, 1, 0, 0, 0, 0, 0, 0, 0, 0, 0, 0, 0, 0, 2, 0, 2, 0, 2, 2]"
1958,78,2332800,B_,0.003,0.75,180,0.9,14,11,32,0.05,"[0, 0, 0, 0, 0, 0, 0, 1, 0, 2, 5, 6, 2, 1, 3, 0, 5, 5, 0, 3, 3, 2, 0, 1, 0, 0, 0, 0, 1, 0]"
1960,78,2332800,B_,0.003,0.75,180,0.9,14,11,32,0.06,"[0, 0, 0, 1, 2, 6, 0, 0, 1, 2, 2, 5, 0, 0, 0, 0, 0, 0, 1, 2, 4, 0, 4, 2, 2, 4, 6, 6, 11, 5]"
1962,78,2332800,B_,0.003,0.75,180,0.9,14,11,32,0.07,"[0, 3, 10, 14, 15, 13, 9, 3, 11, 13, 14, 17, 5, 7, 9, 19, 17, 12, 8, 9, 17, 15, 12, 22, 3, 13, 13, 18, 16, 24]"
1963,78,2332800,B_,0.003,0.75,180,0.9,14,11,32,0.075,"[0, 0, 0, 6, 5, 9, 1, 1, 2, 11, 10, 19, 5, 6, 16, 22, 15, 25, 15, 17, 12, 17, 13, 25, 3, 2, 7, 6, 3, 8]"
1967,78,2332800,B_,0.003,0.75,180,0.9,14,11,32,0.095,"[0, 0, 0, 4, 6, 11, 0, 1, 4, 13, 28, 14, 16, 31, 34, 24, 17, 18, 10, 21, 29, 23, 19, 19, 11, 17, 23, 30, 27, 18]"
1965,78,2332800,B_,0.003,0.75,180,0.9,14,11,32,0.085,"[0, 0, 0, 0, 0, 0, 0, 2, 2, 12, 18, 12, 7, 3, 12, 22, 25, 16, 7, 13, 15, 26, 16, 25, 16, 20, 18, 20, 19, 32]"
1964,78,2332800,B_,0.003,0.75,180,0.9,14,11,32,0.08,"[2, 2, 4, 6, 17, 6, 2, 7, 10, 12, 28, 22, 3, 9, 13, 14, 26, 25, 10, 14, 22, 18, 22, 19, 8, 15, 28, 23, 22, 25]"
1966,78,2332800,B_,0.003,0.75,180,0.9,14,11,32,0.09,"[0, 0, 2, 13, 23, 11, 9, 11, 15, 25, 36, 26, 6, 10, 21, 29, 24, 24, 8, 10, 30, 26, 19, 20, 2, 16, 29, 28, 25, 23]"
1970,78,2332800,B_,0.003,0.75,180,0.9,14,11,32,0.11,"[0, 0, 1, 23, 29, 33, 10, 28, 24, 30, 26, 28, 15, 36, 18, 23, 28, 28, 8, 27, 36, 25, 23, 28, 25, 25, 19, 29, 23, 29]"
1968,78,2332800,B_,0.003,0.75,180,0.9,14,11,32,0.1,"[0, 0, 0, 2, 14, 27, 11, 20, 31, 24, 20, 23, 17, 28, 34, 21, 23, 23, 12, 24, 30, 23, 21, 33, 17, 22, 29, 29, 22, 27]"
1975,79,2332800,B_,0.003,0.75,180,0.9,14,11,32,0.01,"[0, 0, 0, 0, 0, 0, 0, 0, 0, 0, 0, 0, 0, 0, 0, 0, 0, 0, 0, 0, 0, 0, 0, 0, 0, 0, 0, 0, 0, 0]"
1972,78,2332800,B_,0.003,0.75,180,0.9,14,11,32,0.12,"[6, 23, 26, 28, 26, 28, 25, 27, 27, 25, 29, 32, 23, 42, 32, 24, 22, 27, 20, 18, 30, 22, 26, 37, 19, 22, 33, 33, 34, 27]"
1969,78,2332800,B_,0.003,0.75,180,0.9,14,11,32,0.105,"[0, 0, 4, 3, 8, 11, 22, 23, 34, 26, 23, 24, 7, 30, 29, 23, 27, 27, 13, 18, 32, 19, 24, 28, 22, 35, 25, 26, 24, 26]"
1971,78,2332800,B_,0.003,0.75,180,0.9,14,11,32,0.115,"[6, 32, 27, 32, 32, 25, 11, 21, 23, 27, 24, 27, 15, 27, 33, 34, 17, 35, 18, 30, 30, 29, 28, 32, 23, 31, 29, 39, 26, 32]"
1983,79,2332800,B_,0.003,0.75,180,0.9,14,11,32,0.05,"[0, 0, 0, 0, 0, 0, 0, 1, 2, 2, 1, 3, 0, 0, 0, 0, 0, 2, 0, 0, 0, 0, 0, 0, 0, 0, 0, 0, 0, 0]"
1976,79,2332800,B_,0.003,0.75,180,0.9,14,11,32,0.015,"[0, 0, 0, 0, 0, 0, 0, 0, 0, 0, 0, 0, 0, 0, 0, 0, 0, 0, 0, 0, 0, 0, 0, 0, 0, 0, 0, 0, 0, 0]"
1977,79,2332800,B_,0.003,0.75,180,0.9,14,11,32,0.02,"[0, 0, 0, 0, 0, 0, 0, 0, 0, 0, 0, 0, 0, 0, 0, 0, 0, 0, 0, 0, 0, 0, 0, 0, 0, 0, 0, 0, 0, 0]"
1973,78,2332800,B_,0.003,0.75,180,0.9,14,11,32,0.125,"[0, 0, 12, 16, 33, 33, 22, 26, 38, 28, 31, 33, 22, 37, 34, 33, 29, 34, 28, 28, 35, 32, 23, 28, 23, 32, 29, 35, 31, 24]"
1978,79,2332800,B_,0.003,0.75,180,0.9,14,11,32,0.025,"[0, 0, 0, 0, 0, 0, 0, 0, 0, 0, 0, 0, 0, 0, 0, 0, 2, 1, 0, 0, 0, 0, 0, 0, 0, 0, 0, 0, 0, 0]"
1981,79,2332800,B_,0.003,0.75,180,0.9,14,11,32,0.04,"[0, 0, 1, 1, 1, 1, 0, 0, 1, 2, 1, 3, 0, 3, 3, 4, 1, 3, 0, 0, 0, 0, 0, 1, 0, 0, 1, 0, 1, 0]"
1980,79,2332800,B_,0.003,0.75,180,0.9,14,11,32,0.035,"[0, 0, 0, 0, 0, 0, 1, 0, 0, 0, 1, 0, 0, 0, 0, 0, 0, 0, 0, 0, 0, 0, 0, 0, 0, 0, 0, 0, 0, 0]"
1979,79,2332800,B_,0.003,0.75,180,0.9,14,11,32,0.03,"[0, 0, 0, 0, 0, 0, 0, 0, 0, 2, 1, 1, 0, 0, 0, 1, 0, 1, 0, 0, 0, 0, 0, 0, 0, 0, 0, 0, 0, 0]"
1974,78,2332800,B_,0.003,0.75,180,0.9,14,11,32,0.13,"[0, 0, 13, 29, 30, 34, 23, 25, 26, 18, 28, 30, 32, 25, 33, 33, 29, 30, 25, 31, 27, 32, 23, 28, 22, 30, 31, 32, 28, 33]"
1982,79,2332800,B_,0.003,0.75,180,0.9,14,11,32,0.045,"[0, 2, 2, 8, 6, 5, 0, 0, 0, 0, 1, 1, 0, 0, 0, 0, 1, 2, 0, 0, 0, 1, 0, 2, 0, 0, 0, 0, 0, 0]"
1986,79,2332800,B_,0.003,0.75,180,0.9,14,11,32,0.065,"[4, 7, 8, 9, 10, 9, 1, 2, 2, 3, 4, 1, 3, 0, 3, 4, 4, 4, 5, 4, 15, 14, 19, 12, 1, 0, 0, 0, 0, 0]"
1984,79,2332800,B_,0.003,0.75,180,0.9,14,11,32,0.055,"[0, 0, 1, 4, 9, 4, 3, 2, 1, 1, 3, 4, 0, 0, 0, 0, 0, 0, 3, 4, 3, 5, 2, 6, 0, 0, 1, 0, 6, 2]"
1988,79,2332800,B_,0.003,0.75,180,0.9,14,11,32,0.075,"[0, 0, 0, 0, 0, 0, 0, 1, 4, 2, 8, 21, 3, 10, 7, 23, 17, 16, 4, 8, 12, 14, 13, 16, 0, 2, 1, 10, 14, 15]"
1985,79,2332800,B_,0.003,0.75,180,0.9,14,11,32,0.06,"[0, 0, 1, 2, 0, 4, 1, 4, 3, 3, 3, 2, 2, 2, 7, 5, 11, 14, 4, 5, 5, 11, 13, 12, 1, 9, 7, 2, 6, 10]"
1989,79,2332800,B_,0.003,0.75,180,0.9,14,11,32,0.08,"[0, 0, 0, 0, 0, 3, 0, 4, 14, 20, 17, 23, 8, 12, 20, 23, 21, 21, 6, 6, 15, 21, 23, 24, 10, 18, 24, 22, 24, 19]"
1991,79,2332800,B_,0.003,0.75,180,0.9,14,11,32,0.09,"[0, 0, 1, 0, 0, 0, 1, 15, 21, 15, 28, 32, 7, 19, 24, 30, 22, 30, 13, 17, 31, 21, 19, 28, 16, 22, 16, 22, 23, 21]"
1992,79,2332800,B_,0.003,0.75,180,0.9,14,11,32,0.095,"[0, 0, 0, 0, 0, 0, 0, 5, 6, 17, 29, 28, 8, 23, 27, 25, 18, 27, 12, 18, 26, 26, 11, 31, 4, 26, 21, 32, 28, 23]"
1987,79,2332800,B_,0.003,0.75,180,0.9,14,11,32,0.07,"[2, 2, 4, 7, 8, 11, 8, 5, 6, 6, 10, 4, 0, 1, 0, 0, 2, 13, 5, 5, 8, 12, 19, 21, 0, 8, 8, 7, 5, 16]"
1993,79,2332800,B_,0.003,0.75,180,0.9,14,11,32,0.1,"[0, 6, 15, 32, 33, 19, 21, 24, 28, 19, 31, 27, 16, 21, 28, 25, 32, 32, 29, 32, 30, 24, 27, 19, 5, 27, 35, 15, 19, 21]"
1997,79,2332800,B_,0.003,0.75,180,0.9,14,11,32,0.12,"[0, 0, 0, 1, 13, 31, 10, 30, 29, 31, 36, 27, 12, 43, 32, 35, 35, 28, 14, 36, 25, 33, 25, 26, 21, 34, 25, 44, 31, 36]"
1990,79,2332800,B_,0.003,0.75,180,0.9,14,11,32,0.085,"[6, 5, 7, 19, 23, 14, 10, 16, 25, 28, 23, 19, 3, 4, 17, 27, 23, 31, 12, 12, 26, 19, 20, 30, 1, 6, 6, 6, 10, 15]"
1998,79,2332800,B_,0.003,0.75,180,0.9,14,11,32,0.125,"[0, 0, 8, 30, 29, 31, 20, 23, 34, 23, 31, 35, 19, 30, 27, 30, 28, 40, 29, 23, 26, 29, 30, 31, 27, 26, 30, 29, 28, 27]"
1994,79,2332800,B_,0.003,0.75,180,0.9,14,11,32,0.105,"[0, 2, 23, 24, 30, 35, 15, 29, 21, 26, 21, 31, 12, 30, 25, 26, 21, 27, 19, 28, 36, 30, 27, 28, 8, 23, 28, 30, 21, 25]"
1995,79,2332800,B_,0.003,0.75,180,0.9,14,11,32,0.11,"[3, 10, 15, 20, 31, 27, 9, 22, 29, 25, 26, 26, 36, 21, 32, 35, 24, 36, 10, 24, 34, 21, 32, 26, 29, 23, 26, 23, 21, 27]"
2004,80,2332800,B_,0.003,0.75,180,0.9,14,11,32,0.03,"[0, 0, 0, 0, 0, 0, 0, 0, 0, 0, 0, 0, 0, 0, 0, 0, 0, 0, 0, 0, 0, 0, 0, 0, 0, 0, 0, 0, 0, 0]"
1996,79,2332800,B_,0.003,0.75,180,0.9,14,11,32,0.115,"[0, 1, 1, 0, 0, 2, 7, 25, 39, 17, 33, 25, 25, 23, 30, 31, 23, 30, 10, 22, 33, 24, 25, 30, 12, 27, 29, 35, 20, 33]"
1999,79,2332800,B_,0.003,0.75,180,0.9,14,11,32,0.13,"[0, 25, 32, 33, 26, 28, 18, 28, 34, 22, 32, 25, 27, 29, 30, 27, 33, 38, 17, 31, 27, 31, 24, 35, 23, 29, 37, 34, 24, 32]"
2006,80,2332800,B_,0.003,0.75,180,0.9,14,11,32,0.04,"[0, 0, 0, 0, 0, 0, 0, 0, 1, 0, 2, 0, 0, 0, 0, 2, 1, 0, 0, 0, 0, 0, 0, 0, 0, 0, 0, 0, 0, 0]"
2000,80,2332800,B_,0.003,0.75,180,0.9,14,11,32,0.01,"[0, 0, 0, 0, 0, 0, 0, 0, 0, 0, 0, 0, 0, 0, 0, 0, 0, 0, 0, 0, 0, 0, 0, 0, 0, 0, 0, 0, 0, 0]"
2001,80,2332800,B_,0.003,0.75,180,0.9,14,11,32,0.015,"[0, 0, 0, 0, 0, 0, 0, 0, 0, 0, 0, 0, 0, 0, 0, 0, 0, 0, 0, 0, 0, 0, 0, 0, 0, 0, 0, 0, 0, 0]"
2002,80,2332800,B_,0.003,0.75,180,0.9,14,11,32,0.02,"[0, 0, 0, 0, 0, 0, 0, 0, 0, 0, 0, 1, 0, 0, 0, 0, 0, 0, 0, 0, 0, 0, 0, 1, 0, 0, 3, 1, 0, 0]"
2003,80,2332800,B_,0.003,0.75,180,0.9,14,11,32,0.025,"[0, 0, 0, 0, 0, 0, 0, 0, 0, 0, 0, 0, 0, 0, 0, 0, 0, 0, 0, 0, 0, 0, 0, 0, 0, 0, 0, 0, 0, 0]"
2005,80,2332800,B_,0.003,0.75,180,0.9,14,11,32,0.035,"[0, 0, 0, 0, 0, 0, 0, 0, 0, 0, 0, 0, 0, 0, 0, 0, 0, 0, 0, 0, 0, 0, 0, 0, 0, 0, 0, 0, 0, 0]"
2012,80,2332800,B_,0.003,0.75,180,0.9,14,11,32,0.07,"[2, 7, 8, 5, 4, 4, 0, 1, 4, 7, 11, 14, 10, 12, 21, 23, 16, 17, 1, 7, 15, 16, 18, 15, 5, 8, 15, 22, 18, 25]"
2007,80,2332800,B_,0.003,0.75,180,0.9,14,11,32,0.045,"[0, 0, 0, 0, 0, 0, 0, 0, 0, 0, 0, 0, 0, 0, 0, 0, 0, 3, 0, 0, 0, 2, 0, 0, 0, 0, 0, 0, 0, 2]"
2008,80,2332800,B_,0.003,0.75,180,0.9,14,11,32,0.05,"[0, 0, 0, 0, 0, 0, 0, 0, 0, 0, 0, 0, 0, 0, 0, 0, 0, 0, 0, 1, 2, 2, 2, 6, 0, 0, 0, 0, 0, 0]"
2009,80,2332800,B_,0.003,0.75,180,0.9,14,11,32,0.055,"[0, 0, 0, 0, 0, 0, 0, 0, 0, 0, 0, 0, 0, 0, 2, 1, 3, 4, 1, 3, 2, 4, 7, 8, 2, 1, 1, 2, 0, 5]"
2010,80,2332800,B_,0.003,0.75,180,0.9,14,11,32,0.06,"[0, 0, 1, 0, 0, 0, 0, 1, 3, 11, 12, 10, 0, 0, 0, 0, 0, 0, 0, 0, 1, 1, 0, 0, 0, 0, 0, 1, 0, 2]"
2014,80,2332800,B_,0.003,0.75,180,0.9,14,11,32,0.08,"[0, 3, 8, 9, 15, 21, 7, 11, 26, 15, 19, 33, 4, 9, 19, 16, 18, 21, 7, 20, 18, 21, 20, 22, 9, 25, 16, 30, 22, 23]"
2011,80,2332800,B_,0.003,0.75,180,0.9,14,11,32,0.065,"[0, 2, 0, 2, 4, 2, 0, 0, 3, 2, 4, 2, 0, 0, 0, 0, 0, 0, 2, 3, 4, 6, 10, 9, 1, 2, 1, 4, 7, 5]"
2018,80,2332800,B_,0.003,0.75,180,0.9,14,11,32,0.1,"[0, 0, 0, 0, 0, 0, 2, 12, 12, 23, 32, 28, 12, 24, 25, 27, 23, 24, 6, 11, 33, 26, 23, 17, 14, 28, 28, 30, 31, 40]"
2017,80,2332800,B_,0.003,0.75,180,0.9,14,11,32,0.095,"[0, 1, 4, 29, 22, 29, 11, 30, 24, 31, 27, 28, 19, 31, 18, 27, 29, 25, 0, 7, 22, 19, 13, 23, 13, 27, 30, 24, 21, 20]"
2013,80,2332800,B_,0.003,0.75,180,0.9,14,11,32,0.075,"[0, 0, 0, 0, 0, 0, 0, 1, 0, 0, 1, 2, 2, 13, 10, 10, 26, 18, 5, 5, 7, 14, 12, 19, 7, 8, 11, 16, 20, 17]"
2015,80,2332800,B_,0.003,0.75,180,0.9,14,11,32,0.085,"[1, 3, 8, 11, 26, 17, 4, 9, 21, 22, 30, 32, 1, 5, 3, 4, 4, 7, 0, 5, 8, 13, 17, 28, 17, 16, 29, 20, 26, 24]"
2021,80,2332800,B_,0.003,0.75,180,0.9,14,11,32,0.115,"[0, 21, 35, 28, 26, 35, 29, 37, 40, 30, 29, 34, 32, 24, 35, 27, 38, 31, 17, 36, 31, 26, 28, 27, 24, 23, 30, 33, 21, 29]"
2016,80,2332800,B_,0.003,0.75,180,0.9,14,11,32,0.09,"[0, 12, 23, 22, 23, 27, 16, 22, 21, 24, 27, 21, 16, 29, 25, 21, 21, 28, 20, 30, 16, 20, 23, 27, 1, 14, 13, 22, 21, 16]"
2020,80,2332800,B_,0.003,0.75,180,0.9,14,11,32,0.11,"[0, 0, 8, 29, 24, 28, 17, 27, 30, 28, 30, 31, 23, 24, 31, 17, 27, 22, 19, 16, 36, 31, 23, 28, 20, 23, 34, 32, 18, 23]"
2019,80,2332800,B_,0.003,0.75,180,0.9,14,11,32,0.105,"[12, 13, 29, 26, 30, 22, 5, 22, 20, 26, 20, 27, 14, 29, 30, 20, 28, 28, 5, 19, 21, 31, 21, 26, 25, 28, 29, 24, 29, 26]"
2024,80,2332800,B_,0.003,0.75,180,0.9,14,11,32,0.13,"[0, 27, 25, 25, 37, 34, 23, 23, 28, 31, 40, 28, 15, 27, 22, 25, 30, 27, 24, 34, 37, 35, 29, 32, 16, 28, 31, 32, 22, 34]"
2022,80,2332800,B_,0.003,0.75,180,0.9,14,11,32,0.12,"[0, 7, 3, 6, 9, 30, 18, 27, 29, 29, 33, 41, 34, 31, 31, 30, 21, 30, 26, 31, 27, 28, 33, 35, 23, 30, 32, 40, 35, 36]"
2034,81,2332800,B_,0.003,0.75,180,0.9,14,11,32,0.055,"[0, 0, 0, 0, 0, 0, 0, 0, 0, 0, 0, 2, 0, 0, 1, 6, 8, 5, 0, 0, 0, 0, 1, 0, 2, 2, 2, 3, 2, 6]"
2025,81,2332800,B_,0.003,0.75,180,0.9,14,11,32,0.01,"[0, 0, 0, 0, 0, 0, 0, 0, 0, 0, 0, 0, 0, 0, 0, 0, 0, 0, 0, 0, 0, 0, 0, 0, 0, 0, 0, 0, 0, 0]"
2029,81,2332800,B_,0.003,0.75,180,0.9,14,11,32,0.03,"[0, 0, 0, 0, 0, 0, 0, 0, 0, 0, 0, 0, 0, 0, 0, 0, 0, 0, 0, 0, 0, 0, 0, 0, 0, 0, 0, 0, 2, 2]"
2026,81,2332800,B_,0.003,0.75,180,0.9,14,11,32,0.015,"[0, 0, 0, 0, 0, 0, 0, 0, 0, 0, 0, 0, 0, 0, 0, 0, 0, 0, 0, 0, 0, 0, 0, 0, 0, 0, 0, 0, 0, 0]"
2027,81,2332800,B_,0.003,0.75,180,0.9,14,11,32,0.02,"[0, 0, 0, 0, 0, 0, 0, 0, 0, 0, 0, 0, 0, 0, 0, 0, 0, 0, 0, 0, 0, 0, 0, 0, 0, 0, 0, 0, 0, 0]"
2028,81,2332800,B_,0.003,0.75,180,0.9,14,11,32,0.025,"[0, 0, 0, 0, 0, 0, 0, 0, 0, 0, 0, 0, 0, 0, 0, 0, 0, 0, 0, 0, 0, 0, 0, 0, 0, 0, 0, 0, 0, 0]"
2030,81,2332800,B_,0.003,0.75,180,0.9,14,11,32,0.035,"[0, 0, 0, 0, 0, 0, 0, 0, 0, 0, 0, 0, 0, 0, 0, 0, 0, 0, 0, 0, 0, 0, 0, 0, 0, 0, 0, 0, 1, 2]"
2031,81,2332800,B_,0.003,0.75,180,0.9,14,11,32,0.04,"[0, 0, 0, 0, 0, 0, 0, 0, 0, 0, 0, 0, 0, 0, 0, 0, 1, 0, 0, 0, 0, 0, 0, 0, 0, 0, 0, 0, 0, 0]"
2032,81,2332800,B_,0.003,0.75,180,0.9,14,11,32,0.045,"[0, 0, 0, 0, 1, 0, 3, 10, 5, 5, 5, 4, 0, 0, 0, 0, 0, 1, 1, 0, 0, 0, 0, 0, 0, 0, 0, 0, 0, 0]"
2033,81,2332800,B_,0.003,0.75,180,0.9,14,11,32,0.05,"[0, 0, 0, 0, 0, 0, 0, 0, 0, 0, 0, 1, 1, 4, 1, 5, 0, 7, 1, 0, 1, 2, 0, 0, 0, 1, 1, 2, 4, 5]"
2023,80,2332800,B_,0.003,0.75,180,0.9,14,11,32,0.125,"[2, 8, 35, 29, 21, 25, 26, 27, 29, 25, 48, 27, 20, 36, 29, 22, 26, 36, 19, 28, 29, 32, 28, 34, 15, 24, 36, 32, 21, 32]"
2036,81,2332800,B_,0.003,0.75,180,0.9,14,11,32,0.065,"[0, 0, 0, 0, 2, 4, 0, 2, 2, 6, 2, 3, 3, 3, 8, 11, 12, 26, 4, 8, 9, 15, 19, 16, 0, 5, 5, 0, 2, 4]"
2038,81,2332800,B_,0.003,0.75,180,0.9,14,11,32,0.075,"[0, 1, 3, 6, 6, 16, 11, 11, 27, 19, 32, 13, 6, 10, 11, 6, 13, 22, 11, 12, 15, 14, 16, 13, 3, 10, 9, 13, 10, 10]"
2035,81,2332800,B_,0.003,0.75,180,0.9,14,11,32,0.06,"[0, 0, 0, 1, 5, 2, 1, 2, 5, 5, 13, 7, 2, 1, 5, 7, 7, 8, 0, 1, 0, 8, 7, 12, 2, 3, 1, 1, 5, 5]"
2039,81,2332800,B_,0.003,0.75,180,0.9,14,11,32,0.08,"[0, 0, 0, 3, 3, 10, 0, 7, 7, 20, 27, 24, 10, 10, 9, 20, 20, 21, 5, 17, 18, 29, 17, 24, 7, 19, 26, 22, 29, 19]"
2040,81,2332800,B_,0.003,0.75,180,0.9,14,11,32,0.085,"[0, 7, 10, 18, 22, 30, 10, 19, 19, 16, 35, 19, 16, 17, 32, 24, 15, 23, 8, 22, 18, 18, 13, 26, 2, 11, 10, 12, 13, 21]"
2041,81,2332800,B_,0.003,0.75,180,0.9,14,11,32,0.09,"[0, 0, 0, 0, 0, 0, 8, 21, 22, 25, 18, 16, 7, 29, 25, 28, 25, 26, 6, 14, 18, 24, 25, 23, 7, 18, 31, 25, 22, 25]"
2042,81,2332800,B_,0.003,0.75,180,0.9,14,11,32,0.095,"[0, 0, 3, 15, 25, 19, 14, 21, 22, 25, 30, 24, 19, 27, 15, 26, 18, 24, 8, 20, 34, 18, 22, 22, 20, 31, 25, 33, 24, 31]"
2037,81,2332800,B_,0.003,0.75,180,0.9,14,11,32,0.07,"[0, 0, 0, 0, 0, 6, 0, 1, 4, 13, 10, 14, 3, 14, 14, 20, 23, 15, 3, 4, 7, 11, 16, 12, 5, 7, 6, 4, 7, 11]"
2043,81,2332800,B_,0.003,0.75,180,0.9,14,11,32,0.1,"[0, 2, 2, 18, 28, 19, 25, 24, 19, 21, 36, 18, 18, 26, 18, 27, 20, 26, 12, 23, 27, 17, 25, 19, 7, 20, 25, 23, 26, 16]"
2050,82,2332800,B_,0.003,0.75,180,0.9,14,11,32,0.01,"[0, 0, 0, 0, 0, 0, 0, 0, 0, 0, 0, 0, 0, 0, 0, 0, 0, 0, 0, 0, 0, 0, 0, 0, 0, 0, 0, 0, 0, 0]"
2045,81,2332800,B_,0.003,0.75,180,0.9,14,11,32,0.11,"[3, 4, 25, 23, 28, 23, 27, 21, 23, 26, 30, 25, 25, 27, 23, 29, 24, 36, 30, 24, 18, 31, 21, 27, 19, 29, 29, 26, 19, 27]"
2051,82,2332800,B_,0.003,0.75,180,0.9,14,11,32,0.015,"[0, 0, 0, 0, 0, 0, 0, 0, 0, 0, 0, 0, 0, 0, 0, 0, 0, 0, 0, 0, 0, 0, 0, 0, 0, 0, 0, 0, 0, 0]"
2048,81,2332800,B_,0.003,0.75,180,0.9,14,11,32,0.125,"[0, 0, 12, 27, 34, 34, 23, 26, 32, 18, 25, 25, 26, 30, 18, 27, 18, 29, 26, 36, 30, 27, 35, 32, 22, 34, 27, 29, 23, 35]"
2044,81,2332800,B_,0.003,0.75,180,0.9,14,11,32,0.105,"[0, 4, 10, 23, 32, 17, 23, 25, 25, 24, 34, 34, 14, 27, 20, 28, 22, 36, 6, 24, 33, 28, 25, 25, 18, 22, 40, 21, 25, 23]"
2046,81,2332800,B_,0.003,0.75,180,0.9,14,11,32,0.115,"[0, 15, 27, 24, 32, 31, 15, 28, 24, 26, 33, 39, 23, 35, 38, 32, 30, 27, 21, 33, 32, 30, 22, 24, 22, 29, 27, 22, 22, 29]"
2052,82,2332800,B_,0.003,0.75,180,0.9,14,11,32,0.02,"[0, 0, 0, 0, 0, 0, 0, 0, 0, 1, 0, 0, 0, 0, 0, 0, 0, 0, 0, 0, 0, 0, 0, 0, 0, 0, 0, 0, 0, 0]"
2047,81,2332800,B_,0.003,0.75,180,0.9,14,11,32,0.12,"[0, 0, 0, 4, 28, 32, 17, 37, 37, 33, 22, 34, 23, 26, 28, 30, 25, 30, 24, 29, 30, 21, 31, 36, 29, 28, 27, 26, 28, 26]"
2057,82,2332800,B_,0.003,0.75,180,0.9,14,11,32,0.045,"[0, 0, 0, 0, 0, 0, 0, 0, 0, 0, 1, 1, 0, 0, 0, 0, 0, 0, 0, 0, 0, 0, 1, 0, 0, 0, 0, 0, 1, 0]"
2053,82,2332800,B_,0.003,0.75,180,0.9,14,11,32,0.025,"[0, 0, 0, 0, 0, 0, 0, 0, 0, 0, 0, 0, 0, 0, 0, 0, 0, 0, 0, 0, 0, 0, 0, 0, 0, 0, 2, 0, 3, 0]"
2054,82,2332800,B_,0.003,0.75,180,0.9,14,11,32,0.03,"[0, 0, 0, 0, 0, 0, 0, 0, 0, 0, 0, 0, 0, 0, 0, 0, 0, 0, 0, 0, 0, 0, 0, 0, 0, 0, 2, 0, 1, 0]"
2055,82,2332800,B_,0.003,0.75,180,0.9,14,11,32,0.035,"[0, 0, 0, 0, 0, 0, 0, 0, 0, 0, 0, 0, 0, 1, 0, 0, 1, 3, 1, 1, 0, 0, 0, 1, 4, 1, 2, 4, 2, 3]"
2049,81,2332800,B_,0.003,0.75,180,0.9,14,11,32,0.13,"[2, 25, 27, 34, 38, 31, 23, 24, 24, 29, 27, 30, 31, 31, 38, 33, 28, 35, 26, 21, 33, 27, 31, 23, 22, 27, 30, 36, 23, 26]"
2062,82,2332800,B_,0.003,0.75,180,0.9,14,11,32,0.07,"[0, 5, 1, 9, 7, 9, 0, 0, 0, 1, 0, 7, 2, 6, 8, 8, 16, 11, 3, 16, 14, 18, 15, 23, 15, 14, 21, 22, 13, 11]"
2056,82,2332800,B_,0.003,0.75,180,0.9,14,11,32,0.04,"[0, 0, 1, 1, 0, 3, 0, 2, 4, 1, 0, 3, 2, 0, 2, 2, 2, 4, 0, 0, 0, 0, 0, 0, 0, 0, 0, 0, 0, 0]"
2059,82,2332800,B_,0.003,0.75,180,0.9,14,11,32,0.055,"[0, 0, 1, 2, 0, 3, 0, 0, 0, 3, 6, 5, 8, 4, 5, 9, 11, 5, 2, 4, 5, 5, 9, 11, 0, 1, 4, 2, 2, 4]"
2058,82,2332800,B_,0.003,0.75,180,0.9,14,11,32,0.05,"[0, 0, 0, 0, 0, 0, 1, 2, 10, 8, 11, 6, 1, 1, 4, 3, 4, 2, 0, 7, 4, 3, 5, 4, 1, 3, 5, 7, 10, 6]"
2064,82,2332800,B_,0.003,0.75,180,0.9,14,11,32,0.08,"[0, 1, 5, 5, 8, 8, 9, 14, 20, 19, 23, 22, 13, 15, 24, 21, 17, 26, 12, 11, 21, 21, 14, 22, 16, 12, 21, 25, 14, 17]"
2060,82,2332800,B_,0.003,0.75,180,0.9,14,11,32,0.06,"[0, 1, 1, 3, 7, 7, 3, 7, 9, 9, 15, 12, 0, 1, 0, 1, 1, 6, 0, 2, 0, 3, 3, 11, 2, 2, 3, 4, 3, 5]"
2061,82,2332800,B_,0.003,0.75,180,0.9,14,11,32,0.065,"[0, 0, 0, 2, 1, 2, 2, 2, 7, 11, 3, 10, 9, 7, 12, 14, 14, 12, 1, 1, 4, 4, 2, 2, 0, 0, 0, 0, 0, 3]"
2065,82,2332800,B_,0.003,0.75,180,0.9,14,11,32,0.085,"[0, 0, 6, 27, 18, 28, 10, 29, 22, 22, 17, 33, 13, 35, 17, 27, 19, 26, 6, 21, 20, 20, 20, 25, 17, 16, 24, 18, 22, 19]"
2063,82,2332800,B_,0.003,0.75,180,0.9,14,11,32,0.075,"[0, 0, 1, 0, 0, 0, 0, 8, 4, 9, 18, 17, 1, 2, 3, 4, 9, 6, 12, 9, 13, 11, 15, 19, 1, 12, 16, 20, 16, 21]"
2068,82,2332800,B_,0.003,0.75,180,0.9,14,11,32,0.1,"[0, 0, 0, 1, 0, 0, 0, 12, 22, 30, 29, 21, 6, 10, 21, 31, 22, 30, 13, 26, 19, 23, 22, 21, 20, 18, 27, 25, 24, 25]"
2066,82,2332800,B_,0.003,0.75,180,0.9,14,11,32,0.09,"[0, 0, 0, 0, 6, 17, 7, 15, 18, 28, 19, 27, 9, 15, 16, 26, 23, 15, 8, 21, 7, 27, 21, 24, 10, 31, 20, 20, 19, 18]"
2070,82,2332800,B_,0.003,0.75,180,0.9,14,11,32,0.11,"[7, 21, 26, 28, 16, 32, 2, 13, 20, 27, 25, 25, 23, 29, 29, 28, 25, 24, 8, 21, 22, 24, 29, 25, 22, 24, 20, 29, 23, 29]"
2067,82,2332800,B_,0.003,0.75,180,0.9,14,11,32,0.095,"[0, 0, 1, 0, 0, 10, 7, 26, 17, 25, 32, 24, 22, 25, 30, 19, 28, 23, 18, 20, 26, 20, 21, 33, 9, 11, 24, 33, 28, 21]"
2069,82,2332800,B_,0.003,0.75,180,0.9,14,11,32,0.105,"[0, 3, 13, 30, 29, 26, 14, 26, 28, 21, 19, 30, 17, 22, 29, 22, 22, 29, 16, 17, 24, 36, 24, 18, 12, 32, 23, 33, 24, 24]"
2085,83,2332800,B_,0.003,0.75,180,0.9,14,11,32,0.06,"[0, 0, 1, 1, 0, 3, 0, 0, 0, 0, 0, 0, 0, 0, 0, 1, 1, 1, 0, 2, 6, 8, 7, 11, 0, 1, 2, 5, 3, 6]"
2074,82,2332800,B_,0.003,0.75,180,0.9,14,11,32,0.13,"[10, 27, 29, 38, 26, 25, 23, 28, 28, 23, 31, 35, 31, 29, 30, 30, 27, 28, 24, 21, 36, 33, 23, 29, 20, 24, 39, 26, 27, 28]"
2075,83,2332800,B_,0.003,0.75,180,0.9,14,11,32,0.01,"[0, 0, 0, 0, 0, 0, 0, 0, 0, 0, 0, 0, 0, 0, 0, 0, 0, 0, 0, 0, 0, 0, 0, 0, 0, 0, 0, 0, 0, 0]"
2071,82,2332800,B_,0.003,0.75,180,0.9,14,11,32,0.115,"[0, 0, 21, 27, 32, 25, 9, 22, 23, 17, 21, 26, 26, 25, 24, 26, 23, 33, 13, 20, 26, 24, 14, 24, 22, 30, 31, 33, 24, 30]"
2076,83,2332800,B_,0.003,0.75,180,0.9,14,11,32,0.015,"[0, 0, 0, 0, 0, 0, 0, 0, 0, 0, 0, 0, 0, 0, 0, 0, 0, 0, 0, 0, 1, 0, 1, 0, 0, 0, 0, 0, 0, 0]"
2078,83,2332800,B_,0.003,0.75,180,0.9,14,11,32,0.025,"[0, 0, 0, 0, 0, 0, 0, 0, 0, 0, 0, 0, 0, 1, 0, 2, 0, 0, 0, 0, 0, 0, 0, 0, 0, 0, 0, 0, 0, 0]"
2077,83,2332800,B_,0.003,0.75,180,0.9,14,11,32,0.02,"[0, 0, 0, 0, 0, 0, 0, 0, 0, 0, 0, 0, 0, 0, 0, 0, 0, 0, 0, 0, 0, 0, 0, 0, 0, 0, 0, 0, 0, 0]"
2079,83,2332800,B_,0.003,0.75,180,0.9,14,11,32,0.03,"[0, 0, 0, 0, 2, 2, 0, 0, 0, 0, 0, 0, 0, 0, 0, 0, 0, 0, 0, 0, 0, 0, 1, 0, 0, 0, 0, 0, 0, 0]"
2072,82,2332800,B_,0.003,0.75,180,0.9,14,11,32,0.12,"[0, 0, 19, 35, 34, 20, 11, 16, 26, 32, 27, 29, 22, 32, 24, 37, 24, 31, 18, 22, 36, 20, 32, 29, 30, 29, 24, 32, 21, 29]"
2080,83,2332800,B_,0.003,0.75,180,0.9,14,11,32,0.035,"[0, 0, 0, 0, 0, 0, 0, 0, 0, 0, 0, 1, 0, 0, 0, 0, 0, 0, 0, 0, 0, 1, 0, 1, 0, 0, 1, 1, 0, 2]"
2081,83,2332800,B_,0.003,0.75,180,0.9,14,11,32,0.04,"[0, 0, 0, 0, 0, 0, 1, 0, 0, 0, 0, 0, 0, 1, 3, 0, 2, 1, 0, 0, 0, 2, 0, 2, 0, 0, 0, 0, 0, 0]"
2082,83,2332800,B_,0.003,0.75,180,0.9,14,11,32,0.045,"[0, 0, 0, 0, 0, 0, 0, 1, 0, 0, 0, 0, 0, 0, 0, 0, 0, 0, 0, 0, 0, 1, 0, 1, 0, 0, 0, 0, 0, 0]"
2086,83,2332800,B_,0.003,0.75,180,0.9,14,11,32,0.065,"[0, 0, 0, 0, 0, 0, 0, 0, 0, 0, 0, 0, 0, 0, 0, 0, 0, 0, 0, 2, 6, 5, 8, 8, 4, 8, 12, 18, 8, 13]"
2073,82,2332800,B_,0.003,0.75,180,0.9,14,11,32,0.125,"[0, 1, 0, 13, 22, 31, 18, 25, 43, 28, 25, 32, 27, 32, 31, 34, 25, 19, 15, 29, 30, 32, 33, 34, 19, 26, 23, 35, 27, 30]"
2084,83,2332800,B_,0.003,0.75,180,0.9,14,11,32,0.055,"[0, 0, 0, 0, 0, 0, 0, 2, 4, 1, 5, 2, 1, 0, 0, 0, 1, 1, 1, 0, 3, 0, 2, 4, 0, 0, 1, 0, 0, 1]"
2083,83,2332800,B_,0.003,0.75,180,0.9,14,11,32,0.05,"[0, 0, 0, 0, 0, 0, 0, 0, 3, 4, 3, 5, 1, 2, 2, 3, 6, 6, 1, 3, 6, 2, 5, 2, 3, 0, 1, 6, 3, 3]"
2088,83,2332800,B_,0.003,0.75,180,0.9,14,11,32,0.075,"[0, 4, 7, 7, 8, 12, 3, 2, 2, 7, 9, 7, 3, 7, 6, 9, 13, 9, 9, 12, 10, 12, 14, 21, 5, 12, 14, 19, 22, 19]"
2089,83,2332800,B_,0.003,0.75,180,0.9,14,11,32,0.08,"[0, 11, 4, 11, 21, 16, 2, 10, 20, 17, 19, 25, 12, 14, 20, 17, 25, 19, 7, 8, 5, 13, 9, 18, 6, 12, 15, 18, 27, 30]"
2091,83,2332800,B_,0.003,0.75,180,0.9,14,11,32,0.09,"[3, 3, 7, 9, 16, 18, 11, 17, 18, 17, 31, 32, 3, 4, 9, 20, 21, 23, 2, 10, 4, 16, 23, 27, 6, 14, 18, 24, 17, 30]"
2090,83,2332800,B_,0.003,0.75,180,0.9,14,11,32,0.085,"[0, 7, 9, 20, 25, 18, 10, 18, 26, 18, 27, 24, 4, 6, 7, 5, 14, 23, 7, 10, 22, 15, 23, 24, 14, 16, 26, 28, 15, 24]"
2087,83,2332800,B_,0.003,0.75,180,0.9,14,11,32,0.07,"[0, 0, 0, 2, 8, 14, 4, 6, 8, 10, 12, 10, 4, 0, 1, 1, 2, 5, 0, 0, 0, 1, 1, 4, 0, 6, 7, 12, 10, 13]"
2093,83,2332800,B_,0.003,0.75,180,0.9,14,11,32,0.1,"[0, 0, 0, 12, 32, 24, 6, 20, 35, 26, 28, 25, 8, 25, 34, 33, 20, 28, 14, 23, 24, 28, 17, 41, 19, 37, 26, 24, 27, 31]"
2092,83,2332800,B_,0.003,0.75,180,0.9,14,11,32,0.095,"[0, 0, 1, 12, 28, 24, 9, 17, 24, 25, 35, 38, 19, 23, 19, 25, 24, 27, 2, 13, 30, 17, 28, 32, 11, 16, 26, 28, 34, 23]"
2094,83,2332800,B_,0.003,0.75,180,0.9,14,11,32,0.105,"[20, 27, 31, 33, 34, 31, 7, 28, 28, 29, 36, 27, 14, 26, 28, 25, 26, 24, 9, 25, 32, 20, 27, 28, 20, 33, 25, 35, 25, 31]"
2095,83,2332800,B_,0.003,0.75,180,0.9,14,11,32,0.11,"[6, 10, 17, 28, 44, 35, 30, 17, 27, 22, 33, 35, 24, 29, 24, 27, 30, 22, 18, 18, 33, 28, 19, 21, 6, 8, 27, 31, 29, 25]"
2096,83,2332800,B_,0.003,0.75,180,0.9,14,11,32,0.115,"[5, 6, 5, 23, 32, 42, 19, 27, 32, 22, 26, 26, 16, 33, 23, 31, 20, 22, 11, 37, 35, 27, 30, 31, 20, 32, 26, 31, 25, 28]"
2097,83,2332800,B_,0.003,0.75,180,0.9,14,11,32,0.12,"[0, 0, 9, 22, 39, 32, 21, 34, 26, 20, 28, 31, 17, 33, 25, 27, 32, 32, 28, 24, 25, 29, 30, 25, 21, 29, 26, 41, 26, 25]"
2102,84,2332800,B_,0.003,0.75,180,0.9,14,11,32,0.02,"[0, 0, 0, 0, 0, 0, 0, 0, 0, 0, 0, 0, 0, 0, 0, 0, 0, 0, 0, 0, 0, 0, 0, 0, 0, 0, 0, 0, 0, 0]"
2107,84,2332800,B_,0.003,0.75,180,0.9,14,11,32,0.045,"[0, 0, 0, 0, 0, 0, 0, 0, 1, 0, 0, 0, 0, 0, 1, 0, 1, 3, 2, 1, 4, 4, 1, 3, 0, 0, 0, 0, 0, 0]"
2100,84,2332800,B_,0.003,0.75,180,0.9,14,11,32,0.01,"[0, 0, 0, 0, 0, 0, 0, 0, 0, 0, 0, 0, 0, 0, 0, 0, 0, 0, 0, 0, 0, 0, 0, 0, 0, 0, 0, 0, 0, 0]"
2101,84,2332800,B_,0.003,0.75,180,0.9,14,11,32,0.015,"[0, 0, 0, 0, 0, 0, 0, 0, 0, 0, 0, 0, 0, 0, 0, 0, 0, 0, 0, 0, 0, 0, 0, 0, 0, 0, 0, 0, 0, 0]"
2099,83,2332800,B_,0.003,0.75,180,0.9,14,11,32,0.13,"[0, 11, 29, 34, 28, 26, 25, 24, 29, 30, 25, 31, 19, 38, 29, 25, 29, 30, 30, 27, 33, 31, 31, 30, 17, 41, 28, 26, 20, 29]"
2103,84,2332800,B_,0.003,0.75,180,0.9,14,11,32,0.025,"[0, 0, 0, 0, 0, 0, 0, 0, 0, 0, 0, 0, 0, 0, 0, 0, 0, 0, 0, 0, 0, 0, 0, 0, 0, 0, 0, 0, 0, 0]"
2098,83,2332800,B_,0.003,0.75,180,0.9,14,11,32,0.125,"[0, 0, 3, 11, 28, 32, 27, 20, 30, 31, 31, 27, 22, 36, 29, 24, 31, 32, 21, 24, 26, 33, 20, 30, 24, 39, 31, 34, 24, 38]"
2106,84,2332800,B_,0.003,0.75,180,0.9,14,11,32,0.04,"[0, 0, 0, 0, 0, 0, 0, 0, 0, 0, 0, 0, 0, 0, 0, 0, 0, 1, 0, 0, 0, 0, 1, 1, 0, 2, 0, 0, 0, 2]"
2104,84,2332800,B_,0.003,0.75,180,0.9,14,11,32,0.03,"[0, 0, 1, 0, 0, 0, 0, 1, 0, 0, 0, 0, 0, 0, 0, 0, 0, 0, 0, 0, 0, 0, 0, 0, 0, 0, 0, 0, 0, 0]"
2105,84,2332800,B_,0.003,0.75,180,0.9,14,11,32,0.035,"[0, 0, 0, 0, 0, 0, 0, 0, 0, 0, 0, 0, 0, 0, 0, 0, 0, 0, 0, 0, 2, 0, 0, 2, 0, 0, 0, 0, 0, 0]"
2111,84,2332800,B_,0.003,0.75,180,0.9,14,11,32,0.065,"[0, 0, 3, 3, 6, 5, 3, 5, 8, 7, 9, 8, 1, 10, 11, 2, 6, 14, 0, 3, 2, 7, 9, 10, 2, 5, 5, 8, 4, 6]"
2108,84,2332800,B_,0.003,0.75,180,0.9,14,11,32,0.05,"[0, 0, 0, 0, 2, 1, 0, 0, 0, 0, 0, 0, 0, 0, 2, 2, 3, 6, 3, 3, 7, 10, 5, 10, 0, 0, 0, 0, 0, 0]"
2114,84,2332800,B_,0.003,0.75,180,0.9,14,11,32,0.08,"[0, 1, 2, 3, 5, 2, 4, 3, 6, 7, 7, 8, 6, 7, 11, 8, 12, 21, 9, 16, 17, 15, 20, 26, 5, 11, 10, 18, 20, 26]"
2109,84,2332800,B_,0.003,0.75,180,0.9,14,11,32,0.055,"[0, 0, 0, 0, 0, 0, 0, 0, 2, 2, 1, 0, 0, 0, 3, 2, 3, 2, 0, 0, 0, 0, 0, 0, 0, 0, 0, 0, 0, 0]"
2110,84,2332800,B_,0.003,0.75,180,0.9,14,11,32,0.06,"[0, 0, 3, 3, 4, 11, 0, 0, 0, 1, 0, 0, 0, 1, 0, 0, 0, 1, 3, 5, 3, 8, 2, 8, 1, 5, 6, 5, 3, 7]"
2113,84,2332800,B_,0.003,0.75,180,0.9,14,11,32,0.075,"[0, 0, 0, 0, 0, 0, 0, 0, 0, 0, 0, 0, 0, 2, 4, 5, 7, 7, 0, 2, 6, 9, 12, 31, 0, 9, 17, 14, 20, 26]"
2116,84,2332800,B_,0.003,0.75,180,0.9,14,11,32,0.09,"[0, 0, 0, 0, 0, 0, 0, 4, 6, 6, 8, 8, 0, 5, 8, 18, 19, 17, 12, 20, 18, 24, 12, 25, 18, 13, 33, 31, 20, 24]"
2112,84,2332800,B_,0.003,0.75,180,0.9,14,11,32,0.07,"[0, 0, 6, 10, 11, 12, 2, 0, 1, 1, 6, 11, 2, 9, 7, 8, 10, 14, 3, 4, 13, 8, 18, 18, 4, 9, 8, 15, 26, 12]"
2115,84,2332800,B_,0.003,0.75,180,0.9,14,11,32,0.085,"[2, 2, 9, 5, 5, 21, 8, 10, 22, 25, 19, 15, 10, 16, 13, 24, 26, 18, 14, 13, 23, 17, 17, 29, 7, 19, 24, 20, 15, 14]"
2118,84,2332800,B_,0.003,0.75,180,0.9,14,11,32,0.1,"[0, 0, 0, 0, 0, 23, 11, 30, 17, 22, 21, 21, 15, 24, 36, 26, 29, 29, 11, 25, 27, 23, 12, 31, 17, 21, 18, 31, 37, 18]"
2117,84,2332800,B_,0.003,0.75,180,0.9,14,11,32,0.095,"[1, 0, 1, 28, 30, 33, 8, 22, 18, 17, 24, 28, 20, 27, 15, 30, 20, 21, 24, 23, 20, 20, 13, 19, 14, 20, 34, 33, 19, 21]"
2121,84,2332800,B_,0.003,0.75,180,0.9,14,11,32,0.115,"[0, 0, 1, 3, 18, 27, 23, 24, 29, 26, 34, 25, 26, 31, 30, 28, 25, 35, 29, 27, 31, 30, 32, 26, 20, 31, 31, 16, 26, 22]"
2133,85,2332800,B_,0.003,0.75,180,0.9,14,11,32,0.05,"[0, 0, 1, 0, 2, 0, 0, 0, 0, 1, 3, 2, 0, 0, 0, 0, 0, 1, 0, 0, 2, 3, 2, 2, 1, 0, 0, 0, 0, 0]"
2122,84,2332800,B_,0.003,0.75,180,0.9,14,11,32,0.12,"[10, 23, 25, 27, 27, 30, 18, 29, 29, 27, 41, 28, 28, 22, 18, 30, 26, 28, 20, 38, 26, 31, 21, 31, 19, 34, 20, 37, 29, 35]"
2119,84,2332800,B_,0.003,0.75,180,0.9,14,11,32,0.105,"[0, 7, 28, 29, 30, 19, 16, 22, 33, 25, 29, 37, 13, 23, 33, 22, 21, 27, 17, 18, 25, 27, 32, 30, 27, 19, 25, 26, 29, 25]"
2137,85,2332800,B_,0.003,0.75,180,0.9,14,11,32,0.07,"[0, 0, 0, 2, 7, 1, 5, 12, 17, 16, 13, 15, 6, 10, 10, 6, 10, 16, 1, 4, 5, 10, 10, 22, 1, 6, 10, 10, 12, 9]"
2120,84,2332800,B_,0.003,0.75,180,0.9,14,11,32,0.11,"[0, 4, 13, 38, 25, 32, 23, 32, 24, 29, 29, 25, 9, 33, 30, 17, 24, 29, 11, 22, 28, 20, 19, 29, 18, 28, 23, 25, 19, 34]"
2125,85,2332800,B_,0.003,0.75,180,0.9,14,11,32,0.01,"[0, 0, 0, 0, 0, 0, 0, 0, 0, 0, 0, 0, 0, 0, 0, 0, 0, 0, 0, 0, 0, 0, 0, 0, 0, 0, 0, 0, 0, 0]"
2127,85,2332800,B_,0.003,0.75,180,0.9,14,11,32,0.02,"[0, 0, 0, 0, 0, 0, 0, 0, 0, 1, 0, 1, 0, 0, 0, 0, 0, 0, 0, 0, 0, 0, 0, 0, 0, 0, 0, 0, 1, 0]"
2126,85,2332800,B_,0.003,0.75,180,0.9,14,11,32,0.015,"[0, 0, 0, 0, 0, 0, 0, 0, 0, 0, 0, 1, 0, 1, 0, 0, 0, 0, 0, 0, 0, 0, 0, 0, 0, 0, 0, 0, 0, 0]"
2128,85,2332800,B_,0.003,0.75,180,0.9,14,11,32,0.025,"[0, 0, 0, 0, 0, 0, 0, 0, 0, 0, 0, 0, 0, 0, 0, 0, 0, 0, 0, 0, 0, 0, 0, 0, 0, 0, 0, 0, 1, 1]"
2129,85,2332800,B_,0.003,0.75,180,0.9,14,11,32,0.03,"[0, 0, 0, 0, 0, 1, 0, 0, 0, 0, 0, 0, 0, 0, 0, 0, 0, 0, 0, 0, 0, 0, 0, 0, 0, 0, 0, 0, 0, 0]"
2138,85,2332800,B_,0.003,0.75,180,0.9,14,11,32,0.075,"[0, 0, 0, 0, 2, 3, 0, 1, 0, 0, 6, 6, 1, 4, 8, 6, 16, 24, 3, 4, 4, 10, 15, 21, 11, 14, 20, 19, 19, 19]"
2130,85,2332800,B_,0.003,0.75,180,0.9,14,11,32,0.035,"[0, 0, 0, 0, 0, 0, 0, 0, 0, 0, 0, 0, 0, 0, 0, 0, 0, 0, 0, 0, 0, 0, 0, 0, 1, 1, 1, 0, 3, 2]"
2131,85,2332800,B_,0.003,0.75,180,0.9,14,11,32,0.04,"[0, 0, 0, 2, 2, 2, 1, 0, 4, 2, 2, 8, 1, 0, 0, 0, 0, 0, 1, 0, 2, 2, 0, 0, 0, 2, 2, 1, 0, 3]"
2132,85,2332800,B_,0.003,0.75,180,0.9,14,11,32,0.045,"[0, 0, 0, 0, 0, 0, 0, 2, 4, 1, 1, 7, 0, 0, 0, 0, 0, 2, 1, 0, 2, 5, 4, 3, 1, 1, 4, 4, 5, 1]"
2139,85,2332800,B_,0.003,0.75,180,0.9,14,11,32,0.08,"[0, 0, 1, 4, 18, 15, 5, 10, 17, 16, 19, 29, 2, 15, 17, 22, 14, 30, 6, 11, 14, 24, 18, 16, 1, 9, 8, 16, 15, 21]"
2134,85,2332800,B_,0.003,0.75,180,0.9,14,11,32,0.055,"[0, 0, 0, 0, 0, 3, 1, 0, 4, 2, 6, 6, 0, 0, 0, 0, 0, 3, 1, 2, 3, 0, 5, 4, 1, 4, 3, 4, 9, 11]"
2135,85,2332800,B_,0.003,0.75,180,0.9,14,11,32,0.06,"[0, 0, 1, 2, 1, 3, 0, 0, 0, 0, 0, 0, 0, 0, 0, 0, 0, 1, 0, 0, 0, 0, 0, 3, 0, 3, 1, 3, 2, 8]"
2140,85,2332800,B_,0.003,0.75,180,0.9,14,11,32,0.085,"[0, 0, 0, 0, 0, 2, 0, 0, 2, 11, 17, 22, 10, 17, 18, 33, 29, 23, 8, 21, 21, 24, 16, 31, 8, 16, 22, 23, 26, 22]"
2123,84,2332800,B_,0.003,0.75,180,0.9,14,11,32,0.125,"[1, 29, 33, 39, 31, 33, 20, 33, 35, 24, 37, 28, 22, 20, 34, 33, 23, 37, 24, 21, 32, 34, 36, 26, 25, 27, 30, 34, 33, 30]"
2136,85,2332800,B_,0.003,0.75,180,0.9,14,11,32,0.065,"[0, 0, 4, 3, 2, 8, 2, 10, 15, 13, 16, 15, 3, 4, 9, 5, 9, 11, 1, 0, 0, 0, 0, 0, 0, 0, 0, 0, 1, 3]"
2124,84,2332800,B_,0.003,0.75,180,0.9,14,11,32,0.13,"[6, 27, 24, 29, 32, 21, 23, 28, 33, 24, 29, 34, 19, 52, 30, 37, 30, 28, 25, 31, 24, 21, 33, 34, 27, 25, 30, 41, 31, 26]"
2142,85,2332800,B_,0.003,0.75,180,0.9,14,11,32,0.095,"[1, 15, 18, 20, 45, 29, 16, 16, 25, 25, 23, 32, 6, 7, 6, 24, 14, 24, 20, 24, 25, 24, 25, 21, 12, 11, 28, 23, 22, 30]"
2141,85,2332800,B_,0.003,0.75,180,0.9,14,11,32,0.09,"[0, 0, 2, 12, 14, 26, 0, 11, 19, 22, 28, 18, 3, 8, 11, 19, 27, 19, 20, 21, 29, 22, 21, 19, 7, 25, 25, 27, 22, 29]"
2145,85,2332800,B_,0.003,0.75,180,0.9,14,11,32,0.11,"[0, 1, 18, 23, 29, 30, 0, 10, 32, 26, 27, 35, 21, 34, 24, 23, 23, 27, 10, 24, 25, 31, 21, 21, 33, 18, 29, 29, 27, 22]"
2144,85,2332800,B_,0.003,0.75,180,0.9,14,11,32,0.105,"[0, 3, 10, 29, 24, 24, 7, 20, 34, 24, 30, 24, 23, 25, 20, 28, 20, 33, 11, 19, 23, 19, 11, 22, 11, 25, 21, 22, 28, 23]"
2146,85,2332800,B_,0.003,0.75,180,0.9,14,11,32,0.115,"[0, 0, 0, 14, 32, 32, 15, 23, 24, 20, 27, 20, 15, 37, 30, 37, 25, 33, 21, 19, 27, 29, 24, 34, 20, 28, 26, 24, 23, 23]"
2147,85,2332800,B_,0.003,0.75,180,0.9,14,11,32,0.12,"[0, 1, 10, 30, 28, 19, 3, 36, 27, 34, 34, 27, 29, 32, 25, 28, 24, 26, 17, 27, 33, 27, 24, 33, 16, 23, 31, 28, 25, 26]"
2143,85,2332800,B_,0.003,0.75,180,0.9,14,11,32,0.1,"[0, 0, 5, 11, 24, 16, 22, 13, 26, 20, 30, 31, 10, 29, 21, 25, 26, 22, 19, 28, 21, 37, 19, 24, 11, 15, 37, 26, 29, 27]"
2152,86,2332800,B_,0.003,0.75,180,0.9,14,11,32,0.02,"[0, 0, 0, 0, 0, 0, 0, 0, 0, 1, 0, 0, 0, 0, 0, 0, 0, 0, 0, 0, 0, 0, 0, 0, 0, 0, 0, 0, 0, 0]"
2149,85,2332800,B_,0.003,0.75,180,0.9,14,11,32,0.13,"[0, 0, 2, 34, 27, 35, 19, 29, 31, 35, 35, 29, 29, 32, 29, 30, 25, 29, 32, 19, 34, 26, 29, 27, 24, 22, 28, 31, 25, 38]"
2158,86,2332800,B_,0.003,0.75,180,0.9,14,11,32,0.05,"[0, 0, 0, 0, 0, 0, 0, 0, 0, 0, 0, 0, 0, 0, 0, 1, 1, 1, 0, 0, 0, 0, 1, 2, 0, 0, 0, 0, 0, 0]"
2151,86,2332800,B_,0.003,0.75,180,0.9,14,11,32,0.015,"[0, 0, 0, 0, 0, 0, 0, 0, 0, 0, 1, 0, 0, 0, 0, 0, 0, 0, 0, 0, 0, 0, 0, 0, 0, 0, 0, 0, 0, 0]"
2150,86,2332800,B_,0.003,0.75,180,0.9,14,11,32,0.01,"[0, 0, 0, 0, 0, 0, 0, 0, 0, 0, 0, 0, 0, 0, 0, 0, 0, 0, 0, 0, 0, 0, 0, 0, 0, 0, 0, 0, 0, 0]"
2148,85,2332800,B_,0.003,0.75,180,0.9,14,11,32,0.125,"[30, 35, 30, 32, 33, 35, 26, 29, 34, 29, 23, 26, 26, 36, 29, 30, 26, 34, 27, 23, 34, 22, 26, 34, 21, 28, 32, 33, 35, 23]"
2153,86,2332800,B_,0.003,0.75,180,0.9,14,11,32,0.025,"[0, 0, 0, 0, 0, 0, 0, 0, 0, 0, 0, 0, 0, 0, 0, 0, 0, 0, 0, 0, 1, 0, 1, 0, 0, 0, 0, 0, 0, 0]"
2154,86,2332800,B_,0.003,0.75,180,0.9,14,11,32,0.03,"[0, 0, 0, 0, 0, 0, 0, 0, 0, 0, 0, 0, 0, 0, 0, 0, 0, 0, 0, 0, 0, 0, 0, 0, 0, 0, 0, 0, 0, 0]"
2155,86,2332800,B_,0.003,0.75,180,0.9,14,11,32,0.035,"[0, 0, 1, 0, 0, 0, 0, 0, 1, 3, 2, 2, 0, 0, 0, 0, 0, 0, 0, 0, 0, 0, 0, 0, 0, 0, 0, 0, 0, 0]"
2157,86,2332800,B_,0.003,0.75,180,0.9,14,11,32,0.045,"[0, 0, 0, 0, 0, 0, 0, 0, 0, 0, 1, 0, 0, 0, 0, 0, 0, 0, 0, 0, 0, 0, 1, 3, 0, 0, 0, 0, 0, 2]"
2156,86,2332800,B_,0.003,0.75,180,0.9,14,11,32,0.04,"[0, 0, 0, 0, 0, 0, 1, 2, 4, 2, 4, 2, 1, 0, 0, 2, 1, 1, 0, 1, 3, 0, 1, 5, 0, 0, 0, 0, 0, 0]"
2160,86,2332800,B_,0.003,0.75,180,0.9,14,11,32,0.06,"[0, 0, 0, 0, 0, 0, 5, 5, 4, 5, 7, 7, 5, 9, 13, 21, 17, 20, 3, 2, 9, 8, 11, 8, 2, 8, 12, 7, 9, 11]"
2159,86,2332800,B_,0.003,0.75,180,0.9,14,11,32,0.055,"[0, 0, 0, 0, 0, 2, 0, 0, 3, 2, 5, 2, 0, 0, 0, 0, 0, 0, 0, 0, 0, 0, 0, 0, 0, 0, 0, 0, 0, 0]"
2164,86,2332800,B_,0.003,0.75,180,0.9,14,11,32,0.08,"[0, 0, 0, 1, 3, 11, 5, 8, 9, 19, 28, 21, 7, 10, 19, 20, 12, 25, 5, 8, 15, 8, 14, 21, 17, 15, 14, 13, 10, 17]"
2161,86,2332800,B_,0.003,0.75,180,0.9,14,11,32,0.065,"[0, 1, 0, 2, 2, 7, 1, 4, 4, 5, 4, 5, 0, 2, 7, 7, 11, 9, 2, 6, 10, 10, 12, 16, 2, 4, 5, 6, 9, 8]"
2162,86,2332800,B_,0.003,0.75,180,0.9,14,11,32,0.07,"[0, 0, 0, 0, 0, 1, 1, 0, 6, 5, 12, 13, 2, 4, 4, 4, 13, 21, 6, 8, 11, 16, 14, 9, 4, 7, 18, 19, 12, 22]"
2163,86,2332800,B_,0.003,0.75,180,0.9,14,11,32,0.075,"[0, 0, 0, 0, 0, 1, 0, 1, 7, 7, 18, 18, 5, 10, 11, 13, 20, 22, 10, 12, 14, 17, 14, 13, 3, 9, 10, 18, 7, 19]"
2167,86,2332800,B_,0.003,0.75,180,0.9,14,11,32,0.095,"[0, 0, 0, 5, 3, 6, 1, 8, 21, 31, 30, 23, 13, 25, 24, 23, 23, 28, 20, 24, 29, 33, 17, 28, 16, 21, 21, 29, 18, 30]"
2165,86,2332800,B_,0.003,0.75,180,0.9,14,11,32,0.085,"[7, 10, 7, 12, 9, 19, 1, 1, 2, 13, 21, 20, 12, 18, 28, 18, 25, 24, 10, 15, 18, 25, 23, 29, 12, 20, 18, 34, 26, 24]"
2166,86,2332800,B_,0.003,0.75,180,0.9,14,11,32,0.09,"[2, 6, 10, 11, 20, 28, 8, 19, 22, 15, 26, 26, 10, 20, 26, 28, 17, 31, 20, 23, 22, 19, 15, 25, 6, 21, 21, 30, 17, 29]"
2169,86,2332800,B_,0.003,0.75,180,0.9,14,11,32,0.105,"[0, 0, 0, 10, 13, 27, 16, 22, 34, 14, 30, 19, 3, 12, 19, 29, 36, 29, 8, 16, 26, 23, 19, 34, 4, 26, 24, 28, 14, 19]"
2170,86,2332800,B_,0.003,0.75,180,0.9,14,11,32,0.11,"[0, 2, 16, 24, 24, 32, 16, 28, 28, 28, 27, 42, 18, 35, 26, 33, 21, 28, 22, 19, 31, 20, 23, 32, 14, 27, 23, 24, 22, 27]"
2171,86,2332800,B_,0.003,0.75,180,0.9,14,11,32,0.115,"[5, 12, 19, 27, 28, 31, 24, 18, 28, 21, 34, 34, 27, 32, 36, 27, 24, 24, 23, 26, 33, 24, 28, 40, 24, 23, 24, 44, 33, 27]"
2180,87,2332800,B_,0.003,0.75,180,0.9,14,11,32,0.035,"[0, 0, 0, 0, 0, 0, 0, 0, 0, 0, 0, 0, 0, 0, 0, 0, 0, 0, 0, 0, 0, 0, 0, 0, 0, 0, 0, 0, 0, 0]"
2168,86,2332800,B_,0.003,0.75,180,0.9,14,11,32,0.1,"[5, 20, 34, 25, 28, 33, 8, 24, 26, 13, 32, 23, 23, 34, 25, 28, 25, 36, 13, 21, 25, 31, 26, 29, 13, 16, 20, 24, 25, 18]"
2184,87,2332800,B_,0.003,0.75,180,0.9,14,11,32,0.055,"[0, 0, 0, 0, 0, 0, 0, 0, 0, 1, 0, 0, 0, 1, 1, 1, 0, 2, 0, 0, 1, 0, 2, 0, 0, 0, 0, 0, 0, 0]"
2173,86,2332800,B_,0.003,0.75,180,0.9,14,11,32,0.125,"[0, 11, 22, 32, 26, 27, 20, 26, 28, 31, 25, 30, 26, 44, 30, 35, 26, 40, 15, 17, 27, 30, 29, 31, 28, 30, 35, 30, 27, 30]"
2187,87,2332800,B_,0.003,0.75,180,0.9,14,11,32,0.07,"[0, 2, 3, 6, 6, 5, 1, 0, 0, 0, 4, 9, 9, 7, 10, 10, 15, 28, 2, 7, 16, 15, 22, 19, 4, 10, 21, 23, 24, 23]"
2175,87,2332800,B_,0.003,0.75,180,0.9,14,11,32,0.01,"[0, 0, 0, 0, 0, 0, 0, 0, 0, 0, 0, 0, 0, 0, 0, 0, 0, 0, 0, 0, 0, 0, 0, 0, 0, 0, 0, 0, 0, 0]"
2177,87,2332800,B_,0.003,0.75,180,0.9,14,11,32,0.02,"[0, 0, 0, 0, 0, 0, 0, 0, 0, 0, 0, 0, 0, 0, 0, 0, 0, 0, 0, 0, 0, 0, 0, 0, 0, 0, 0, 0, 0, 0]"
2176,87,2332800,B_,0.003,0.75,180,0.9,14,11,32,0.015,"[0, 0, 0, 0, 0, 0, 0, 0, 0, 0, 0, 0, 0, 0, 0, 0, 0, 0, 0, 0, 0, 0, 0, 0, 0, 0, 0, 0, 0, 0]"
2178,87,2332800,B_,0.003,0.75,180,0.9,14,11,32,0.025,"[0, 0, 0, 0, 0, 0, 0, 0, 0, 0, 0, 0, 0, 0, 0, 0, 0, 1, 0, 0, 0, 0, 0, 0, 0, 0, 0, 0, 0, 0]"
2179,87,2332800,B_,0.003,0.75,180,0.9,14,11,32,0.03,"[0, 0, 0, 0, 0, 0, 0, 0, 0, 0, 0, 0, 0, 0, 0, 0, 0, 0, 0, 0, 0, 0, 0, 0, 0, 0, 0, 0, 0, 0]"
2172,86,2332800,B_,0.003,0.75,180,0.9,14,11,32,0.12,"[0, 0, 15, 31, 27, 29, 14, 36, 25, 27, 41, 15, 27, 35, 27, 23, 27, 30, 24, 21, 27, 20, 31, 25, 24, 21, 32, 28, 27, 33]"
2181,87,2332800,B_,0.003,0.75,180,0.9,14,11,32,0.04,"[0, 0, 0, 0, 0, 0, 0, 0, 0, 0, 0, 0, 0, 0, 0, 0, 0, 0, 0, 0, 0, 0, 1, 0, 0, 0, 0, 0, 0, 0]"
2182,87,2332800,B_,0.003,0.75,180,0.9,14,11,32,0.045,"[0, 0, 0, 1, 3, 3, 1, 0, 0, 3, 3, 4, 2, 0, 1, 2, 0, 1, 0, 2, 2, 4, 2, 2, 2, 3, 1, 3, 2, 4]"
2183,87,2332800,B_,0.003,0.75,180,0.9,14,11,32,0.05,"[0, 0, 0, 0, 0, 0, 0, 0, 0, 0, 0, 0, 0, 0, 4, 5, 2, 4, 2, 1, 2, 2, 1, 7, 2, 2, 3, 5, 1, 3]"
2185,87,2332800,B_,0.003,0.75,180,0.9,14,11,32,0.06,"[0, 0, 0, 0, 0, 3, 0, 0, 1, 1, 2, 1, 1, 0, 4, 0, 1, 0, 0, 0, 0, 1, 2, 2, 0, 0, 0, 0, 0, 0]"
2174,86,2332800,B_,0.003,0.75,180,0.9,14,11,32,0.13,"[23, 25, 29, 39, 37, 35, 26, 30, 28, 27, 30, 30, 27, 36, 32, 30, 29, 30, 22, 23, 30, 34, 17, 39, 20, 38, 31, 30, 26, 39]"
2186,87,2332800,B_,0.003,0.75,180,0.9,14,11,32,0.065,"[0, 0, 0, 2, 4, 2, 0, 0, 0, 1, 1, 4, 3, 2, 3, 1, 5, 12, 1, 11, 2, 9, 6, 12, 5, 4, 8, 5, 8, 9]"
2188,87,2332800,B_,0.003,0.75,180,0.9,14,11,32,0.075,"[0, 0, 1, 0, 1, 1, 0, 0, 0, 1, 12, 19, 8, 20, 30, 24, 19, 19, 6, 13, 21, 15, 18, 20, 5, 13, 17, 26, 12, 16]"
2191,87,2332800,B_,0.003,0.75,180,0.9,14,11,32,0.09,"[0, 0, 0, 0, 0, 0, 6, 15, 21, 28, 25, 31, 4, 14, 23, 25, 18, 20, 6, 11, 23, 23, 21, 32, 7, 18, 20, 29, 12, 23]"
2189,87,2332800,B_,0.003,0.75,180,0.9,14,11,32,0.08,"[7, 12, 10, 21, 20, 21, 12, 13, 7, 19, 24, 22, 4, 13, 12, 11, 15, 23, 10, 12, 19, 19, 20, 20, 1, 4, 9, 9, 7, 14]"
2190,87,2332800,B_,0.003,0.75,180,0.9,14,11,32,0.085,"[0, 3, 9, 11, 22, 29, 9, 20, 19, 25, 19, 24, 12, 19, 19, 16, 28, 23, 16, 20, 20, 15, 27, 24, 5, 16, 18, 26, 16, 24]"
2194,87,2332800,B_,0.003,0.75,180,0.9,14,11,32,0.105,"[0, 7, 17, 21, 26, 16, 8, 21, 28, 28, 25, 34, 7, 27, 20, 22, 26, 34, 17, 17, 26, 22, 22, 28, 16, 33, 23, 29, 26, 23]"
2193,87,2332800,B_,0.003,0.75,180,0.9,14,11,32,0.1,"[0, 4, 8, 22, 27, 18, 14, 23, 21, 24, 23, 29, 20, 26, 31, 28, 27, 27, 11, 18, 33, 15, 19, 28, 17, 28, 25, 24, 23, 27]"
2195,87,2332800,B_,0.003,0.75,180,0.9,14,11,32,0.11,"[0, 0, 0, 0, 0, 5, 7, 25, 23, 31, 27, 22, 22, 24, 25, 23, 27, 27, 25, 23, 31, 35, 23, 24, 18, 30, 26, 30, 29, 28]"
2196,87,2332800,B_,0.003,0.75,180,0.9,14,11,32,0.115,"[4, 4, 25, 32, 23, 19, 27, 31, 32, 25, 27, 25, 19, 30, 28, 28, 31, 30, 28, 28, 34, 32, 27, 24, 28, 29, 36, 28, 28, 28]"
2192,87,2332800,B_,0.003,0.75,180,0.9,14,11,32,0.095,"[3, 2, 7, 28, 27, 23, 3, 15, 21, 17, 26, 21, 3, 13, 25, 24, 22, 17, 5, 23, 25, 20, 29, 25, 10, 23, 34, 23, 23, 27]"
2200,88,2332800,B_,0.003,0.75,180,0.9,14,11,32,0.01,"[0, 0, 0, 0, 0, 0, 0, 0, 0, 0, 0, 0, 0, 0, 0, 0, 0, 0, 0, 0, 0, 0, 0, 0, 0, 0, 0, 0, 0, 0]"
2198,87,2332800,B_,0.003,0.75,180,0.9,14,11,32,0.125,"[0, 0, 13, 38, 32, 33, 19, 21, 26, 29, 25, 42, 21, 28, 33, 23, 29, 27, 19, 30, 37, 22, 22, 30, 32, 24, 37, 33, 25, 32]"
2199,87,2332800,B_,0.003,0.75,180,0.9,14,11,32,0.13,"[12, 33, 30, 30, 31, 33, 28, 29, 33, 27, 28, 31, 23, 32, 34, 35, 22, 27, 20, 31, 26, 24, 31, 34, 13, 34, 31, 37, 38, 30]"
2197,87,2332800,B_,0.003,0.75,180,0.9,14,11,32,0.12,"[3, 11, 26, 30, 30, 30, 16, 17, 32, 21, 28, 33, 24, 26, 36, 30, 36, 23, 22, 25, 26, 24, 28, 31, 22, 28, 28, 28, 17, 23]"
2209,88,2332800,B_,0.003,0.75,180,0.9,14,11,32,0.055,"[0, 0, 0, 0, 2, 1, 0, 0, 0, 0, 1, 3, 0, 0, 0, 0, 0, 0, 0, 0, 0, 0, 0, 0, 2, 4, 3, 4, 7, 7]"
2201,88,2332800,B_,0.003,0.75,180,0.9,14,11,32,0.015,"[0, 0, 0, 0, 0, 0, 0, 0, 0, 0, 0, 0, 0, 0, 0, 0, 0, 0, 0, 0, 0, 0, 0, 0, 0, 0, 0, 0, 0, 0]"
2202,88,2332800,B_,0.003,0.75,180,0.9,14,11,32,0.02,"[0, 0, 0, 0, 0, 0, 0, 0, 0, 0, 0, 0, 0, 0, 0, 0, 0, 0, 0, 0, 0, 0, 0, 0, 0, 0, 0, 0, 0, 0]"
2211,88,2332800,B_,0.003,0.75,180,0.9,14,11,32,0.065,"[0, 0, 3, 8, 5, 7, 0, 1, 5, 5, 7, 9, 0, 1, 5, 4, 7, 9, 0, 0, 0, 0, 1, 4, 3, 0, 3, 3, 1, 1]"
2203,88,2332800,B_,0.003,0.75,180,0.9,14,11,32,0.025,"[0, 0, 0, 0, 0, 0, 0, 0, 0, 0, 0, 0, 0, 0, 0, 0, 0, 0, 1, 0, 0, 0, 0, 1, 0, 0, 0, 0, 0, 0]"
2205,88,2332800,B_,0.003,0.75,180,0.9,14,11,32,0.035,"[0, 0, 0, 0, 0, 0, 0, 0, 0, 0, 0, 0, 0, 0, 0, 0, 0, 0, 0, 0, 0, 0, 0, 0, 0, 0, 0, 0, 0, 0]"
2204,88,2332800,B_,0.003,0.75,180,0.9,14,11,32,0.03,"[0, 0, 0, 0, 0, 0, 0, 0, 0, 0, 0, 0, 0, 0, 0, 0, 0, 0, 1, 1, 1, 0, 2, 2, 0, 0, 0, 1, 0, 2]"
2206,88,2332800,B_,0.003,0.75,180,0.9,14,11,32,0.04,"[0, 0, 0, 0, 0, 0, 0, 0, 0, 0, 0, 0, 0, 0, 0, 0, 0, 1, 0, 0, 0, 1, 0, 2, 0, 0, 1, 1, 0, 0]"
2207,88,2332800,B_,0.003,0.75,180,0.9,14,11,32,0.045,"[0, 0, 0, 0, 0, 0, 0, 0, 0, 0, 0, 0, 0, 0, 0, 0, 0, 0, 0, 0, 0, 0, 0, 0, 0, 0, 0, 0, 0, 2]"
2208,88,2332800,B_,0.003,0.75,180,0.9,14,11,32,0.05,"[0, 0, 0, 1, 2, 2, 0, 0, 2, 1, 4, 4, 0, 1, 1, 3, 1, 4, 0, 0, 0, 0, 0, 0, 1, 0, 0, 5, 3, 3]"
2210,88,2332800,B_,0.003,0.75,180,0.9,14,11,32,0.06,"[0, 1, 2, 1, 2, 5, 2, 2, 2, 3, 6, 6, 2, 0, 1, 0, 1, 12, 0, 3, 6, 2, 6, 8, 1, 0, 0, 0, 1, 0]"
2215,88,2332800,B_,0.003,0.75,180,0.9,14,11,32,0.085,"[0, 0, 0, 3, 9, 22, 10, 16, 22, 18, 26, 24, 16, 29, 27, 13, 28, 19, 8, 14, 22, 14, 22, 28, 8, 20, 18, 27, 23, 26]"
2212,88,2332800,B_,0.003,0.75,180,0.9,14,11,32,0.07,"[0, 0, 1, 2, 1, 3, 3, 7, 9, 16, 14, 11, 3, 1, 5, 6, 12, 10, 0, 0, 0, 0, 1, 5, 0, 0, 0, 0, 0, 1]"
2213,88,2332800,B_,0.003,0.75,180,0.9,14,11,32,0.075,"[0, 0, 1, 3, 3, 4, 0, 0, 4, 6, 6, 6, 4, 3, 11, 25, 17, 24, 6, 15, 17, 15, 21, 29, 6, 6, 13, 12, 16, 17]"
2214,88,2332800,B_,0.003,0.75,180,0.9,14,11,32,0.08,"[0, 0, 0, 0, 0, 0, 0, 0, 0, 7, 9, 14, 9, 21, 17, 21, 23, 24, 1, 0, 0, 2, 1, 11, 2, 5, 6, 14, 16, 16]"
2218,88,2332800,B_,0.003,0.75,180,0.9,14,11,32,0.1,"[0, 0, 5, 6, 9, 9, 3, 16, 25, 22, 24, 22, 21, 19, 29, 31, 23, 25, 18, 17, 22, 37, 23, 32, 21, 29, 26, 39, 21, 32]"
2216,88,2332800,B_,0.003,0.75,180,0.9,14,11,32,0.09,"[0, 0, 0, 0, 0, 1, 3, 8, 20, 25, 26, 18, 3, 7, 6, 12, 12, 22, 10, 12, 19, 16, 23, 20, 15, 23, 20, 24, 20, 23]"
2219,88,2332800,B_,0.003,0.75,180,0.9,14,11,32,0.105,"[0, 3, 19, 28, 25, 20, 26, 29, 24, 26, 29, 30, 10, 13, 37, 21, 28, 25, 17, 29, 28, 31, 22, 22, 20, 23, 31, 34, 26, 23]"
2220,88,2332800,B_,0.003,0.75,180,0.9,14,11,32,0.11,"[0, 0, 5, 11, 13, 27, 7, 28, 23, 31, 29, 22, 15, 28, 27, 21, 28, 29, 26, 24, 32, 23, 22, 29, 15, 24, 41, 24, 19, 25]"
2221,88,2332800,B_,0.003,0.75,180,0.9,14,11,32,0.115,"[0, 0, 0, 0, 0, 2, 12, 34, 28, 26, 27, 25, 19, 29, 31, 33, 22, 21, 17, 25, 24, 23, 28, 24, 23, 29, 31, 29, 28, 22]"
2225,89,2332800,B_,0.003,0.75,180,0.9,14,11,32,0.01,"[0, 0, 0, 0, 0, 0, 0, 0, 0, 0, 0, 0, 0, 0, 0, 0, 0, 0, 0, 0, 0, 0, 0, 0, 0, 0, 0, 0, 0, 0]"
2217,88,2332800,B_,0.003,0.75,180,0.9,14,11,32,0.095,"[5, 6, 6, 1, 11, 25, 17, 30, 26, 32, 22, 20, 6, 21, 21, 29, 25, 23, 3, 6, 28, 22, 14, 24, 25, 20, 26, 25, 17, 20]"
2223,88,2332800,B_,0.003,0.75,180,0.9,14,11,32,0.125,"[0, 0, 0, 3, 29, 20, 17, 23, 34, 30, 36, 26, 22, 29, 29, 32, 36, 23, 27, 21, 36, 26, 28, 24, 25, 31, 35, 27, 27, 35]"
2224,88,2332800,B_,0.003,0.75,180,0.9,14,11,32,0.13,"[0, 13, 32, 42, 32, 39, 34, 23, 23, 25, 21, 31, 25, 30, 31, 23, 31, 25, 28, 31, 28, 25, 35, 31, 25, 35, 38, 25, 34, 32]"
2226,89,2332800,B_,0.003,0.75,180,0.9,14,11,32,0.015,"[0, 0, 0, 0, 0, 0, 0, 0, 0, 0, 0, 0, 0, 0, 0, 0, 0, 0, 0, 0, 0, 0, 0, 0, 0, 0, 0, 0, 0, 0]"
2222,88,2332800,B_,0.003,0.75,180,0.9,14,11,32,0.12,"[2, 8, 20, 38, 30, 25, 22, 19, 33, 35, 23, 38, 30, 37, 22, 23, 32, 29, 14, 28, 29, 35, 22, 28, 13, 39, 26, 27, 26, 32]"
2227,89,2332800,B_,0.003,0.75,180,0.9,14,11,32,0.02,"[0, 0, 0, 0, 0, 0, 0, 0, 0, 0, 0, 0, 0, 0, 0, 0, 0, 0, 0, 1, 0, 0, 0, 0, 0, 0, 0, 0, 0, 0]"
2228,89,2332800,B_,0.003,0.75,180,0.9,14,11,32,0.025,"[0, 0, 0, 0, 0, 0, 0, 0, 0, 1, 1, 0, 0, 0, 0, 0, 0, 0, 0, 0, 0, 0, 0, 0, 0, 0, 0, 0, 0, 0]"
2230,89,2332800,B_,0.003,0.75,180,0.9,14,11,32,0.035,"[0, 0, 0, 0, 0, 0, 0, 0, 0, 0, 0, 0, 0, 0, 0, 0, 0, 0, 0, 0, 0, 0, 0, 0, 0, 0, 0, 0, 0, 0]"
2231,89,2332800,B_,0.003,0.75,180,0.9,14,11,32,0.04,"[0, 1, 0, 0, 2, 1, 0, 0, 1, 1, 0, 0, 0, 0, 0, 0, 0, 0, 0, 0, 0, 0, 0, 0, 0, 0, 0, 0, 0, 0]"
2232,89,2332800,B_,0.003,0.75,180,0.9,14,11,32,0.045,"[0, 0, 0, 0, 0, 0, 0, 0, 1, 1, 2, 2, 0, 0, 0, 0, 0, 0, 0, 0, 1, 3, 0, 1, 1, 0, 1, 0, 1, 2]"
2229,89,2332800,B_,0.003,0.75,180,0.9,14,11,32,0.03,"[0, 0, 1, 0, 0, 0, 0, 0, 0, 0, 0, 0, 0, 0, 0, 1, 0, 0, 1, 1, 1, 2, 0, 3, 0, 2, 1, 0, 1, 0]"
2233,89,2332800,B_,0.003,0.75,180,0.9,14,11,32,0.05,"[0, 0, 0, 0, 0, 0, 0, 0, 0, 0, 0, 0, 0, 0, 0, 0, 1, 0, 0, 0, 0, 0, 1, 5, 1, 4, 3, 4, 6, 4]"
2239,89,2332800,B_,0.003,0.75,180,0.9,14,11,32,0.08,"[0, 0, 3, 12, 16, 17, 6, 17, 5, 18, 22, 22, 5, 5, 18, 13, 15, 25, 12, 18, 24, 23, 21, 25, 12, 12, 20, 21, 14, 22]"
2234,89,2332800,B_,0.003,0.75,180,0.9,14,11,32,0.055,"[0, 0, 0, 0, 0, 0, 0, 0, 1, 1, 0, 0, 0, 0, 0, 3, 3, 3, 0, 0, 1, 1, 4, 3, 0, 1, 7, 2, 3, 3]"
2235,89,2332800,B_,0.003,0.75,180,0.9,14,11,32,0.06,"[0, 1, 0, 0, 0, 0, 0, 0, 2, 5, 5, 9, 2, 7, 12, 8, 4, 15, 7, 6, 9, 6, 3, 8, 0, 0, 0, 0, 0, 0]"
2236,89,2332800,B_,0.003,0.75,180,0.9,14,11,32,0.065,"[0, 0, 0, 0, 0, 0, 0, 0, 1, 4, 6, 7, 3, 5, 11, 7, 9, 11, 1, 4, 7, 4, 9, 12, 2, 6, 8, 13, 6, 9]"
2242,89,2332800,B_,0.003,0.75,180,0.9,14,11,32,0.095,"[0, 0, 0, 0, 0, 0, 0, 0, 0, 5, 21, 30, 11, 35, 27, 20, 24, 27, 12, 16, 23, 25, 28, 30, 2, 27, 29, 31, 20, 29]"
2237,89,2332800,B_,0.003,0.75,180,0.9,14,11,32,0.07,"[0, 0, 0, 0, 0, 0, 0, 0, 3, 4, 9, 12, 7, 9, 22, 11, 14, 19, 4, 16, 15, 15, 15, 18, 10, 7, 19, 21, 15, 19]"
2244,89,2332800,B_,0.003,0.75,180,0.9,14,11,32,0.105,"[0, 4, 19, 30, 25, 18, 12, 20, 30, 20, 34, 28, 18, 27, 34, 30, 20, 24, 19, 23, 32, 24, 20, 23, 7, 15, 27, 27, 21, 30]"
2243,89,2332800,B_,0.003,0.75,180,0.9,14,11,32,0.1,"[0, 9, 14, 22, 31, 22, 7, 19, 22, 26, 21, 27, 11, 22, 21, 27, 32, 29, 22, 25, 21, 24, 22, 27, 19, 23, 24, 26, 18, 31]"
2238,89,2332800,B_,0.003,0.75,180,0.9,14,11,32,0.075,"[0, 0, 0, 3, 4, 7, 1, 4, 3, 3, 12, 15, 4, 10, 8, 13, 18, 27, 2, 7, 16, 10, 6, 16, 2, 3, 9, 15, 19, 23]"
2240,89,2332800,B_,0.003,0.75,180,0.9,14,11,32,0.085,"[0, 0, 0, 14, 10, 13, 7, 9, 16, 25, 21, 33, 14, 12, 12, 17, 25, 17, 3, 14, 21, 14, 16, 34, 13, 16, 31, 25, 24, 21]"
2245,89,2332800,B_,0.003,0.75,180,0.9,14,11,32,0.11,"[0, 0, 0, 0, 0, 4, 2, 9, 27, 26, 25, 30, 16, 34, 34, 27, 28, 26, 18, 22, 23, 24, 28, 29, 23, 23, 30, 26, 28, 32]"
2241,89,2332800,B_,0.003,0.75,180,0.9,14,11,32,0.09,"[0, 0, 11, 20, 21, 27, 17, 17, 26, 20, 39, 15, 5, 31, 21, 25, 14, 26, 14, 20, 23, 28, 20, 38, 10, 16, 13, 22, 18, 30]"
2247,89,2332800,B_,0.003,0.75,180,0.9,14,11,32,0.12,"[5, 16, 32, 29, 35, 30, 18, 25, 26, 36, 35, 33, 17, 31, 23, 28, 22, 28, 20, 30, 26, 24, 24, 31, 17, 33, 22, 22, 25, 28]"
2248,89,2332800,B_,0.003,0.75,180,0.9,14,11,32,0.125,"[0, 10, 17, 26, 31, 38, 26, 26, 30, 32, 31, 30, 29, 36, 27, 27, 26, 26, 32, 27, 33, 30, 29, 22, 24, 29, 31, 34, 30, 20]"
2249,89,2332800,B_,0.003,0.75,180,0.9,14,11,32,0.13,"[0, 0, 8, 16, 35, 26, 13, 28, 32, 27, 25, 34, 32, 31, 26, 32, 26, 28, 19, 32, 34, 26, 16, 37, 33, 27, 30, 35, 32, 28]"
2246,89,2332800,B_,0.003,0.75,180,0.9,14,11,32,0.115,"[0, 9, 38, 27, 26, 24, 27, 25, 36, 26, 30, 37, 17, 26, 20, 25, 22, 26, 7, 22, 29, 33, 18, 29, 10, 36, 34, 32, 22, 27]"
2254,90,2332800,B_,0.003,0.75,180,0.9,14,11,32,0.03,"[0, 0, 0, 0, 0, 0, 0, 0, 0, 1, 0, 0, 0, 0, 0, 0, 0, 1, 0, 0, 0, 0, 0, 0, 0, 0, 0, 0, 0, 0]"
2250,90,2332800,B_,0.003,0.75,180,0.9,14,11,32,0.01,"[0, 0, 0, 0, 0, 0, 0, 0, 0, 0, 0, 0, 0, 0, 0, 0, 0, 0, 0, 0, 0, 0, 0, 0, 0, 0, 0, 0, 0, 0]"
2251,90,2332800,B_,0.003,0.75,180,0.9,14,11,32,0.015,"[0, 0, 0, 0, 0, 0, 0, 0, 0, 0, 0, 0, 0, 0, 0, 0, 0, 0, 0, 0, 0, 0, 0, 0, 0, 0, 0, 0, 0, 0]"
2253,90,2332800,B_,0.003,0.75,180,0.9,14,11,32,0.025,"[0, 0, 0, 0, 0, 0, 1, 0, 0, 0, 0, 0, 0, 0, 0, 0, 0, 0, 0, 0, 0, 0, 0, 0, 0, 0, 0, 0, 0, 0]"
2252,90,2332800,B_,0.003,0.75,180,0.9,14,11,32,0.02,"[0, 0, 0, 0, 0, 0, 0, 0, 0, 0, 0, 0, 0, 0, 0, 0, 0, 0, 0, 0, 0, 0, 0, 0, 0, 0, 0, 0, 0, 0]"
2255,90,2332800,B_,0.003,0.75,180,0.9,14,11,32,0.035,"[0, 0, 0, 0, 0, 0, 0, 0, 0, 0, 0, 0, 0, 0, 0, 0, 1, 0, 0, 0, 0, 0, 0, 0, 0, 0, 1, 0, 0, 0]"
2256,90,2332800,B_,0.003,0.75,180,0.9,14,11,32,0.04,"[0, 0, 1, 4, 1, 2, 1, 0, 1, 0, 0, 1, 0, 0, 0, 2, 0, 0, 0, 0, 0, 0, 0, 0, 0, 0, 0, 0, 0, 0]"
2257,90,2332800,B_,0.003,0.75,180,0.9,14,11,32,0.045,"[0, 0, 0, 0, 1, 1, 0, 0, 0, 0, 0, 0, 0, 0, 0, 0, 0, 0, 2, 2, 0, 1, 4, 3, 0, 0, 0, 0, 1, 1]"
2258,90,2332800,B_,0.003,0.75,180,0.9,14,11,32,0.05,"[0, 0, 1, 3, 9, 11, 0, 0, 1, 2, 1, 3, 0, 0, 1, 1, 4, 4, 1, 1, 1, 1, 2, 3, 2, 2, 1, 3, 5, 6]"
2259,90,2332800,B_,0.003,0.75,180,0.9,14,11,32,0.055,"[0, 0, 0, 1, 4, 2, 0, 0, 1, 4, 1, 5, 0, 0, 0, 0, 1, 0, 0, 0, 0, 0, 0, 6, 0, 0, 1, 0, 1, 1]"
2260,90,2332800,B_,0.003,0.75,180,0.9,14,11,32,0.06,"[0, 0, 0, 2, 1, 0, 0, 0, 0, 0, 1, 0, 1, 0, 1, 0, 5, 6, 0, 0, 0, 0, 0, 0, 1, 3, 0, 1, 3, 5]"
2262,90,2332800,B_,0.003,0.75,180,0.9,14,11,32,0.07,"[3, 2, 2, 1, 6, 13, 1, 1, 5, 9, 7, 14, 7, 6, 18, 10, 15, 14, 5, 4, 9, 6, 11, 13, 8, 13, 16, 9, 18, 19]"
2264,90,2332800,B_,0.003,0.75,180,0.9,14,11,32,0.08,"[0, 0, 2, 5, 8, 16, 4, 0, 0, 3, 0, 5, 5, 5, 16, 17, 23, 18, 2, 5, 4, 7, 7, 10, 5, 18, 22, 22, 24, 24]"
2261,90,2332800,B_,0.003,0.75,180,0.9,14,11,32,0.065,"[0, 0, 0, 0, 0, 0, 1, 0, 0, 4, 3, 8, 1, 3, 5, 0, 4, 7, 1, 0, 0, 0, 1, 4, 0, 0, 0, 0, 0, 5]"
2263,90,2332800,B_,0.003,0.75,180,0.9,14,11,32,0.075,"[0, 0, 0, 0, 0, 1, 3, 8, 10, 12, 20, 16, 7, 17, 15, 23, 18, 18, 7, 5, 15, 14, 12, 14, 5, 9, 11, 13, 18, 17]"
2266,90,2332800,B_,0.003,0.75,180,0.9,14,11,32,0.09,"[0, 0, 1, 0, 0, 0, 1, 3, 7, 4, 14, 24, 10, 18, 20, 29, 27, 24, 14, 19, 20, 15, 25, 23, 8, 21, 21, 34, 23, 31]"
2265,90,2332800,B_,0.003,0.75,180,0.9,14,11,32,0.085,"[0, 0, 0, 0, 0, 0, 0, 3, 9, 18, 22, 19, 13, 13, 28, 19, 20, 15, 4, 21, 24, 19, 20, 30, 6, 14, 21, 23, 19, 25]"
2268,90,2332800,B_,0.003,0.75,180,0.9,14,11,32,0.1,"[0, 0, 5, 8, 21, 39, 5, 21, 30, 15, 22, 28, 14, 18, 21, 18, 22, 31, 9, 20, 28, 22, 25, 28, 20, 23, 19, 25, 22, 27]"
2269,90,2332800,B_,0.003,0.75,180,0.9,14,11,32,0.105,"[0, 1, 10, 11, 23, 29, 11, 14, 19, 33, 36, 25, 7, 28, 28, 26, 23, 28, 8, 30, 23, 18, 27, 30, 13, 33, 31, 27, 29, 26]"
2267,90,2332800,B_,0.003,0.75,180,0.9,14,11,32,0.095,"[0, 0, 0, 0, 0, 0, 0, 0, 0, 0, 1, 0, 0, 4, 3, 6, 14, 18, 4, 17, 26, 21, 28, 24, 15, 25, 18, 32, 22, 27]"
2270,90,2332800,B_,0.003,0.75,180,0.9,14,11,32,0.11,"[0, 0, 0, 0, 0, 0, 10, 23, 25, 32, 33, 30, 14, 28, 25, 21, 26, 23, 25, 22, 31, 30, 28, 35, 23, 21, 29, 25, 28, 28]"
2271,90,2332800,B_,0.003,0.75,180,0.9,14,11,32,0.115,"[0, 4, 17, 28, 29, 41, 18, 28, 29, 30, 32, 27, 26, 37, 28, 26, 26, 26, 25, 31, 31, 33, 21, 36, 15, 29, 23, 30, 22, 28]"
2273,90,2332800,B_,0.003,0.75,180,0.9,14,11,32,0.125,"[3, 25, 28, 31, 31, 32, 25, 25, 36, 14, 30, 33, 27, 32, 26, 29, 35, 36, 19, 34, 28, 33, 28, 28, 32, 37, 23, 30, 24, 32]"
2274,90,2332800,B_,0.003,0.75,180,0.9,14,11,32,0.13,"[0, 0, 0, 0, 0, 36, 22, 42, 32, 29, 38, 29, 20, 23, 24, 29, 22, 28, 31, 29, 29, 25, 27, 28, 19, 25, 25, 31, 24, 32]"
2284,91,2332800,B_,0.003,0.75,180,0.9,14,11,32,0.055,"[0, 0, 3, 3, 2, 2, 0, 0, 0, 1, 1, 1, 0, 0, 0, 0, 0, 0, 0, 0, 0, 0, 1, 1, 0, 0, 0, 0, 1, 4]"
2277,91,2332800,B_,0.003,0.75,180,0.9,14,11,32,0.02,"[0, 0, 0, 0, 0, 0, 0, 0, 0, 0, 0, 0, 0, 0, 0, 0, 0, 0, 0, 0, 0, 0, 0, 0, 0, 0, 0, 1, 0, 1]"
2272,90,2332800,B_,0.003,0.75,180,0.9,14,11,32,0.12,"[21, 31, 27, 22, 37, 20, 16, 25, 32, 21, 33, 19, 13, 31, 32, 25, 35, 29, 26, 21, 33, 22, 29, 26, 28, 23, 30, 36, 30, 36]"
2276,91,2332800,B_,0.003,0.75,180,0.9,14,11,32,0.015,"[0, 0, 0, 0, 0, 0, 0, 0, 0, 0, 0, 0, 0, 0, 0, 0, 0, 0, 0, 0, 0, 0, 0, 0, 0, 0, 0, 0, 0, 0]"
2275,91,2332800,B_,0.003,0.75,180,0.9,14,11,32,0.01,"[0, 0, 0, 0, 0, 0, 0, 0, 0, 0, 0, 0, 0, 0, 0, 0, 0, 0, 0, 0, 0, 0, 0, 0, 0, 0, 0, 0, 0, 0]"
2278,91,2332800,B_,0.003,0.75,180,0.9,14,11,32,0.025,"[0, 0, 0, 0, 0, 0, 0, 0, 0, 1, 1, 0, 0, 0, 0, 0, 0, 0, 0, 0, 0, 0, 0, 1, 0, 0, 0, 0, 0, 0]"
2279,91,2332800,B_,0.003,0.75,180,0.9,14,11,32,0.03,"[0, 0, 0, 0, 0, 0, 0, 0, 0, 0, 0, 0, 0, 0, 0, 0, 0, 0, 0, 0, 0, 0, 0, 0, 0, 0, 0, 0, 0, 0]"
2280,91,2332800,B_,0.003,0.75,180,0.9,14,11,32,0.035,"[0, 0, 0, 0, 0, 0, 0, 0, 0, 0, 0, 0, 1, 0, 2, 0, 0, 2, 0, 0, 0, 0, 0, 0, 0, 0, 1, 0, 0, 0]"
2281,91,2332800,B_,0.003,0.75,180,0.9,14,11,32,0.04,"[0, 0, 0, 0, 0, 0, 0, 0, 0, 0, 1, 1, 0, 0, 0, 0, 0, 0, 0, 2, 3, 4, 4, 3, 1, 0, 0, 0, 1, 0]"
2282,91,2332800,B_,0.003,0.75,180,0.9,14,11,32,0.045,"[0, 0, 0, 0, 0, 0, 0, 0, 0, 0, 0, 0, 0, 0, 0, 0, 0, 0, 0, 0, 0, 0, 0, 0, 0, 0, 0, 2, 3, 3]"
2288,91,2332800,B_,0.003,0.75,180,0.9,14,11,32,0.075,"[0, 0, 0, 0, 0, 0, 0, 0, 3, 5, 9, 6, 2, 11, 10, 10, 10, 24, 5, 3, 2, 4, 7, 12, 0, 0, 0, 0, 0, 2]"
2283,91,2332800,B_,0.003,0.75,180,0.9,14,11,32,0.05,"[0, 0, 0, 1, 4, 2, 0, 2, 1, 5, 0, 6, 1, 1, 1, 6, 7, 6, 0, 0, 0, 1, 2, 0, 0, 0, 0, 0, 0, 1]"
2285,91,2332800,B_,0.003,0.75,180,0.9,14,11,32,0.06,"[0, 0, 0, 0, 0, 0, 1, 0, 0, 0, 0, 0, 0, 3, 2, 2, 7, 2, 0, 0, 0, 1, 0, 2, 0, 0, 0, 0, 0, 1]"
2290,91,2332800,B_,0.003,0.75,180,0.9,14,11,32,0.085,"[0, 1, 2, 1, 2, 11, 10, 20, 14, 15, 23, 16, 11, 21, 25, 21, 20, 17, 7, 24, 20, 22, 21, 28, 12, 18, 19, 24, 12, 24]"
2291,91,2332800,B_,0.003,0.75,180,0.9,14,11,32,0.09,"[0, 0, 0, 0, 0, 0, 2, 13, 24, 18, 28, 18, 8, 9, 9, 11, 21, 22, 15, 19, 23, 27, 25, 26, 9, 27, 27, 19, 16, 23]"
2286,91,2332800,B_,0.003,0.75,180,0.9,14,11,32,0.065,"[0, 0, 0, 2, 3, 2, 7, 8, 10, 10, 11, 15, 3, 9, 10, 13, 10, 14, 5, 11, 13, 9, 14, 10, 3, 10, 5, 13, 9, 11]"
2287,91,2332800,B_,0.003,0.75,180,0.9,14,11,32,0.07,"[0, 0, 0, 0, 0, 3, 0, 1, 1, 6, 3, 8, 6, 6, 9, 10, 12, 25, 10, 11, 21, 19, 16, 21, 11, 15, 15, 17, 14, 19]"
2294,91,2332800,B_,0.003,0.75,180,0.9,14,11,32,0.105,"[0, 1, 8, 18, 17, 22, 9, 21, 26, 27, 31, 25, 18, 29, 29, 29, 31, 31, 25, 22, 23, 33, 27, 28, 20, 34, 26, 32, 29, 19]"
2289,91,2332800,B_,0.003,0.75,180,0.9,14,11,32,0.08,"[3, 6, 4, 8, 15, 17, 9, 11, 13, 15, 18, 24, 8, 14, 12, 23, 20, 23, 12, 11, 21, 16, 19, 22, 1, 13, 12, 13, 9, 17]"
2292,91,2332800,B_,0.003,0.75,180,0.9,14,11,32,0.095,"[0, 0, 6, 9, 12, 24, 5, 40, 19, 19, 29, 24, 10, 25, 22, 25, 27, 33, 10, 17, 8, 19, 25, 16, 13, 23, 33, 28, 22, 29]"
2296,91,2332800,B_,0.003,0.75,180,0.9,14,11,32,0.115,"[0, 0, 6, 16, 22, 23, 23, 26, 17, 28, 30, 31, 22, 26, 36, 32, 22, 24, 13, 23, 36, 33, 27, 31, 20, 27, 26, 36, 31, 29]"
2293,91,2332800,B_,0.003,0.75,180,0.9,14,11,32,0.1,"[0, 0, 1, 8, 12, 15, 14, 30, 19, 25, 32, 29, 15, 22, 21, 29, 20, 34, 10, 21, 32, 23, 24, 26, 14, 28, 34, 29, 24, 27]"
2297,91,2332800,B_,0.003,0.75,180,0.9,14,11,32,0.12,"[0, 0, 2, 5, 28, 29, 26, 25, 33, 21, 33, 25, 24, 31, 28, 28, 28, 24, 25, 28, 26, 28, 24, 31, 25, 27, 35, 29, 20, 36]"
2300,92,2332800,B_,0.003,0.75,180,0.9,14,11,32,0.01,"[0, 0, 0, 0, 0, 0, 0, 0, 0, 0, 0, 0, 0, 0, 0, 0, 0, 0, 0, 0, 0, 0, 0, 0, 0, 0, 0, 0, 0, 0]"
2298,91,2332800,B_,0.003,0.75,180,0.9,14,11,32,0.125,"[0, 27, 30, 31, 42, 18, 11, 25, 25, 28, 47, 36, 26, 24, 26, 30, 36, 28, 17, 26, 27, 31, 28, 26, 22, 33, 25, 33, 32, 28]"
2295,91,2332800,B_,0.003,0.75,180,0.9,14,11,32,0.11,"[2, 25, 34, 32, 30, 33, 14, 17, 37, 24, 26, 17, 17, 28, 38, 30, 20, 30, 18, 30, 37, 29, 21, 27, 24, 27, 25, 27, 26, 26]"
2301,92,2332800,B_,0.003,0.75,180,0.9,14,11,32,0.015,"[0, 0, 0, 0, 0, 0, 0, 0, 0, 0, 0, 0, 0, 0, 0, 0, 0, 0, 0, 0, 0, 0, 0, 0, 0, 0, 0, 0, 0, 0]"
2302,92,2332800,B_,0.003,0.75,180,0.9,14,11,32,0.02,"[0, 0, 0, 0, 0, 0, 0, 0, 0, 0, 0, 0, 0, 0, 0, 0, 0, 0, 0, 0, 0, 0, 0, 0, 0, 0, 0, 0, 0, 0]"
2299,91,2332800,B_,0.003,0.75,180,0.9,14,11,32,0.13,"[0, 8, 32, 25, 32, 35, 31, 30, 26, 45, 33, 27, 25, 49, 19, 29, 26, 39, 27, 30, 25, 24, 26, 24, 23, 38, 32, 43, 35, 29]"
2311,92,2332800,B_,0.003,0.75,180,0.9,14,11,32,0.065,"[0, 0, 1, 0, 0, 0, 0, 1, 3, 1, 5, 10, 4, 10, 7, 12, 17, 13, 2, 5, 5, 3, 4, 2, 2, 8, 5, 8, 9, 8]"
2303,92,2332800,B_,0.003,0.75,180,0.9,14,11,32,0.025,"[0, 0, 0, 0, 0, 0, 0, 0, 0, 0, 0, 0, 0, 0, 0, 0, 0, 1, 0, 0, 0, 0, 0, 0, 0, 0, 0, 0, 0, 0]"
2304,92,2332800,B_,0.003,0.75,180,0.9,14,11,32,0.03,"[0, 0, 0, 0, 0, 0, 0, 0, 0, 0, 0, 0, 0, 0, 0, 0, 0, 0, 0, 0, 0, 0, 0, 0, 0, 0, 0, 0, 0, 0]"
2305,92,2332800,B_,0.003,0.75,180,0.9,14,11,32,0.035,"[0, 1, 0, 2, 0, 1, 0, 0, 0, 0, 0, 0, 0, 0, 0, 0, 0, 0, 0, 0, 0, 0, 0, 0, 0, 2, 1, 1, 0, 0]"
2312,92,2332800,B_,0.003,0.75,180,0.9,14,11,32,0.07,"[3, 4, 7, 5, 16, 15, 5, 16, 10, 19, 24, 24, 9, 13, 18, 18, 20, 21, 7, 8, 5, 10, 10, 10, 3, 6, 16, 14, 17, 16]"
2307,92,2332800,B_,0.003,0.75,180,0.9,14,11,32,0.045,"[0, 0, 0, 0, 0, 0, 0, 0, 0, 0, 0, 0, 0, 0, 0, 0, 0, 0, 0, 2, 4, 1, 2, 1, 0, 0, 0, 0, 0, 1]"
2306,92,2332800,B_,0.003,0.75,180,0.9,14,11,32,0.04,"[0, 0, 0, 2, 0, 0, 0, 1, 0, 0, 0, 0, 3, 2, 1, 1, 2, 3, 0, 2, 0, 0, 1, 0, 0, 0, 0, 0, 0, 2]"
2308,92,2332800,B_,0.003,0.75,180,0.9,14,11,32,0.05,"[0, 0, 0, 0, 0, 0, 3, 2, 3, 2, 3, 4, 0, 0, 0, 3, 4, 7, 3, 5, 3, 7, 3, 7, 1, 1, 2, 6, 4, 2]"
2309,92,2332800,B_,0.003,0.75,180,0.9,14,11,32,0.055,"[0, 0, 0, 0, 0, 0, 2, 2, 5, 5, 9, 10, 2, 4, 2, 5, 6, 10, 0, 0, 0, 1, 0, 1, 0, 0, 0, 0, 0, 0]"
2310,92,2332800,B_,0.003,0.75,180,0.9,14,11,32,0.06,"[0, 2, 1, 3, 6, 5, 0, 3, 4, 4, 10, 15, 0, 4, 5, 3, 10, 10, 0, 0, 0, 1, 2, 0, 0, 0, 0, 0, 0, 0]"
2313,92,2332800,B_,0.003,0.75,180,0.9,14,11,32,0.075,"[0, 0, 0, 3, 5, 5, 3, 7, 7, 11, 15, 15, 3, 0, 4, 10, 26, 17, 12, 25, 22, 14, 17, 23, 14, 23, 18, 20, 26, 21]"
2315,92,2332800,B_,0.003,0.75,180,0.9,14,11,32,0.085,"[0, 3, 19, 17, 25, 25, 10, 20, 26, 21, 19, 28, 7, 20, 16, 27, 23, 21, 10, 20, 15, 26, 27, 20, 6, 7, 15, 12, 15, 17]"
2317,92,2332800,B_,0.003,0.75,180,0.9,14,11,32,0.095,"[0, 0, 0, 7, 11, 20, 12, 25, 26, 29, 29, 40, 11, 24, 23, 29, 24, 23, 14, 26, 30, 27, 22, 29, 7, 23, 18, 24, 24, 22]"
2314,92,2332800,B_,0.003,0.75,180,0.9,14,11,32,0.08,"[0, 3, 8, 19, 17, 20, 10, 9, 13, 17, 28, 28, 7, 7, 11, 10, 20, 21, 0, 5, 5, 7, 15, 21, 7, 11, 15, 13, 22, 12]"
2318,92,2332800,B_,0.003,0.75,180,0.9,14,11,32,0.1,"[0, 4, 3, 2, 8, 15, 14, 22, 30, 24, 23, 21, 8, 21, 28, 23, 33, 33, 10, 30, 23, 21, 26, 19, 13, 27, 22, 28, 22, 22]"
2316,92,2332800,B_,0.003,0.75,180,0.9,14,11,32,0.09,"[0, 0, 0, 0, 0, 0, 0, 3, 9, 26, 26, 26, 12, 20, 23, 20, 21, 29, 10, 13, 9, 10, 19, 19, 0, 6, 13, 14, 14, 28]"
2321,92,2332800,B_,0.003,0.75,180,0.9,14,11,32,0.115,"[1, 28, 36, 32, 40, 33, 23, 27, 22, 21, 27, 34, 21, 27, 35, 24, 31, 29, 21, 31, 32, 27, 25, 32, 16, 17, 26, 33, 22, 32]"
2323,92,2332800,B_,0.003,0.75,180,0.9,14,11,32,0.125,"[0, 4, 31, 25, 32, 25, 13, 22, 27, 27, 35, 34, 26, 30, 31, 31, 36, 18, 21, 24, 17, 26, 23, 31, 21, 26, 35, 26, 30, 38]"
2325,93,2332800,B_,0.003,0.75,180,0.9,14,11,32,0.01,"[0, 0, 0, 0, 0, 0, 0, 0, 0, 0, 0, 0, 0, 0, 0, 0, 0, 0, 0, 0, 0, 0, 0, 0, 0, 0, 0, 0, 0, 0]"
2322,92,2332800,B_,0.003,0.75,180,0.9,14,11,32,0.12,"[0, 2, 21, 35, 25, 27, 31, 27, 25, 23, 28, 28, 19, 28, 30, 29, 24, 24, 13, 16, 36, 28, 31, 33, 13, 22, 31, 34, 28, 28]"
2319,92,2332800,B_,0.003,0.75,180,0.9,14,11,32,0.105,"[0, 0, 0, 3, 27, 16, 21, 21, 29, 22, 38, 30, 17, 24, 36, 26, 20, 32, 11, 21, 27, 23, 31, 33, 18, 24, 30, 24, 24, 29]"
2324,92,2332800,B_,0.003,0.75,180,0.9,14,11,32,0.13,"[4, 12, 28, 28, 37, 24, 18, 32, 34, 35, 23, 32, 21, 26, 31, 18, 22, 31, 14, 37, 32, 26, 28, 23, 20, 31, 32, 35, 31, 35]"
2320,92,2332800,B_,0.003,0.75,180,0.9,14,11,32,0.11,"[0, 2, 17, 28, 31, 23, 22, 30, 25, 25, 29, 34, 13, 33, 29, 27, 19, 28, 9, 30, 28, 26, 24, 20, 15, 34, 29, 31, 32, 26]"
2334,93,2332800,B_,0.003,0.75,180,0.9,14,11,32,0.055,"[0, 0, 0, 0, 0, 0, 0, 0, 0, 0, 7, 4, 0, 0, 0, 0, 0, 0, 0, 1, 4, 1, 4, 4, 1, 0, 0, 0, 0, 0]"
2326,93,2332800,B_,0.003,0.75,180,0.9,14,11,32,0.015,"[0, 0, 0, 0, 0, 0, 0, 0, 0, 0, 0, 0, 0, 0, 0, 0, 0, 0, 0, 0, 0, 0, 0, 0, 0, 0, 0, 0, 0, 0]"
2328,93,2332800,B_,0.003,0.75,180,0.9,14,11,32,0.025,"[0, 0, 0, 0, 0, 0, 0, 0, 0, 0, 0, 0, 0, 0, 0, 0, 0, 0, 0, 0, 0, 0, 0, 0, 0, 0, 0, 0, 0, 0]"
2327,93,2332800,B_,0.003,0.75,180,0.9,14,11,32,0.02,"[0, 0, 0, 0, 0, 0, 0, 0, 0, 0, 0, 0, 0, 0, 0, 0, 0, 0, 0, 0, 0, 0, 0, 0, 0, 0, 0, 0, 0, 0]"
2337,93,2332800,B_,0.003,0.75,180,0.9,14,11,32,0.07,"[0, 2, 3, 7, 8, 12, 2, 2, 7, 7, 14, 19, 2, 2, 10, 16, 11, 21, 2, 5, 10, 11, 13, 23, 11, 14, 26, 23, 11, 10]"
2338,93,2332800,B_,0.003,0.75,180,0.9,14,11,32,0.075,"[0, 0, 0, 0, 0, 0, 0, 0, 0, 0, 0, 0, 0, 0, 0, 0, 2, 15, 4, 13, 10, 20, 22, 15, 8, 14, 17, 18, 21, 18]"
2329,93,2332800,B_,0.003,0.75,180,0.9,14,11,32,0.03,"[0, 0, 0, 0, 0, 0, 0, 0, 0, 0, 0, 0, 0, 0, 0, 0, 1, 0, 0, 0, 0, 0, 1, 0, 0, 0, 0, 0, 0, 0]"
2330,93,2332800,B_,0.003,0.75,180,0.9,14,11,32,0.035,"[0, 0, 0, 0, 0, 1, 0, 2, 0, 1, 1, 3, 0, 0, 0, 0, 0, 0, 0, 0, 0, 0, 0, 0, 0, 0, 0, 0, 0, 0]"
2331,93,2332800,B_,0.003,0.75,180,0.9,14,11,32,0.04,"[0, 0, 0, 0, 0, 0, 0, 0, 0, 0, 0, 0, 0, 0, 0, 0, 0, 0, 0, 0, 0, 0, 0, 0, 1, 0, 0, 0, 0, 0]"
2332,93,2332800,B_,0.003,0.75,180,0.9,14,11,32,0.045,"[0, 0, 0, 1, 0, 3, 1, 1, 1, 2, 1, 4, 0, 0, 0, 0, 0, 0, 0, 0, 0, 1, 2, 0, 0, 0, 0, 0, 0, 0]"
2333,93,2332800,B_,0.003,0.75,180,0.9,14,11,32,0.05,"[0, 0, 1, 1, 0, 1, 0, 0, 0, 0, 0, 0, 0, 1, 1, 3, 5, 6, 0, 0, 0, 0, 0, 0, 0, 2, 0, 2, 2, 2]"
2336,93,2332800,B_,0.003,0.75,180,0.9,14,11,32,0.065,"[0, 0, 0, 0, 0, 0, 0, 0, 0, 0, 1, 1, 0, 0, 0, 0, 2, 3, 1, 2, 2, 5, 6, 21, 3, 8, 17, 18, 19, 15]"
2335,93,2332800,B_,0.003,0.75,180,0.9,14,11,32,0.06,"[0, 0, 0, 0, 0, 0, 0, 0, 4, 5, 4, 5, 0, 3, 5, 4, 6, 3, 0, 0, 0, 0, 0, 0, 0, 0, 0, 0, 8, 8]"
2341,93,2332800,B_,0.003,0.75,180,0.9,14,11,32,0.09,"[0, 4, 13, 26, 20, 23, 14, 18, 23, 18, 34, 20, 11, 14, 20, 24, 18, 31, 13, 23, 21, 25, 18, 22, 7, 13, 15, 19, 18, 32]"
2339,93,2332800,B_,0.003,0.75,180,0.9,14,11,32,0.08,"[0, 0, 0, 0, 0, 0, 2, 7, 10, 11, 9, 9, 5, 13, 4, 10, 16, 13, 0, 0, 2, 2, 9, 15, 6, 3, 8, 11, 9, 7]"
2344,93,2332800,B_,0.003,0.75,180,0.9,14,11,32,0.105,"[0, 0, 3, 13, 23, 24, 6, 22, 32, 32, 23, 25, 21, 30, 14, 30, 23, 32, 11, 27, 33, 19, 20, 34, 9, 35, 21, 40, 20, 28]"
2340,93,2332800,B_,0.003,0.75,180,0.9,14,11,32,0.085,"[0, 0, 0, 3, 7, 10, 0, 6, 20, 22, 21, 32, 9, 21, 27, 24, 15, 19, 6, 18, 30, 24, 22, 20, 4, 15, 9, 9, 15, 25]"
2342,93,2332800,B_,0.003,0.75,180,0.9,14,11,32,0.095,"[2, 1, 6, 16, 16, 30, 10, 30, 16, 22, 20, 21, 13, 20, 20, 23, 18, 15, 4, 9, 13, 16, 16, 28, 12, 28, 26, 31, 26, 29]"
2346,93,2332800,B_,0.003,0.75,180,0.9,14,11,32,0.115,"[0, 0, 8, 36, 26, 30, 25, 22, 27, 21, 36, 29, 28, 21, 22, 31, 25, 32, 22, 26, 29, 19, 26, 31, 19, 32, 27, 29, 34, 34]"
2347,93,2332800,B_,0.003,0.75,180,0.9,14,11,32,0.12,"[0, 2, 24, 28, 29, 23, 12, 30, 16, 29, 36, 29, 22, 30, 35, 26, 24, 31, 24, 26, 32, 31, 19, 30, 13, 36, 26, 26, 31, 32]"
2345,93,2332800,B_,0.003,0.75,180,0.9,14,11,32,0.11,"[0, 0, 0, 3, 13, 18, 23, 23, 32, 20, 28, 30, 7, 29, 29, 38, 28, 32, 4, 17, 16, 30, 17, 21, 8, 31, 36, 24, 29, 22]"
2343,93,2332800,B_,0.003,0.75,180,0.9,14,11,32,0.1,"[0, 0, 0, 0, 0, 0, 0, 4, 15, 30, 31, 27, 13, 35, 26, 22, 22, 36, 19, 23, 20, 33, 20, 23, 11, 23, 27, 20, 25, 25]"
2348,93,2332800,B_,0.003,0.75,180,0.9,14,11,32,0.125,"[5, 8, 16, 35, 24, 27, 27, 28, 44, 32, 30, 24, 15, 32, 31, 26, 34, 23, 21, 25, 30, 38, 34, 24, 16, 31, 32, 31, 26, 26]"
2353,94,2332800,B_,0.003,0.75,180,0.9,14,11,32,0.025,"[0, 0, 0, 0, 0, 0, 0, 0, 0, 0, 0, 0, 0, 0, 0, 0, 0, 0, 0, 0, 0, 0, 0, 0, 0, 0, 0, 0, 0, 0]"
2357,94,2332800,B_,0.003,0.75,180,0.9,14,11,32,0.045,"[0, 0, 0, 0, 0, 0, 0, 0, 0, 0, 0, 0, 0, 0, 0, 0, 0, 1, 0, 0, 0, 0, 0, 0, 0, 0, 0, 0, 0, 0]"
2349,93,2332800,B_,0.003,0.75,180,0.9,14,11,32,0.13,"[5, 17, 30, 32, 28, 31, 22, 30, 34, 34, 29, 29, 31, 32, 28, 34, 35, 31, 15, 28, 38, 22, 27, 21, 26, 29, 28, 31, 27, 27]"
2350,94,2332800,B_,0.003,0.75,180,0.9,14,11,32,0.01,"[0, 0, 0, 0, 0, 0, 0, 0, 0, 0, 0, 0, 0, 0, 0, 0, 0, 0, 0, 0, 0, 0, 0, 0, 0, 0, 0, 0, 0, 0]"
2351,94,2332800,B_,0.003,0.75,180,0.9,14,11,32,0.015,"[0, 0, 0, 0, 0, 0, 0, 0, 0, 0, 0, 0, 0, 0, 0, 0, 0, 0, 0, 0, 0, 0, 0, 0, 0, 0, 0, 0, 0, 0]"
2352,94,2332800,B_,0.003,0.75,180,0.9,14,11,32,0.02,"[0, 0, 0, 0, 0, 0, 0, 0, 0, 0, 0, 0, 0, 0, 0, 0, 0, 0, 0, 0, 0, 0, 0, 0, 0, 0, 0, 0, 0, 0]"
2354,94,2332800,B_,0.003,0.75,180,0.9,14,11,32,0.03,"[0, 0, 0, 0, 0, 0, 0, 0, 0, 1, 0, 1, 1, 0, 1, 0, 1, 1, 0, 0, 0, 0, 1, 1, 0, 0, 0, 0, 0, 0]"
2355,94,2332800,B_,0.003,0.75,180,0.9,14,11,32,0.035,"[0, 0, 0, 2, 1, 2, 0, 0, 0, 0, 0, 0, 0, 0, 0, 0, 0, 0, 0, 0, 0, 0, 1, 2, 0, 0, 0, 0, 0, 0]"
2356,94,2332800,B_,0.003,0.75,180,0.9,14,11,32,0.04,"[0, 0, 0, 0, 0, 0, 0, 0, 0, 0, 0, 0, 0, 0, 0, 0, 0, 0, 0, 0, 0, 1, 0, 4, 0, 0, 0, 0, 0, 0]"
2359,94,2332800,B_,0.003,0.75,180,0.9,14,11,32,0.055,"[0, 0, 0, 2, 2, 1, 0, 0, 0, 3, 2, 5, 1, 2, 3, 7, 4, 4, 0, 1, 0, 0, 2, 2, 2, 0, 1, 1, 2, 0]"
2358,94,2332800,B_,0.003,0.75,180,0.9,14,11,32,0.05,"[0, 0, 1, 1, 1, 4, 3, 2, 1, 2, 3, 2, 0, 7, 2, 3, 10, 3, 2, 4, 2, 3, 1, 5, 0, 0, 0, 0, 0, 1]"
2360,94,2332800,B_,0.003,0.75,180,0.9,14,11,32,0.06,"[0, 0, 0, 0, 0, 0, 3, 5, 4, 1, 5, 1, 0, 0, 0, 0, 3, 2, 0, 0, 0, 3, 4, 8, 1, 0, 0, 0, 0, 1]"
2361,94,2332800,B_,0.003,0.75,180,0.9,14,11,32,0.065,"[0, 0, 0, 1, 1, 0, 0, 0, 0, 0, 0, 0, 2, 8, 8, 5, 11, 10, 3, 1, 13, 9, 13, 18, 3, 6, 5, 11, 11, 9]"
2364,94,2332800,B_,0.003,0.75,180,0.9,14,11,32,0.08,"[0, 0, 0, 0, 0, 0, 0, 1, 10, 13, 14, 18, 8, 15, 20, 21, 13, 19, 5, 8, 23, 17, 21, 31, 11, 18, 21, 21, 27, 15]"
2362,94,2332800,B_,0.003,0.75,180,0.9,14,11,32,0.07,"[1, 2, 2, 7, 4, 4, 2, 3, 8, 5, 10, 12, 3, 15, 20, 17, 18, 18, 6, 6, 11, 10, 9, 13, 2, 7, 4, 9, 16, 19]"
2363,94,2332800,B_,0.003,0.75,180,0.9,14,11,32,0.075,"[0, 3, 4, 6, 4, 6, 0, 2, 4, 4, 11, 12, 4, 7, 6, 9, 20, 19, 1, 6, 5, 8, 7, 22, 7, 16, 22, 20, 25, 9]"
2365,94,2332800,B_,0.003,0.75,180,0.9,14,11,32,0.085,"[0, 0, 3, 11, 9, 16, 4, 7, 8, 12, 27, 28, 10, 13, 20, 25, 27, 22, 2, 8, 24, 28, 20, 16, 2, 6, 7, 15, 19, 29]"
2367,94,2332800,B_,0.003,0.75,180,0.9,14,11,32,0.095,"[0, 0, 0, 0, 2, 4, 0, 1, 6, 20, 19, 24, 13, 20, 26, 20, 27, 30, 22, 20, 22, 20, 26, 28, 17, 19, 30, 29, 22, 24]"
2369,94,2332800,B_,0.003,0.75,180,0.9,14,11,32,0.105,"[0, 8, 16, 33, 30, 31, 23, 28, 21, 25, 19, 33, 8, 28, 27, 22, 31, 23, 16, 27, 35, 23, 23, 29, 21, 33, 31, 22, 16, 34]"
2366,94,2332800,B_,0.003,0.75,180,0.9,14,11,32,0.09,"[4, 6, 4, 11, 9, 13, 2, 10, 9, 25, 30, 20, 13, 20, 28, 33, 27, 25, 8, 17, 25, 20, 18, 18, 4, 18, 24, 25, 20, 23]"
2370,94,2332800,B_,0.003,0.75,180,0.9,14,11,32,0.11,"[5, 3, 3, 15, 31, 23, 29, 26, 27, 19, 38, 18, 22, 25, 30, 32, 27, 34, 21, 25, 22, 42, 23, 27, 16, 24, 23, 31, 27, 20]"
2376,95,2332800,B_,0.003,0.75,180,0.9,14,11,32,0.015,"[0, 0, 0, 0, 0, 0, 0, 0, 0, 0, 0, 0, 0, 0, 0, 0, 0, 0, 0, 0, 0, 0, 0, 0, 0, 0, 0, 0, 0, 0]"
2371,94,2332800,B_,0.003,0.75,180,0.9,14,11,32,0.115,"[0, 9, 31, 29, 34, 31, 9, 28, 19, 27, 34, 21, 25, 34, 31, 23, 25, 35, 32, 25, 29, 28, 23, 30, 19, 28, 36, 36, 21, 35]"
2368,94,2332800,B_,0.003,0.75,180,0.9,14,11,32,0.1,"[0, 0, 0, 3, 10, 13, 14, 25, 27, 25, 35, 29, 15, 26, 27, 25, 23, 26, 11, 15, 22, 23, 15, 26, 11, 21, 27, 24, 26, 18]"
2374,94,2332800,B_,0.003,0.75,180,0.9,14,11,32,0.13,"[0, 2, 22, 41, 30, 30, 19, 30, 29, 26, 25, 38, 22, 30, 40, 33, 31, 27, 32, 27, 29, 25, 30, 31, 15, 24, 29, 33, 42, 26]"
2380,95,2332800,B_,0.003,0.75,180,0.9,14,11,32,0.035,"[0, 0, 0, 0, 0, 0, 0, 0, 0, 0, 0, 0, 0, 0, 0, 0, 0, 0, 0, 0, 0, 0, 0, 0, 0, 0, 0, 0, 0, 0]"
2381,95,2332800,B_,0.003,0.75,180,0.9,14,11,32,0.04,"[0, 0, 0, 0, 0, 0, 3, 4, 3, 2, 4, 3, 2, 1, 0, 0, 4, 7, 0, 0, 0, 0, 0, 2, 0, 2, 0, 0, 3, 1]"
2375,95,2332800,B_,0.003,0.75,180,0.9,14,11,32,0.01,"[0, 0, 0, 0, 0, 0, 0, 0, 0, 0, 0, 0, 0, 0, 0, 0, 0, 0, 0, 0, 0, 0, 0, 0, 0, 0, 0, 0, 0, 0]"
2378,95,2332800,B_,0.003,0.75,180,0.9,14,11,32,0.025,"[0, 0, 0, 0, 0, 0, 0, 0, 0, 0, 0, 0, 1, 0, 0, 0, 0, 0, 0, 0, 0, 0, 0, 0, 0, 0, 0, 0, 0, 0]"
2372,94,2332800,B_,0.003,0.75,180,0.9,14,11,32,0.12,"[0, 0, 14, 30, 30, 35, 23, 28, 43, 37, 27, 28, 13, 28, 35, 27, 33, 35, 26, 36, 31, 26, 23, 33, 28, 30, 31, 33, 31, 25]"
2383,95,2332800,B_,0.003,0.75,180,0.9,14,11,32,0.05,"[0, 0, 0, 0, 0, 0, 0, 4, 3, 3, 5, 2, 1, 6, 7, 6, 4, 5, 0, 1, 0, 6, 4, 5, 0, 0, 0, 0, 0, 1]"
2373,94,2332800,B_,0.003,0.75,180,0.9,14,11,32,0.125,"[0, 17, 30, 30, 24, 25, 23, 30, 33, 42, 30, 31, 21, 30, 40, 36, 28, 34, 28, 32, 36, 27, 30, 33, 11, 25, 26, 39, 28, 23]"
2377,95,2332800,B_,0.003,0.75,180,0.9,14,11,32,0.02,"[0, 0, 0, 0, 0, 0, 0, 0, 0, 0, 0, 0, 0, 0, 0, 0, 0, 0, 0, 1, 1, 0, 0, 0, 0, 0, 0, 0, 0, 0]"
2379,95,2332800,B_,0.003,0.75,180,0.9,14,11,32,0.03,"[0, 0, 0, 0, 0, 0, 0, 0, 3, 0, 0, 1, 0, 0, 0, 1, 0, 1, 0, 0, 0, 0, 0, 1, 2, 0, 0, 0, 0, 2]"
2382,95,2332800,B_,0.003,0.75,180,0.9,14,11,32,0.045,"[0, 0, 0, 0, 0, 0, 0, 0, 0, 0, 0, 0, 0, 2, 2, 4, 3, 7, 1, 3, 1, 2, 0, 2, 1, 2, 3, 2, 2, 2]"
2384,95,2332800,B_,0.003,0.75,180,0.9,14,11,32,0.055,"[0, 0, 0, 0, 0, 2, 0, 1, 0, 0, 0, 0, 0, 0, 0, 1, 5, 6, 0, 0, 1, 2, 4, 5, 0, 0, 0, 0, 0, 0]"
2385,95,2332800,B_,0.003,0.75,180,0.9,14,11,32,0.06,"[0, 0, 0, 1, 1, 2, 0, 1, 0, 2, 1, 5, 0, 0, 0, 0, 0, 0, 0, 2, 1, 6, 4, 5, 0, 1, 1, 4, 2, 3]"
2389,95,2332800,B_,0.003,0.75,180,0.9,14,11,32,0.08,"[0, 0, 0, 0, 0, 0, 0, 1, 5, 7, 12, 7, 0, 0, 0, 0, 3, 6, 1, 5, 13, 12, 12, 29, 7, 18, 17, 17, 15, 28]"
2386,95,2332800,B_,0.003,0.75,180,0.9,14,11,32,0.065,"[0, 0, 1, 0, 0, 0, 0, 0, 0, 0, 0, 0, 0, 0, 0, 0, 0, 0, 0, 0, 2, 2, 3, 5, 1, 3, 5, 2, 5, 8]"
2387,95,2332800,B_,0.003,0.75,180,0.9,14,11,32,0.07,"[0, 2, 1, 8, 12, 12, 2, 10, 6, 5, 12, 18, 2, 7, 10, 14, 17, 20, 12, 8, 14, 12, 19, 19, 2, 2, 2, 5, 10, 5]"
2388,95,2332800,B_,0.003,0.75,180,0.9,14,11,32,0.075,"[2, 6, 2, 8, 19, 13, 5, 12, 16, 18, 21, 20, 10, 8, 17, 27, 18, 18, 3, 11, 14, 17, 20, 15, 4, 6, 17, 32, 17, 25]"
2391,95,2332800,B_,0.003,0.75,180,0.9,14,11,32,0.09,"[0, 1, 5, 10, 8, 17, 14, 21, 16, 23, 26, 22, 14, 24, 23, 22, 16, 28, 11, 30, 24, 22, 25, 23, 4, 15, 29, 30, 16, 24]"
2390,95,2332800,B_,0.003,0.75,180,0.9,14,11,32,0.085,"[0, 0, 0, 0, 0, 1, 0, 1, 3, 1, 11, 24, 3, 11, 17, 25, 19, 30, 5, 27, 19, 26, 27, 18, 7, 20, 27, 25, 17, 32]"
2394,95,2332800,B_,0.003,0.75,180,0.9,14,11,32,0.105,"[0, 1, 3, 10, 23, 22, 22, 25, 21, 32, 24, 27, 20, 23, 19, 24, 29, 27, 16, 22, 30, 24, 20, 25, 13, 25, 31, 32, 28, 23]"
2395,95,2332800,B_,0.003,0.75,180,0.9,14,11,32,0.11,"[2, 5, 15, 37, 24, 25, 17, 21, 23, 25, 29, 32, 19, 25, 25, 24, 25, 24, 17, 21, 30, 22, 18, 25, 11, 34, 28, 29, 24, 33]"
2392,95,2332800,B_,0.003,0.75,180,0.9,14,11,32,0.095,"[0, 0, 0, 0, 0, 0, 0, 0, 9, 10, 26, 29, 10, 24, 22, 24, 13, 30, 12, 22, 30, 27, 19, 16, 7, 25, 20, 28, 18, 25]"
2398,95,2332800,B_,0.003,0.75,180,0.9,14,11,32,0.125,"[2, 5, 36, 24, 30, 27, 20, 28, 28, 26, 35, 28, 22, 28, 26, 27, 21, 27, 25, 37, 26, 24, 25, 33, 32, 29, 44, 27, 32, 18]"
2400,96,2332800,B_,0.003,0.75,180,0.9,14,11,32,0.01,"[0, 0, 0, 0, 0, 0, 0, 0, 0, 0, 0, 0, 0, 0, 0, 0, 0, 0, 0, 0, 0, 0, 0, 0, 0, 0, 0, 0, 0, 0]"
2393,95,2332800,B_,0.003,0.75,180,0.9,14,11,32,0.1,"[0, 0, 5, 5, 13, 25, 15, 25, 20, 21, 27, 26, 12, 28, 24, 21, 23, 29, 17, 26, 28, 27, 20, 32, 30, 13, 27, 33, 15, 22]"
2396,95,2332800,B_,0.003,0.75,180,0.9,14,11,32,0.115,"[0, 0, 19, 22, 29, 24, 25, 23, 37, 24, 23, 32, 23, 27, 32, 28, 28, 31, 23, 36, 27, 30, 24, 33, 8, 33, 34, 30, 27, 35]"
2399,95,2332800,B_,0.003,0.75,180,0.9,14,11,32,0.13,"[5, 40, 23, 20, 31, 25, 25, 25, 25, 26, 34, 24, 26, 32, 30, 26, 31, 28, 31, 23, 35, 34, 27, 33, 31, 38, 36, 37, 27, 27]"
2397,95,2332800,B_,0.003,0.75,180,0.9,14,11,32,0.12,"[9, 15, 33, 26, 39, 30, 20, 37, 37, 33, 29, 26, 23, 37, 27, 23, 19, 26, 24, 23, 36, 26, 17, 34, 25, 23, 29, 33, 31, 35]"
2401,96,2332800,B_,0.003,0.75,180,0.9,14,11,32,0.015,"[0, 0, 0, 0, 0, 0, 0, 0, 0, 0, 0, 0, 0, 0, 0, 0, 0, 0, 0, 0, 0, 0, 0, 0, 0, 0, 0, 0, 0, 0]"
2402,96,2332800,B_,0.003,0.75,180,0.9,14,11,32,0.02,"[0, 0, 0, 0, 0, 0, 0, 0, 0, 0, 0, 0, 0, 0, 0, 0, 0, 0, 0, 0, 0, 0, 0, 0, 0, 0, 0, 0, 0, 0]"
2403,96,2332800,B_,0.003,0.75,180,0.9,14,11,32,0.025,"[0, 0, 0, 0, 0, 0, 0, 0, 0, 0, 0, 0, 0, 0, 0, 0, 0, 0, 0, 0, 0, 0, 0, 0, 0, 1, 0, 0, 0, 0]"
2404,96,2332800,B_,0.003,0.75,180,0.9,14,11,32,0.03,"[0, 0, 0, 0, 0, 0, 0, 0, 0, 0, 0, 0, 0, 0, 1, 0, 0, 2, 0, 2, 0, 0, 0, 1, 0, 0, 0, 0, 0, 0]"
2405,96,2332800,B_,0.003,0.75,180,0.9,14,11,32,0.035,"[0, 0, 0, 0, 0, 0, 0, 0, 1, 2, 1, 1, 0, 0, 0, 0, 0, 0, 0, 0, 0, 0, 0, 0, 0, 0, 0, 0, 0, 2]"
2406,96,2332800,B_,0.003,0.75,180,0.9,14,11,32,0.04,"[0, 0, 1, 0, 1, 1, 0, 0, 1, 0, 1, 0, 0, 0, 0, 0, 0, 0, 0, 0, 0, 2, 1, 1, 1, 1, 3, 2, 2, 0]"
2407,96,2332800,B_,0.003,0.75,180,0.9,14,11,32,0.045,"[0, 0, 1, 0, 0, 0, 0, 0, 0, 0, 0, 0, 1, 1, 0, 0, 0, 1, 0, 0, 0, 0, 0, 0, 0, 0, 0, 0, 0, 1]"
2412,96,2332800,B_,0.003,0.75,180,0.9,14,11,32,0.07,"[0, 0, 0, 0, 0, 2, 2, 3, 8, 4, 15, 16, 5, 13, 16, 20, 17, 19, 3, 5, 12, 15, 15, 20, 3, 5, 17, 15, 16, 15]"
2408,96,2332800,B_,0.003,0.75,180,0.9,14,11,32,0.05,"[0, 0, 0, 0, 0, 0, 0, 0, 0, 1, 0, 0, 2, 0, 1, 2, 2, 1, 0, 0, 0, 0, 0, 0, 1, 0, 1, 0, 3, 4]"
2409,96,2332800,B_,0.003,0.75,180,0.9,14,11,32,0.055,"[0, 0, 0, 0, 0, 0, 2, 10, 11, 7, 13, 12, 0, 0, 0, 1, 0, 4, 0, 2, 5, 10, 6, 8, 0, 0, 0, 0, 0, 0]"
2415,96,2332800,B_,0.003,0.75,180,0.9,14,11,32,0.085,"[1, 2, 2, 9, 12, 12, 0, 1, 0, 3, 7, 17, 0, 4, 3, 5, 4, 17, 8, 10, 10, 26, 21, 27, 12, 17, 21, 32, 23, 28]"
2410,96,2332800,B_,0.003,0.75,180,0.9,14,11,32,0.06,"[0, 0, 0, 0, 0, 2, 0, 2, 3, 0, 1, 1, 3, 3, 7, 8, 11, 11, 3, 4, 5, 9, 3, 4, 0, 3, 5, 15, 9, 9]"
2411,96,2332800,B_,0.003,0.75,180,0.9,14,11,32,0.065,"[0, 4, 1, 9, 13, 22, 5, 15, 10, 11, 13, 15, 7, 6, 4, 6, 10, 15, 2, 8, 8, 10, 14, 16, 2, 3, 8, 14, 15, 13]"
2416,96,2332800,B_,0.003,0.75,180,0.9,14,11,32,0.09,"[0, 0, 0, 0, 0, 1, 0, 0, 6, 12, 34, 26, 8, 27, 18, 23, 27, 22, 4, 15, 13, 26, 15, 17, 8, 2, 5, 2, 3, 12]"
2413,96,2332800,B_,0.003,0.75,180,0.9,14,11,32,0.075,"[0, 2, 3, 7, 9, 10, 0, 0, 1, 6, 11, 14, 6, 17, 17, 22, 16, 24, 3, 9, 13, 4, 16, 19, 6, 10, 14, 13, 12, 19]"
2414,96,2332800,B_,0.003,0.75,180,0.9,14,11,32,0.08,"[0, 0, 0, 1, 0, 3, 2, 1, 2, 2, 18, 15, 2, 8, 11, 14, 17, 13, 0, 16, 15, 19, 26, 23, 4, 11, 15, 14, 16, 23]"
2417,96,2332800,B_,0.003,0.75,180,0.9,14,11,32,0.095,"[1, 6, 8, 26, 28, 25, 23, 29, 19, 37, 25, 23, 6, 25, 23, 25, 27, 18, 15, 18, 28, 24, 11, 24, 13, 21, 32, 21, 21, 30]"
2419,96,2332800,B_,0.003,0.75,180,0.9,14,11,32,0.105,"[0, 6, 26, 27, 34, 19, 18, 26, 23, 20, 38, 23, 12, 29, 21, 22, 22, 31, 9, 20, 27, 19, 18, 30, 25, 24, 32, 28, 18, 34]"
2420,96,2332800,B_,0.003,0.75,180,0.9,14,11,32,0.11,"[0, 5, 19, 28, 20, 27, 26, 37, 18, 19, 29, 37, 9, 20, 31, 26, 18, 24, 11, 26, 25, 37, 27, 30, 20, 25, 30, 20, 32, 29]"
2425,97,2332800,B_,0.003,0.75,180,0.9,14,11,32,0.01,"[0, 0, 0, 0, 0, 0, 0, 0, 0, 0, 0, 0, 0, 0, 0, 0, 0, 0, 0, 0, 0, 0, 0, 0, 0, 0, 0, 0, 0, 0]"
2421,96,2332800,B_,0.003,0.75,180,0.9,14,11,32,0.115,"[0, 0, 5, 16, 28, 26, 19, 23, 28, 23, 34, 30, 16, 40, 32, 24, 34, 26, 8, 11, 37, 18, 24, 30, 19, 34, 28, 28, 27, 31]"
2418,96,2332800,B_,0.003,0.75,180,0.9,14,11,32,0.1,"[0, 0, 1, 0, 0, 0, 12, 19, 31, 24, 25, 36, 17, 29, 27, 29, 21, 31, 14, 20, 20, 30, 16, 30, 10, 33, 26, 19, 29, 26]"
2423,96,2332800,B_,0.003,0.75,180,0.9,14,11,32,0.125,"[6, 24, 37, 36, 27, 28, 19, 29, 42, 23, 38, 34, 21, 27, 27, 41, 37, 28, 23, 26, 43, 30, 23, 28, 26, 25, 25, 32, 27, 24]"
2424,96,2332800,B_,0.003,0.75,180,0.9,14,11,32,0.13,"[0, 8, 37, 27, 24, 27, 18, 30, 31, 28, 27, 32, 24, 31, 27, 32, 28, 37, 21, 26, 33, 27, 19, 34, 19, 25, 34, 22, 32, 24]"
2429,97,2332800,B_,0.003,0.75,180,0.9,14,11,32,0.03,"[0, 0, 0, 0, 0, 0, 0, 0, 1, 1, 1, 0, 0, 0, 0, 0, 0, 0, 0, 0, 0, 0, 0, 0, 0, 0, 0, 0, 0, 0]"
2426,97,2332800,B_,0.003,0.75,180,0.9,14,11,32,0.015,"[0, 0, 0, 0, 0, 0, 0, 0, 0, 0, 0, 0, 0, 0, 0, 0, 0, 0, 0, 0, 0, 0, 0, 0, 0, 0, 0, 0, 0, 0]"
2427,97,2332800,B_,0.003,0.75,180,0.9,14,11,32,0.02,"[0, 0, 0, 0, 0, 0, 0, 0, 1, 0, 0, 0, 0, 0, 0, 0, 0, 0, 0, 0, 0, 0, 0, 0, 0, 0, 0, 0, 0, 0]"
2436,97,2332800,B_,0.003,0.75,180,0.9,14,11,32,0.065,"[0, 0, 0, 6, 3, 3, 1, 3, 4, 9, 5, 4, 3, 1, 4, 3, 3, 6, 1, 5, 5, 6, 10, 11, 2, 0, 0, 0, 3, 5]"
2422,96,2332800,B_,0.003,0.75,180,0.9,14,11,32,0.12,"[18, 21, 28, 29, 23, 27, 16, 21, 36, 31, 41, 29, 28, 29, 29, 31, 24, 20, 22, 21, 33, 38, 22, 26, 23, 27, 33, 33, 30, 35]"
2428,97,2332800,B_,0.003,0.75,180,0.9,14,11,32,0.025,"[0, 0, 0, 0, 0, 0, 0, 0, 0, 0, 0, 0, 0, 0, 0, 0, 0, 0, 0, 0, 0, 0, 0, 0, 0, 0, 0, 0, 0, 0]"
2430,97,2332800,B_,0.003,0.75,180,0.9,14,11,32,0.035,"[0, 0, 0, 0, 0, 0, 0, 0, 0, 0, 0, 0, 0, 0, 0, 0, 0, 0, 0, 0, 0, 1, 0, 0, 0, 0, 0, 0, 0, 0]"
2431,97,2332800,B_,0.003,0.75,180,0.9,14,11,32,0.04,"[0, 0, 0, 0, 0, 0, 0, 0, 2, 0, 0, 0, 0, 0, 1, 2, 1, 2, 0, 0, 0, 0, 1, 0, 1, 1, 3, 0, 4, 3]"
2432,97,2332800,B_,0.003,0.75,180,0.9,14,11,32,0.045,"[0, 0, 0, 0, 2, 3, 0, 0, 1, 0, 4, 2, 0, 0, 0, 0, 0, 1, 0, 0, 0, 0, 0, 0, 0, 0, 0, 0, 1, 0]"
2433,97,2332800,B_,0.003,0.75,180,0.9,14,11,32,0.05,"[0, 0, 0, 0, 0, 0, 0, 0, 3, 2, 1, 1, 0, 1, 2, 4, 3, 1, 2, 2, 2, 2, 9, 5, 1, 1, 0, 1, 3, 1]"
2434,97,2332800,B_,0.003,0.75,180,0.9,14,11,32,0.055,"[0, 0, 2, 5, 4, 5, 0, 1, 0, 0, 1, 2, 0, 0, 0, 0, 1, 5, 1, 3, 7, 7, 6, 7, 0, 1, 6, 5, 3, 4]"
2437,97,2332800,B_,0.003,0.75,180,0.9,14,11,32,0.07,"[0, 0, 3, 10, 16, 13, 0, 12, 3, 11, 13, 13, 3, 2, 1, 4, 5, 8, 4, 3, 3, 4, 7, 11, 5, 8, 15, 11, 10, 12]"
2435,97,2332800,B_,0.003,0.75,180,0.9,14,11,32,0.06,"[0, 0, 3, 3, 3, 5, 0, 3, 6, 13, 20, 16, 3, 12, 13, 11, 11, 15, 0, 0, 0, 5, 2, 11, 7, 7, 10, 17, 13, 20]"
2440,97,2332800,B_,0.003,0.75,180,0.9,14,11,32,0.085,"[0, 5, 18, 27, 17, 28, 3, 12, 23, 27, 27, 27, 2, 11, 21, 20, 18, 27, 0, 0, 0, 0, 0, 2, 0, 0, 0, 0, 0, 3]"
2438,97,2332800,B_,0.003,0.75,180,0.9,14,11,32,0.075,"[0, 0, 2, 4, 11, 8, 0, 2, 11, 16, 17, 20, 2, 10, 11, 13, 11, 18, 6, 12, 3, 7, 7, 11, 4, 6, 9, 8, 14, 11]"
2442,97,2332800,B_,0.003,0.75,180,0.9,14,11,32,0.095,"[0, 17, 13, 17, 23, 29, 19, 26, 17, 24, 21, 25, 7, 26, 23, 24, 23, 31, 3, 14, 25, 30, 24, 22, 9, 10, 27, 23, 29, 17]"
2439,97,2332800,B_,0.003,0.75,180,0.9,14,11,32,0.08,"[5, 5, 4, 7, 8, 8, 3, 3, 10, 14, 12, 15, 3, 9, 23, 19, 21, 20, 0, 2, 3, 3, 4, 2, 3, 8, 6, 12, 11, 16]"
2443,97,2332800,B_,0.003,0.75,180,0.9,14,11,32,0.1,"[0, 0, 9, 21, 19, 24, 16, 18, 24, 35, 31, 33, 11, 27, 21, 25, 23, 31, 6, 30, 19, 19, 23, 25, 23, 20, 24, 22, 33, 27]"
2441,97,2332800,B_,0.003,0.75,180,0.9,14,11,32,0.09,"[0, 0, 0, 0, 0, 0, 4, 14, 14, 24, 19, 29, 15, 24, 26, 25, 21, 27, 8, 12, 20, 21, 25, 21, 0, 0, 0, 0, 1, 0]"
2445,97,2332800,B_,0.003,0.75,180,0.9,14,11,32,0.11,"[0, 0, 2, 14, 35, 29, 17, 18, 29, 32, 34, 36, 12, 24, 29, 23, 25, 20, 11, 30, 27, 23, 22, 23, 6, 29, 22, 27, 18, 20]"
2446,97,2332800,B_,0.003,0.75,180,0.9,14,11,32,0.115,"[1, 3, 17, 21, 33, 34, 26, 27, 30, 16, 28, 26, 24, 27, 27, 32, 30, 29, 17, 28, 24, 36, 20, 32, 16, 35, 28, 30, 24, 28]"
2449,97,2332800,B_,0.003,0.75,180,0.9,14,11,32,0.13,"[6, 11, 30, 30, 32, 26, 14, 29, 29, 29, 32, 27, 24, 22, 33, 31, 34, 29, 23, 28, 34, 19, 25, 34, 24, 30, 29, 33, 28, 25]"
2444,97,2332800,B_,0.003,0.75,180,0.9,14,11,32,0.105,"[0, 12, 19, 24, 31, 29, 20, 22, 30, 22, 32, 26, 18, 29, 23, 19, 24, 20, 8, 21, 24, 23, 26, 27, 20, 25, 28, 28, 28, 24]"
2450,98,2332800,B_,0.003,0.75,180,0.9,14,11,32,0.01,"[0, 0, 0, 0, 0, 0, 0, 0, 0, 0, 0, 0, 0, 0, 0, 0, 0, 0, 0, 0, 0, 0, 0, 0, 0, 0, 0, 0, 0, 0]"
2447,97,2332800,B_,0.003,0.75,180,0.9,14,11,32,0.12,"[0, 0, 0, 0, 0, 2, 2, 20, 35, 25, 31, 31, 26, 36, 27, 23, 31, 25, 28, 28, 30, 24, 25, 34, 20, 28, 31, 30, 33, 24]"
2451,98,2332800,B_,0.003,0.75,180,0.9,14,11,32,0.015,"[0, 0, 0, 0, 0, 0, 0, 0, 0, 0, 0, 0, 0, 0, 0, 0, 0, 0, 0, 0, 1, 0, 0, 1, 0, 0, 0, 0, 0, 0]"
2458,98,2332800,B_,0.003,0.75,180,0.9,14,11,32,0.05,"[0, 0, 0, 0, 0, 0, 0, 0, 0, 0, 1, 1, 0, 2, 2, 1, 2, 4, 1, 0, 1, 3, 3, 9, 0, 0, 0, 0, 0, 0]"
2448,97,2332800,B_,0.003,0.75,180,0.9,14,11,32,0.125,"[0, 5, 15, 30, 30, 31, 17, 31, 23, 25, 35, 39, 21, 34, 37, 35, 26, 32, 13, 30, 34, 29, 35, 30, 22, 20, 30, 35, 28, 30]"
2452,98,2332800,B_,0.003,0.75,180,0.9,14,11,32,0.02,"[0, 0, 0, 0, 0, 0, 0, 0, 0, 0, 0, 0, 0, 0, 0, 0, 0, 0, 0, 0, 0, 0, 0, 0, 0, 0, 0, 0, 0, 0]"
2453,98,2332800,B_,0.003,0.75,180,0.9,14,11,32,0.025,"[0, 0, 0, 0, 0, 0, 0, 0, 0, 0, 0, 0, 0, 0, 0, 0, 0, 0, 0, 1, 0, 0, 0, 0, 0, 0, 0, 0, 0, 0]"
2454,98,2332800,B_,0.003,0.75,180,0.9,14,11,32,0.03,"[0, 0, 0, 0, 0, 0, 0, 0, 0, 0, 0, 0, 0, 0, 0, 0, 0, 0, 0, 0, 0, 0, 0, 0, 0, 0, 0, 0, 0, 0]"
2461,98,2332800,B_,0.003,0.75,180,0.9,14,11,32,0.065,"[0, 0, 0, 0, 0, 0, 0, 0, 4, 4, 2, 1, 3, 5, 15, 14, 8, 13, 0, 0, 0, 0, 3, 6, 3, 10, 10, 12, 16, 18]"
2457,98,2332800,B_,0.003,0.75,180,0.9,14,11,32,0.045,"[0, 0, 0, 0, 0, 0, 2, 2, 3, 2, 7, 7, 5, 5, 0, 3, 9, 3, 0, 3, 0, 4, 0, 4, 0, 0, 0, 0, 0, 0]"
2455,98,2332800,B_,0.003,0.75,180,0.9,14,11,32,0.035,"[0, 0, 0, 0, 0, 0, 0, 0, 0, 0, 0, 1, 0, 0, 0, 0, 0, 0, 0, 0, 0, 0, 0, 2, 0, 1, 1, 3, 0, 4]"
2456,98,2332800,B_,0.003,0.75,180,0.9,14,11,32,0.04,"[0, 0, 0, 0, 0, 0, 0, 0, 0, 0, 0, 0, 0, 0, 0, 0, 0, 0, 0, 0, 0, 0, 0, 0, 0, 0, 0, 2, 1, 1]"
2459,98,2332800,B_,0.003,0.75,180,0.9,14,11,32,0.055,"[0, 2, 0, 1, 0, 0, 0, 0, 1, 4, 4, 5, 0, 1, 2, 1, 3, 2, 0, 0, 2, 4, 1, 0, 0, 0, 0, 1, 0, 1]"
2463,98,2332800,B_,0.003,0.75,180,0.9,14,11,32,0.075,"[0, 2, 4, 4, 10, 8, 3, 7, 7, 20, 17, 22, 4, 16, 22, 23, 14, 18, 4, 14, 23, 13, 19, 22, 4, 13, 25, 28, 21, 26]"
2462,98,2332800,B_,0.003,0.75,180,0.9,14,11,32,0.07,"[0, 0, 0, 1, 0, 0, 0, 1, 3, 3, 3, 14, 5, 11, 17, 21, 12, 19, 2, 13, 13, 9, 23, 23, 1, 6, 20, 15, 15, 14]"
2464,98,2332800,B_,0.003,0.75,180,0.9,14,11,32,0.08,"[4, 5, 3, 2, 3, 6, 4, 8, 10, 7, 9, 10, 3, 8, 18, 29, 23, 20, 3, 10, 16, 19, 16, 21, 6, 5, 12, 9, 5, 6]"
2460,98,2332800,B_,0.003,0.75,180,0.9,14,11,32,0.06,"[0, 1, 2, 3, 2, 3, 0, 3, 6, 2, 5, 6, 0, 0, 0, 0, 0, 0, 0, 0, 0, 1, 2, 6, 7, 7, 5, 10, 11, 14]"
2465,98,2332800,B_,0.003,0.75,180,0.9,14,11,32,0.085,"[0, 0, 0, 0, 0, 1, 3, 6, 9, 11, 20, 18, 25, 14, 32, 24, 15, 29, 10, 11, 17, 17, 16, 25, 3, 11, 17, 17, 22, 26]"
2469,98,2332800,B_,0.003,0.75,180,0.9,14,11,32,0.105,"[0, 5, 7, 20, 24, 30, 8, 23, 25, 23, 30, 29, 16, 18, 20, 22, 29, 26, 15, 31, 30, 22, 29, 25, 13, 33, 31, 26, 30, 28]"
2466,98,2332800,B_,0.003,0.75,180,0.9,14,11,32,0.09,"[0, 1, 10, 14, 16, 19, 10, 17, 29, 24, 17, 27, 7, 15, 23, 12, 25, 19, 4, 8, 8, 12, 25, 22, 15, 13, 27, 33, 29, 24]"
2467,98,2332800,B_,0.003,0.75,180,0.9,14,11,32,0.095,"[0, 0, 0, 0, 0, 3, 0, 0, 0, 1, 10, 18, 21, 19, 28, 22, 21, 33, 20, 25, 28, 27, 24, 28, 7, 21, 28, 22, 26, 20]"
2476,99,2332800,B_,0.003,0.75,180,0.9,14,11,32,0.015,"[0, 0, 0, 0, 0, 0, 0, 1, 0, 0, 0, 0, 0, 0, 0, 0, 0, 0, 0, 0, 0, 0, 0, 0, 0, 0, 0, 0, 0, 0]"
2480,99,2332800,B_,0.003,0.75,180,0.9,14,11,32,0.035,"[0, 0, 0, 0, 0, 1, 0, 0, 0, 0, 0, 0, 0, 0, 0, 0, 0, 0, 0, 2, 0, 0, 0, 1, 0, 0, 0, 0, 0, 0]"
2468,98,2332800,B_,0.003,0.75,180,0.9,14,11,32,0.1,"[0, 0, 0, 0, 0, 4, 0, 13, 24, 26, 22, 27, 21, 44, 26, 27, 21, 27, 16, 27, 19, 25, 16, 25, 9, 26, 26, 16, 28, 25]"
2479,99,2332800,B_,0.003,0.75,180,0.9,14,11,32,0.03,"[0, 0, 0, 0, 0, 0, 0, 0, 0, 1, 1, 0, 2, 0, 1, 2, 2, 2, 1, 0, 0, 0, 0, 0, 0, 0, 0, 0, 0, 0]"
2473,98,2332800,B_,0.003,0.75,180,0.9,14,11,32,0.125,"[1, 23, 23, 25, 23, 17, 13, 33, 20, 26, 28, 24, 22, 26, 34, 29, 27, 40, 20, 30, 29, 33, 23, 29, 29, 23, 29, 34, 24, 39]"
2474,98,2332800,B_,0.003,0.75,180,0.9,14,11,32,0.13,"[4, 14, 36, 31, 29, 31, 29, 23, 34, 22, 24, 29, 31, 29, 29, 36, 33, 36, 28, 25, 28, 33, 23, 35, 18, 41, 31, 31, 31, 28]"
2478,99,2332800,B_,0.003,0.75,180,0.9,14,11,32,0.025,"[0, 0, 0, 0, 0, 0, 0, 0, 0, 0, 0, 0, 0, 0, 0, 0, 0, 0, 0, 1, 0, 0, 0, 0, 0, 0, 0, 0, 0, 0]"
2471,98,2332800,B_,0.003,0.75,180,0.9,14,11,32,0.115,"[0, 3, 4, 31, 28, 23, 12, 27, 22, 26, 26, 29, 16, 31, 33, 30, 20, 30, 17, 23, 28, 21, 24, 21, 29, 25, 28, 29, 29, 34]"
2477,99,2332800,B_,0.003,0.75,180,0.9,14,11,32,0.02,"[0, 0, 0, 0, 0, 0, 0, 1, 0, 0, 1, 0, 0, 0, 0, 0, 0, 0, 0, 0, 0, 0, 0, 0, 0, 0, 0, 0, 0, 0]"
2481,99,2332800,B_,0.003,0.75,180,0.9,14,11,32,0.04,"[0, 0, 0, 0, 0, 0, 0, 0, 3, 6, 7, 3, 3, 2, 4, 3, 5, 4, 0, 3, 4, 8, 4, 7, 0, 1, 1, 3, 2, 4]"
2472,98,2332800,B_,0.003,0.75,180,0.9,14,11,32,0.12,"[0, 0, 0, 0, 0, 7, 15, 27, 36, 30, 35, 20, 26, 24, 28, 23, 29, 33, 28, 29, 30, 32, 20, 27, 26, 29, 30, 32, 30, 26]"
2470,98,2332800,B_,0.003,0.75,180,0.9,14,11,32,0.11,"[0, 7, 29, 23, 25, 38, 22, 26, 21, 31, 33, 28, 14, 22, 31, 24, 27, 23, 10, 35, 26, 24, 17, 31, 16, 38, 41, 33, 24, 30]"
2487,99,2332800,B_,0.003,0.75,180,0.9,14,11,32,0.07,"[0, 0, 1, 0, 0, 0, 1, 0, 0, 2, 5, 6, 0, 0, 0, 0, 12, 13, 3, 7, 8, 13, 21, 21, 6, 4, 8, 5, 10, 17]"
2475,99,2332800,B_,0.003,0.75,180,0.9,14,11,32,0.01,"[0, 0, 0, 0, 0, 0, 0, 0, 0, 0, 0, 0, 0, 0, 0, 0, 0, 0, 0, 0, 0, 0, 0, 0, 0, 0, 0, 0, 0, 0]"
2483,99,2332800,B_,0.003,0.75,180,0.9,14,11,32,0.05,"[0, 0, 0, 0, 0, 0, 0, 0, 0, 0, 0, 1, 0, 0, 0, 1, 1, 2, 0, 0, 0, 0, 1, 1, 0, 0, 0, 0, 0, 2]"
2485,99,2332800,B_,0.003,0.75,180,0.9,14,11,32,0.06,"[0, 1, 0, 0, 0, 0, 0, 0, 0, 1, 1, 2, 0, 0, 0, 5, 1, 10, 0, 0, 0, 0, 2, 5, 4, 1, 9, 9, 3, 8]"
2486,99,2332800,B_,0.003,0.75,180,0.9,14,11,32,0.065,"[0, 0, 3, 6, 8, 6, 6, 12, 5, 14, 16, 20, 2, 8, 7, 15, 10, 16, 9, 10, 11, 10, 15, 23, 11, 8, 7, 11, 14, 17]"
2482,99,2332800,B_,0.003,0.75,180,0.9,14,11,32,0.045,"[0, 0, 0, 0, 0, 1, 0, 1, 0, 2, 3, 1, 0, 1, 6, 2, 3, 6, 0, 1, 1, 1, 0, 3, 0, 0, 0, 0, 0, 0]"
2490,99,2332800,B_,0.003,0.75,180,0.9,14,11,32,0.085,"[0, 1, 0, 0, 0, 0, 0, 5, 11, 11, 30, 18, 20, 20, 26, 27, 16, 21, 8, 23, 23, 20, 20, 19, 8, 22, 29, 31, 26, 18]"
2484,99,2332800,B_,0.003,0.75,180,0.9,14,11,32,0.055,"[0, 0, 0, 0, 0, 0, 0, 0, 0, 0, 0, 0, 0, 0, 0, 0, 2, 4, 4, 3, 0, 3, 2, 4, 0, 1, 1, 0, 0, 1]"
2488,99,2332800,B_,0.003,0.75,180,0.9,14,11,32,0.075,"[0, 0, 4, 4, 6, 10, 0, 4, 8, 10, 8, 8, 5, 6, 15, 12, 6, 14, 20, 11, 16, 21, 18, 24, 5, 8, 12, 22, 17, 14]"
2493,99,2332800,B_,0.003,0.75,180,0.9,14,11,32,0.1,"[1, 5, 13, 15, 20, 25, 24, 20, 30, 19, 23, 32, 22, 21, 29, 26, 27, 27, 8, 27, 29, 34, 18, 28, 8, 22, 31, 29, 23, 30]"
2489,99,2332800,B_,0.003,0.75,180,0.9,14,11,32,0.08,"[0, 0, 2, 5, 4, 6, 0, 0, 0, 1, 6, 7, 1, 0, 0, 0, 6, 8, 5, 9, 18, 24, 13, 31, 1, 21, 28, 20, 18, 18]"
2491,99,2332800,B_,0.003,0.75,180,0.9,14,11,32,0.09,"[0, 0, 1, 6, 16, 17, 5, 6, 24, 15, 22, 28, 15, 27, 24, 18, 24, 26, 10, 31, 29, 21, 23, 22, 8, 28, 25, 24, 29, 28]"
2492,99,2332800,B_,0.003,0.75,180,0.9,14,11,32,0.095,"[3, 7, 11, 14, 18, 22, 17, 20, 31, 24, 29, 24, 12, 21, 27, 25, 16, 22, 6, 11, 29, 26, 16, 32, 17, 23, 27, 24, 27, 31]"
2494,99,2332800,B_,0.003,0.75,180,0.9,14,11,32,0.105,"[0, 0, 0, 0, 0, 0, 13, 17, 34, 23, 34, 27, 17, 31, 27, 29, 21, 23, 31, 17, 26, 25, 34, 29, 19, 22, 27, 33, 28, 28]"
2498,99,2332800,B_,0.003,0.75,180,0.9,14,11,32,0.125,"[0, 26, 28, 32, 32, 28, 24, 36, 34, 34, 29, 30, 27, 19, 32, 26, 32, 38, 19, 27, 25, 31, 23, 25, 24, 34, 29, 33, 18, 35]"
2495,99,2332800,B_,0.003,0.75,180,0.9,14,11,32,0.11,"[0, 3, 9, 40, 23, 28, 15, 28, 29, 25, 35, 23, 36, 35, 31, 27, 24, 38, 12, 34, 29, 23, 20, 23, 25, 29, 34, 26, 25, 20]"
2497,99,2332800,B_,0.003,0.75,180,0.9,14,11,32,0.12,"[3, 5, 20, 33, 31, 28, 20, 23, 21, 21, 32, 22, 21, 32, 34, 30, 19, 20, 23, 28, 27, 23, 22, 30, 26, 32, 33, 31, 33, 32]"
2496,99,2332800,B_,0.003,0.75,180,0.9,14,11,32,0.115,"[0, 0, 18, 22, 31, 30, 29, 18, 32, 27, 30, 24, 21, 31, 28, 25, 29, 32, 11, 23, 26, 36, 26, 29, 14, 26, 28, 36, 34, 34]"
2499,99,2332800,B_,0.003,0.75,180,0.9,14,11,32,0.13,"[0, 13, 23, 31, 28, 31, 31, 30, 33, 28, 27, 29, 19, 31, 27, 36, 29, 39, 24, 24, 26, 34, 23, 31, 25, 35, 32, 31, 26, 26]"
